solid OpenSCAD_Model
  facet normal -0.290251 0.95695 0
    outer loop
      vertex -8.2822 30.9096 0
      vertex -10.2861 30.3018 6
      vertex -8.2822 30.9096 6
    endloop
  endfacet
  facet normal -0.290251 0.95695 0
    outer loop
      vertex -10.2861 30.3018 6
      vertex -8.2822 30.9096 0
      vertex -10.2861 30.3018 0
    endloop
  endfacet
  facet normal 0.471406 -0.881916 0
    outer loop
      vertex 15.4627 -28 0
      vertex 16 -27.7128 6
      vertex 15.4627 -28 6
    endloop
  endfacet
  facet normal 0.471406 -0.881916 0
    outer loop
      vertex 16 -27.7128 6
      vertex 15.4627 -28 0
      vertex 16 -27.7128 0
    endloop
  endfacet
  facet normal -0.773018 0.634384 0
    outer loop
      vertex -25.3873 19.4804 0
      vertex -24.0589 21.0991 6
      vertex -24.0589 21.0991 0
    endloop
  endfacet
  facet normal -0.773018 0.634384 0
    outer loop
      vertex -24.0589 21.0991 6
      vertex -25.3873 19.4804 0
      vertex -25.3873 19.4804 6
    endloop
  endfacet
  facet normal -0.910861 0.412712 0
    outer loop
      vertex -29.5641 12.2459 0
      vertex -28.6999 14.1532 6
      vertex -28.6999 14.1532 0
    endloop
  endfacet
  facet normal -0.910861 0.412712 0
    outer loop
      vertex -28.6999 14.1532 6
      vertex -29.5641 12.2459 0
      vertex -29.5641 12.2459 6
    endloop
  endfacet
  facet normal -0.528083 0.849193 0
    outer loop
      vertex -16 27.7128 0
      vertex -17.7782 26.607 6
      vertex -16 27.7128 6
    endloop
  endfacet
  facet normal -0.528083 0.849193 0
    outer loop
      vertex -17.7782 26.607 6
      vertex -16 27.7128 0
      vertex -17.7782 26.607 0
    endloop
  endfacet
  facet normal -0.881928 0.471384 0
    outer loop
      vertex -28.6999 14.1532 0
      vertex -27.7128 16 6
      vertex -27.7128 16 0
    endloop
  endfacet
  facet normal -0.881928 0.471384 0
    outer loop
      vertex -27.7128 16 6
      vertex -28.6999 14.1532 0
      vertex -28.6999 14.1532 6
    endloop
  endfacet
  facet normal -0.986644 0.162892 0
    outer loop
      vertex -31.7262 4.17683 0
      vertex -31.3851 6.24289 6
      vertex -31.3851 6.24289 0
    endloop
  endfacet
  facet normal -0.986644 0.162892 0
    outer loop
      vertex -31.3851 6.24289 6
      vertex -31.7262 4.17683 0
      vertex -31.7262 4.17683 6
    endloop
  endfacet
  facet normal -0.227076 0.973877 0
    outer loop
      vertex -6.24289 31.3851 0
      vertex -8.2822 30.9096 6
      vertex -6.24289 31.3851 6
    endloop
  endfacet
  facet normal -0.227076 0.973877 0
    outer loop
      vertex -8.2822 30.9096 6
      vertex -6.24289 31.3851 0
      vertex -8.2822 30.9096 0
    endloop
  endfacet
  facet normal 0 -1 0
    outer loop
      vertex -15.4627 -28 0
      vertex 15.4627 -28 6
      vertex -15.4627 -28 6
    endloop
  endfacet
  facet normal 0 -1 -0
    outer loop
      vertex 15.4627 -28 6
      vertex -15.4627 -28 0
      vertex 15.4627 -28 0
    endloop
  endfacet
  facet normal -0.0980412 0.995182 0
    outer loop
      vertex -2.0929 31.9315 0
      vertex -4.17683 31.7262 6
      vertex -2.0929 31.9315 6
    endloop
  endfacet
  facet normal -0.0980412 0.995182 0
    outer loop
      vertex -4.17683 31.7262 6
      vertex -2.0929 31.9315 0
      vertex -4.17683 31.7262 0
    endloop
  endfacet
  facet normal -0.812865 0.582453 0
    outer loop
      vertex -26.607 17.7782 0
      vertex -25.3873 19.4804 6
      vertex -25.3873 19.4804 0
    endloop
  endfacet
  facet normal -0.812865 0.582453 0
    outer loop
      vertex -25.3873 19.4804 6
      vertex -26.607 17.7782 0
      vertex -26.607 17.7782 6
    endloop
  endfacet
  facet normal 0.0327122 0.999465 -0
    outer loop
      vertex 2.0929 31.9315 0
      vertex 0 32 6
      vertex 2.0929 31.9315 6
    endloop
  endfacet
  facet normal 0.0327122 0.999465 0
    outer loop
      vertex 0 32 6
      vertex 2.0929 31.9315 0
      vertex 0 32 0
    endloop
  endfacet
  facet normal -0.935893 -0.352285 0
    outer loop
      vertex -29.5641 -12.2459 0
      vertex -30.3018 -10.2861 6
      vertex -30.3018 -10.2861 0
    endloop
  endfacet
  facet normal -0.935893 -0.352285 0
    outer loop
      vertex -30.3018 -10.2861 6
      vertex -29.5641 -12.2459 0
      vertex -29.5641 -12.2459 6
    endloop
  endfacet
  facet normal -0.881928 -0.471384 0
    outer loop
      vertex -27.7128 -16 0
      vertex -28.6999 -14.1532 6
      vertex -28.6999 -14.1532 0
    endloop
  endfacet
  facet normal -0.881928 -0.471384 0
    outer loop
      vertex -28.6999 -14.1532 6
      vertex -27.7128 -16 0
      vertex -27.7128 -16 6
    endloop
  endfacet
  facet normal -0.995182 -0.0980412 0
    outer loop
      vertex -31.7262 -4.17683 0
      vertex -31.9315 -2.0929 6
      vertex -31.9315 -2.0929 0
    endloop
  endfacet
  facet normal -0.995182 -0.0980412 0
    outer loop
      vertex -31.9315 -2.0929 6
      vertex -31.7262 -4.17683 0
      vertex -31.7262 -4.17683 6
    endloop
  endfacet
  facet normal 0.227076 0.973877 -0
    outer loop
      vertex 8.2822 30.9096 0
      vertex 6.24289 31.3851 6
      vertex 8.2822 30.9096 6
    endloop
  endfacet
  facet normal 0.227076 0.973877 0
    outer loop
      vertex 6.24289 31.3851 6
      vertex 8.2822 30.9096 0
      vertex 6.24289 31.3851 0
    endloop
  endfacet
  facet normal 0.683615 -0.729842 0
    outer loop
      vertex 21.0991 -24.0589 0
      vertex 22.6274 -22.6274 6
      vertex 21.0991 -24.0589 6
    endloop
  endfacet
  facet normal 0.683615 -0.729842 0
    outer loop
      vertex 22.6274 -22.6274 6
      vertex 21.0991 -24.0589 0
      vertex 22.6274 -22.6274 0
    endloop
  endfacet
  facet normal 0.812865 -0.582453 0
    outer loop
      vertex 25.3873 -19.4804 6
      vertex 26.607 -17.7782 0
      vertex 26.607 -17.7782 6
    endloop
  endfacet
  facet normal 0.812865 -0.582453 0
    outer loop
      vertex 26.607 -17.7782 0
      vertex 25.3873 -19.4804 6
      vertex 25.3873 -19.4804 0
    endloop
  endfacet
  facet normal 0.729842 0.683615 0
    outer loop
      vertex 24.0589 21.0991 6
      vertex 22.6274 22.6274 0
      vertex 22.6274 22.6274 6
    endloop
  endfacet
  facet normal 0.729842 0.683615 0
    outer loop
      vertex 22.6274 22.6274 0
      vertex 24.0589 21.0991 6
      vertex 24.0589 21.0991 0
    endloop
  endfacet
  facet normal -0.683615 -0.729842 0
    outer loop
      vertex -22.6274 -22.6274 0
      vertex -21.0991 -24.0589 6
      vertex -22.6274 -22.6274 6
    endloop
  endfacet
  facet normal -0.683615 -0.729842 -0
    outer loop
      vertex -21.0991 -24.0589 6
      vertex -22.6274 -22.6274 0
      vertex -21.0991 -24.0589 0
    endloop
  endfacet
  facet normal 0.910861 -0.412712 0
    outer loop
      vertex 28.6999 -14.1532 6
      vertex 29.5641 -12.2459 0
      vertex 29.5641 -12.2459 6
    endloop
  endfacet
  facet normal 0.910861 -0.412712 0
    outer loop
      vertex 29.5641 -12.2459 0
      vertex 28.6999 -14.1532 6
      vertex 28.6999 -14.1532 0
    endloop
  endfacet
  facet normal 0.773018 0.634384 0
    outer loop
      vertex 25.3873 19.4804 6
      vertex 24.0589 21.0991 0
      vertex 24.0589 21.0991 6
    endloop
  endfacet
  facet normal 0.773018 0.634384 0
    outer loop
      vertex 24.0589 21.0991 0
      vertex 25.3873 19.4804 6
      vertex 25.3873 19.4804 0
    endloop
  endfacet
  facet normal 0.773018 -0.634384 0
    outer loop
      vertex 24.0589 -21.0991 6
      vertex 25.3873 -19.4804 0
      vertex 25.3873 -19.4804 6
    endloop
  endfacet
  facet normal 0.773018 -0.634384 0
    outer loop
      vertex 25.3873 -19.4804 0
      vertex 24.0589 -21.0991 6
      vertex 24.0589 -21.0991 0
    endloop
  endfacet
  facet normal -0.999465 0.0327122 0
    outer loop
      vertex -32 0 0
      vertex -31.9315 2.0929 6
      vertex -31.9315 2.0929 0
    endloop
  endfacet
  facet normal -0.999465 0.0327122 0
    outer loop
      vertex -31.9315 2.0929 6
      vertex -32 0 0
      vertex -32 0 6
    endloop
  endfacet
  facet normal 0.935893 0.352285 0
    outer loop
      vertex 30.3018 10.2861 6
      vertex 29.5641 12.2459 0
      vertex 29.5641 12.2459 6
    endloop
  endfacet
  facet normal 0.935893 0.352285 0
    outer loop
      vertex 29.5641 12.2459 0
      vertex 30.3018 10.2861 6
      vertex 30.3018 10.2861 0
    endloop
  endfacet
  facet normal -0.773018 -0.634384 0
    outer loop
      vertex -24.0589 -21.0991 0
      vertex -25.3873 -19.4804 6
      vertex -25.3873 -19.4804 0
    endloop
  endfacet
  facet normal -0.773018 -0.634384 0
    outer loop
      vertex -25.3873 -19.4804 6
      vertex -24.0589 -21.0991 0
      vertex -24.0589 -21.0991 6
    endloop
  endfacet
  facet normal -0.683615 0.729842 0
    outer loop
      vertex -21.0991 24.0589 0
      vertex -22.6274 22.6274 6
      vertex -21.0991 24.0589 6
    endloop
  endfacet
  facet normal -0.683615 0.729842 0
    outer loop
      vertex -22.6274 22.6274 6
      vertex -21.0991 24.0589 0
      vertex -22.6274 22.6274 0
    endloop
  endfacet
  facet normal -0.729842 -0.683615 0
    outer loop
      vertex -22.6274 -22.6274 0
      vertex -24.0589 -21.0991 6
      vertex -24.0589 -21.0991 0
    endloop
  endfacet
  facet normal -0.729842 -0.683615 0
    outer loop
      vertex -24.0589 -21.0991 6
      vertex -22.6274 -22.6274 0
      vertex -22.6274 -22.6274 6
    endloop
  endfacet
  facet normal -0.634384 -0.773018 0
    outer loop
      vertex -21.0991 -24.0589 0
      vertex -19.4804 -25.3873 6
      vertex -21.0991 -24.0589 6
    endloop
  endfacet
  facet normal -0.634384 -0.773018 -0
    outer loop
      vertex -19.4804 -25.3873 6
      vertex -21.0991 -24.0589 0
      vertex -19.4804 -25.3873 0
    endloop
  endfacet
  facet normal 0.528083 -0.849193 0
    outer loop
      vertex 16 -27.7128 0
      vertex 17.7782 -26.607 6
      vertex 16 -27.7128 6
    endloop
  endfacet
  facet normal 0.528083 -0.849193 0
    outer loop
      vertex 17.7782 -26.607 6
      vertex 16 -27.7128 0
      vertex 17.7782 -26.607 0
    endloop
  endfacet
  facet normal -0.849193 -0.528083 0
    outer loop
      vertex -26.607 -17.7782 0
      vertex -27.7128 -16 6
      vertex -27.7128 -16 0
    endloop
  endfacet
  facet normal -0.849193 -0.528083 0
    outer loop
      vertex -27.7128 -16 6
      vertex -26.607 -17.7782 0
      vertex -26.607 -17.7782 6
    endloop
  endfacet
  facet normal -0.812865 -0.582453 0
    outer loop
      vertex -25.3873 -19.4804 0
      vertex -26.607 -17.7782 6
      vertex -26.607 -17.7782 0
    endloop
  endfacet
  facet normal -0.812865 -0.582453 0
    outer loop
      vertex -26.607 -17.7782 6
      vertex -25.3873 -19.4804 0
      vertex -25.3873 -19.4804 6
    endloop
  endfacet
  facet normal -0.95695 0.290251 0
    outer loop
      vertex -30.9096 8.2822 0
      vertex -30.3018 10.2861 6
      vertex -30.3018 10.2861 0
    endloop
  endfacet
  facet normal -0.95695 0.290251 0
    outer loop
      vertex -30.3018 10.2861 6
      vertex -30.9096 8.2822 0
      vertex -30.9096 8.2822 6
    endloop
  endfacet
  facet normal 0.935893 -0.352285 0
    outer loop
      vertex 29.5641 -12.2459 6
      vertex 30.3018 -10.2861 0
      vertex 30.3018 -10.2861 6
    endloop
  endfacet
  facet normal 0.935893 -0.352285 0
    outer loop
      vertex 30.3018 -10.2861 0
      vertex 29.5641 -12.2459 6
      vertex 29.5641 -12.2459 0
    endloop
  endfacet
  facet normal -0.162892 0.986644 0
    outer loop
      vertex -4.17683 31.7262 0
      vertex -6.24289 31.3851 6
      vertex -4.17683 31.7262 6
    endloop
  endfacet
  facet normal -0.162892 0.986644 0
    outer loop
      vertex -6.24289 31.3851 6
      vertex -4.17683 31.7262 0
      vertex -6.24289 31.3851 0
    endloop
  endfacet
  facet normal -0.582453 0.812865 0
    outer loop
      vertex -17.7782 26.607 0
      vertex -19.4804 25.3873 6
      vertex -17.7782 26.607 6
    endloop
  endfacet
  facet normal -0.582453 0.812865 0
    outer loop
      vertex -19.4804 25.3873 6
      vertex -17.7782 26.607 0
      vertex -19.4804 25.3873 0
    endloop
  endfacet
  facet normal -0.352285 0.935893 0
    outer loop
      vertex -10.2861 30.3018 0
      vertex -12.2459 29.5641 6
      vertex -10.2861 30.3018 6
    endloop
  endfacet
  facet normal -0.352285 0.935893 0
    outer loop
      vertex -12.2459 29.5641 6
      vertex -10.2861 30.3018 0
      vertex -12.2459 29.5641 0
    endloop
  endfacet
  facet normal -0.849193 0.528083 0
    outer loop
      vertex -27.7128 16 0
      vertex -26.607 17.7782 6
      vertex -26.607 17.7782 0
    endloop
  endfacet
  facet normal -0.849193 0.528083 0
    outer loop
      vertex -26.607 17.7782 6
      vertex -27.7128 16 0
      vertex -27.7128 16 6
    endloop
  endfacet
  facet normal 0.986644 -0.162892 0
    outer loop
      vertex 31.3851 -6.24289 6
      vertex 31.7262 -4.17683 0
      vertex 31.7262 -4.17683 6
    endloop
  endfacet
  facet normal 0.986644 -0.162892 0
    outer loop
      vertex 31.7262 -4.17683 0
      vertex 31.3851 -6.24289 6
      vertex 31.3851 -6.24289 0
    endloop
  endfacet
  facet normal 0.973877 -0.227076 0
    outer loop
      vertex 30.9096 -8.2822 6
      vertex 31.3851 -6.24289 0
      vertex 31.3851 -6.24289 6
    endloop
  endfacet
  facet normal 0.973877 -0.227076 0
    outer loop
      vertex 31.3851 -6.24289 0
      vertex 30.9096 -8.2822 6
      vertex 30.9096 -8.2822 0
    endloop
  endfacet
  facet normal -0.0327122 0.999465 0
    outer loop
      vertex 0 32 0
      vertex -2.0929 31.9315 6
      vertex 0 32 6
    endloop
  endfacet
  facet normal -0.0327122 0.999465 0
    outer loop
      vertex -2.0929 31.9315 6
      vertex 0 32 0
      vertex -2.0929 31.9315 0
    endloop
  endfacet
  facet normal 0.881928 -0.471384 0
    outer loop
      vertex 27.7128 -16 6
      vertex 28.6999 -14.1532 0
      vertex 28.6999 -14.1532 6
    endloop
  endfacet
  facet normal 0.881928 -0.471384 0
    outer loop
      vertex 28.6999 -14.1532 0
      vertex 27.7128 -16 6
      vertex 27.7128 -16 0
    endloop
  endfacet
  facet normal -0.995182 0.0980412 0
    outer loop
      vertex -31.9315 2.0929 0
      vertex -31.7262 4.17683 6
      vertex -31.7262 4.17683 0
    endloop
  endfacet
  facet normal -0.995182 0.0980412 0
    outer loop
      vertex -31.7262 4.17683 6
      vertex -31.9315 2.0929 0
      vertex -31.9315 2.0929 6
    endloop
  endfacet
  facet normal 0.582453 0.812865 -0
    outer loop
      vertex 19.4804 25.3873 0
      vertex 17.7782 26.607 6
      vertex 19.4804 25.3873 6
    endloop
  endfacet
  facet normal 0.582453 0.812865 0
    outer loop
      vertex 17.7782 26.607 6
      vertex 19.4804 25.3873 0
      vertex 17.7782 26.607 0
    endloop
  endfacet
  facet normal -0.95695 -0.290251 0
    outer loop
      vertex -30.3018 -10.2861 0
      vertex -30.9096 -8.2822 6
      vertex -30.9096 -8.2822 0
    endloop
  endfacet
  facet normal -0.95695 -0.290251 0
    outer loop
      vertex -30.9096 -8.2822 6
      vertex -30.3018 -10.2861 0
      vertex -30.3018 -10.2861 6
    endloop
  endfacet
  facet normal -0.471384 0.881928 0
    outer loop
      vertex -14.1532 28.6999 0
      vertex -16 27.7128 6
      vertex -14.1532 28.6999 6
    endloop
  endfacet
  facet normal -0.471384 0.881928 0
    outer loop
      vertex -16 27.7128 6
      vertex -14.1532 28.6999 0
      vertex -16 27.7128 0
    endloop
  endfacet
  facet normal -0.582453 -0.812865 0
    outer loop
      vertex -19.4804 -25.3873 0
      vertex -17.7782 -26.607 6
      vertex -19.4804 -25.3873 6
    endloop
  endfacet
  facet normal -0.582453 -0.812865 -0
    outer loop
      vertex -17.7782 -26.607 6
      vertex -19.4804 -25.3873 0
      vertex -17.7782 -26.607 0
    endloop
  endfacet
  facet normal -0.634384 0.773018 0
    outer loop
      vertex -19.4804 25.3873 0
      vertex -21.0991 24.0589 6
      vertex -19.4804 25.3873 6
    endloop
  endfacet
  facet normal -0.634384 0.773018 0
    outer loop
      vertex -21.0991 24.0589 6
      vertex -19.4804 25.3873 0
      vertex -21.0991 24.0589 0
    endloop
  endfacet
  facet normal 0.0980412 0.995182 -0
    outer loop
      vertex 4.17683 31.7262 0
      vertex 2.0929 31.9315 6
      vertex 4.17683 31.7262 6
    endloop
  endfacet
  facet normal 0.0980412 0.995182 0
    outer loop
      vertex 2.0929 31.9315 6
      vertex 4.17683 31.7262 0
      vertex 2.0929 31.9315 0
    endloop
  endfacet
  facet normal 0.999465 0.0327122 0
    outer loop
      vertex 32 0 6
      vertex 31.9315 2.0929 0
      vertex 31.9315 2.0929 6
    endloop
  endfacet
  facet normal 0.999465 0.0327122 0
    outer loop
      vertex 31.9315 2.0929 0
      vertex 32 0 6
      vertex 32 0 0
    endloop
  endfacet
  facet normal -0.999465 -0.0327122 0
    outer loop
      vertex -31.9315 -2.0929 0
      vertex -32 0 6
      vertex -32 0 0
    endloop
  endfacet
  facet normal -0.999465 -0.0327122 0
    outer loop
      vertex -32 0 6
      vertex -31.9315 -2.0929 0
      vertex -31.9315 -2.0929 6
    endloop
  endfacet
  facet normal -0.973877 0.227076 0
    outer loop
      vertex -31.3851 6.24289 0
      vertex -30.9096 8.2822 6
      vertex -30.9096 8.2822 0
    endloop
  endfacet
  facet normal -0.973877 0.227076 0
    outer loop
      vertex -30.9096 8.2822 6
      vertex -31.3851 6.24289 0
      vertex -31.3851 6.24289 6
    endloop
  endfacet
  facet normal 0.634384 0.773018 -0
    outer loop
      vertex 21.0991 24.0589 0
      vertex 19.4804 25.3873 6
      vertex 21.0991 24.0589 6
    endloop
  endfacet
  facet normal 0.634384 0.773018 0
    outer loop
      vertex 19.4804 25.3873 6
      vertex 21.0991 24.0589 0
      vertex 19.4804 25.3873 0
    endloop
  endfacet
  facet normal -0.729842 0.683615 0
    outer loop
      vertex -24.0589 21.0991 0
      vertex -22.6274 22.6274 6
      vertex -22.6274 22.6274 0
    endloop
  endfacet
  facet normal -0.729842 0.683615 0
    outer loop
      vertex -22.6274 22.6274 6
      vertex -24.0589 21.0991 0
      vertex -24.0589 21.0991 6
    endloop
  endfacet
  facet normal 0.162892 0.986644 -0
    outer loop
      vertex 6.24289 31.3851 0
      vertex 4.17683 31.7262 6
      vertex 6.24289 31.3851 6
    endloop
  endfacet
  facet normal 0.162892 0.986644 0
    outer loop
      vertex 4.17683 31.7262 6
      vertex 6.24289 31.3851 0
      vertex 4.17683 31.7262 0
    endloop
  endfacet
  facet normal -0.973877 -0.227076 0
    outer loop
      vertex -30.9096 -8.2822 0
      vertex -31.3851 -6.24289 6
      vertex -31.3851 -6.24289 0
    endloop
  endfacet
  facet normal -0.973877 -0.227076 0
    outer loop
      vertex -31.3851 -6.24289 6
      vertex -30.9096 -8.2822 0
      vertex -30.9096 -8.2822 6
    endloop
  endfacet
  facet normal 0.729842 -0.683615 0
    outer loop
      vertex 22.6274 -22.6274 6
      vertex 24.0589 -21.0991 0
      vertex 24.0589 -21.0991 6
    endloop
  endfacet
  facet normal 0.729842 -0.683615 0
    outer loop
      vertex 24.0589 -21.0991 0
      vertex 22.6274 -22.6274 6
      vertex 22.6274 -22.6274 0
    endloop
  endfacet
  facet normal 0.995182 0.0980412 0
    outer loop
      vertex 31.9315 2.0929 6
      vertex 31.7262 4.17683 0
      vertex 31.7262 4.17683 6
    endloop
  endfacet
  facet normal 0.995182 0.0980412 0
    outer loop
      vertex 31.7262 4.17683 0
      vertex 31.9315 2.0929 6
      vertex 31.9315 2.0929 0
    endloop
  endfacet
  facet normal -0.910861 -0.412712 0
    outer loop
      vertex -28.6999 -14.1532 0
      vertex -29.5641 -12.2459 6
      vertex -29.5641 -12.2459 0
    endloop
  endfacet
  facet normal -0.910861 -0.412712 0
    outer loop
      vertex -29.5641 -12.2459 6
      vertex -28.6999 -14.1532 0
      vertex -28.6999 -14.1532 6
    endloop
  endfacet
  facet normal 0.582453 -0.812865 0
    outer loop
      vertex 17.7782 -26.607 0
      vertex 19.4804 -25.3873 6
      vertex 17.7782 -26.607 6
    endloop
  endfacet
  facet normal 0.582453 -0.812865 0
    outer loop
      vertex 19.4804 -25.3873 6
      vertex 17.7782 -26.607 0
      vertex 19.4804 -25.3873 0
    endloop
  endfacet
  facet normal 0.634384 -0.773018 0
    outer loop
      vertex 19.4804 -25.3873 0
      vertex 21.0991 -24.0589 6
      vertex 19.4804 -25.3873 6
    endloop
  endfacet
  facet normal 0.634384 -0.773018 0
    outer loop
      vertex 21.0991 -24.0589 6
      vertex 19.4804 -25.3873 0
      vertex 21.0991 -24.0589 0
    endloop
  endfacet
  facet normal 0.683615 0.729842 -0
    outer loop
      vertex 22.6274 22.6274 0
      vertex 21.0991 24.0589 6
      vertex 22.6274 22.6274 6
    endloop
  endfacet
  facet normal 0.683615 0.729842 0
    outer loop
      vertex 21.0991 24.0589 6
      vertex 22.6274 22.6274 0
      vertex 21.0991 24.0589 0
    endloop
  endfacet
  facet normal 0.910861 0.412712 0
    outer loop
      vertex 29.5641 12.2459 6
      vertex 28.6999 14.1532 0
      vertex 28.6999 14.1532 6
    endloop
  endfacet
  facet normal 0.910861 0.412712 0
    outer loop
      vertex 28.6999 14.1532 0
      vertex 29.5641 12.2459 6
      vertex 29.5641 12.2459 0
    endloop
  endfacet
  facet normal -0.935893 0.352285 0
    outer loop
      vertex -30.3018 10.2861 0
      vertex -29.5641 12.2459 6
      vertex -29.5641 12.2459 0
    endloop
  endfacet
  facet normal -0.935893 0.352285 0
    outer loop
      vertex -29.5641 12.2459 6
      vertex -30.3018 10.2861 0
      vertex -30.3018 10.2861 6
    endloop
  endfacet
  facet normal 0.95695 0.290251 0
    outer loop
      vertex 30.9096 8.2822 6
      vertex 30.3018 10.2861 0
      vertex 30.3018 10.2861 6
    endloop
  endfacet
  facet normal 0.95695 0.290251 0
    outer loop
      vertex 30.3018 10.2861 0
      vertex 30.9096 8.2822 6
      vertex 30.9096 8.2822 0
    endloop
  endfacet
  facet normal 0.986644 0.162892 0
    outer loop
      vertex 31.7262 4.17683 6
      vertex 31.3851 6.24289 0
      vertex 31.3851 6.24289 6
    endloop
  endfacet
  facet normal 0.986644 0.162892 0
    outer loop
      vertex 31.3851 6.24289 0
      vertex 31.7262 4.17683 6
      vertex 31.7262 4.17683 0
    endloop
  endfacet
  facet normal 0.812865 0.582453 0
    outer loop
      vertex 26.607 17.7782 6
      vertex 25.3873 19.4804 0
      vertex 25.3873 19.4804 6
    endloop
  endfacet
  facet normal 0.812865 0.582453 0
    outer loop
      vertex 25.3873 19.4804 0
      vertex 26.607 17.7782 6
      vertex 26.607 17.7782 0
    endloop
  endfacet
  facet normal 0.999465 -0.0327122 0
    outer loop
      vertex 31.9315 -2.0929 6
      vertex 32 0 0
      vertex 32 0 6
    endloop
  endfacet
  facet normal 0.999465 -0.0327122 0
    outer loop
      vertex 32 0 0
      vertex 31.9315 -2.0929 6
      vertex 31.9315 -2.0929 0
    endloop
  endfacet
  facet normal 0.95695 -0.290251 0
    outer loop
      vertex 30.3018 -10.2861 6
      vertex 30.9096 -8.2822 0
      vertex 30.9096 -8.2822 6
    endloop
  endfacet
  facet normal 0.95695 -0.290251 0
    outer loop
      vertex 30.9096 -8.2822 0
      vertex 30.3018 -10.2861 6
      vertex 30.3018 -10.2861 0
    endloop
  endfacet
  facet normal 0.973877 0.227076 0
    outer loop
      vertex 31.3851 6.24289 6
      vertex 30.9096 8.2822 0
      vertex 30.9096 8.2822 6
    endloop
  endfacet
  facet normal 0.973877 0.227076 0
    outer loop
      vertex 30.9096 8.2822 0
      vertex 31.3851 6.24289 6
      vertex 31.3851 6.24289 0
    endloop
  endfacet
  facet normal 0.849193 0.528083 0
    outer loop
      vertex 27.7128 16 6
      vertex 26.607 17.7782 0
      vertex 26.607 17.7782 6
    endloop
  endfacet
  facet normal 0.849193 0.528083 0
    outer loop
      vertex 26.607 17.7782 0
      vertex 27.7128 16 6
      vertex 27.7128 16 0
    endloop
  endfacet
  facet normal -0.412712 0.910861 0
    outer loop
      vertex -12.2459 29.5641 0
      vertex -14.1532 28.6999 6
      vertex -12.2459 29.5641 6
    endloop
  endfacet
  facet normal -0.412712 0.910861 0
    outer loop
      vertex -14.1532 28.6999 6
      vertex -12.2459 29.5641 0
      vertex -14.1532 28.6999 0
    endloop
  endfacet
  facet normal -0.528083 -0.849193 0
    outer loop
      vertex -17.7782 -26.607 0
      vertex -16 -27.7128 6
      vertex -17.7782 -26.607 6
    endloop
  endfacet
  facet normal -0.528083 -0.849193 -0
    outer loop
      vertex -16 -27.7128 6
      vertex -17.7782 -26.607 0
      vertex -16 -27.7128 0
    endloop
  endfacet
  facet normal -0.471406 -0.881916 0
    outer loop
      vertex -16 -27.7128 0
      vertex -15.4627 -28 6
      vertex -16 -27.7128 6
    endloop
  endfacet
  facet normal -0.471406 -0.881916 -0
    outer loop
      vertex -15.4627 -28 6
      vertex -16 -27.7128 0
      vertex -15.4627 -28 0
    endloop
  endfacet
  facet normal -0 0 1
    outer loop
      vertex -18.9292 -14.7692 6
      vertex -11.685 -22.8 6
      vertex -18.653 -14.0353 6
    endloop
  endfacet
  facet normal -0 0 1
    outer loop
      vertex -19.3432 -15.435 6
      vertex -11.685 -22.8 6
      vertex -18.9292 -14.7692 6
    endloop
  endfacet
  facet normal -0 0 1
    outer loop
      vertex -19.8793 -16.0074 6
      vertex -11.685 -22.8 6
      vertex -19.3432 -15.435 6
    endloop
  endfacet
  facet normal 0 -0 1
    outer loop
      vertex -19.4804 -25.3873 6
      vertex -11.685 -22.8 6
      vertex -19.8793 -16.0074 6
    endloop
  endfacet
  facet normal 0 0 1
    outer loop
      vertex -11.685 -22.8 6
      vertex -19.4804 -25.3873 6
      vertex -17.7782 -26.607 6
    endloop
  endfacet
  facet normal 0 0 1
    outer loop
      vertex -21.0991 -24.0589 6
      vertex -19.8793 -16.0074 6
      vertex -20.5167 -16.4641 6
    endloop
  endfacet
  facet normal 0 0 1
    outer loop
      vertex -19.8793 -16.0074 6
      vertex -21.0991 -24.0589 6
      vertex -19.4804 -25.3873 6
    endloop
  endfacet
  facet normal 0 0 1
    outer loop
      vertex -22.6274 -22.6274 6
      vertex -20.5167 -16.4641 6
      vertex -21.2309 -16.7877 6
    endloop
  endfacet
  facet normal 0 0 1
    outer loop
      vertex -22.6274 -22.6274 6
      vertex -21.2309 -16.7877 6
      vertex -21.9946 -16.9658 6
    endloop
  endfacet
  facet normal 0 0 1
    outer loop
      vertex -20.5167 -16.4641 6
      vertex -22.6274 -22.6274 6
      vertex -21.0991 -24.0589 6
    endloop
  endfacet
  facet normal 0 0 1
    outer loop
      vertex -24.0589 -21.0991 6
      vertex -21.9946 -16.9658 6
      vertex -22.7783 -16.9914 6
    endloop
  endfacet
  facet normal 0 0 1
    outer loop
      vertex -25.3873 -19.4804 6
      vertex -22.7783 -16.9914 6
      vertex -23.5519 -16.8637 6
    endloop
  endfacet
  facet normal 0 0 1
    outer loop
      vertex -21.9946 -16.9658 6
      vertex -24.0589 -21.0991 6
      vertex -22.6274 -22.6274 6
    endloop
  endfacet
  facet normal 0 0 1
    outer loop
      vertex -25.3873 -19.4804 6
      vertex -23.5519 -16.8637 6
      vertex -24.2858 -16.5875 6
    endloop
  endfacet
  facet normal 0 0 1
    outer loop
      vertex -26.607 -17.7782 6
      vertex -24.2858 -16.5875 6
      vertex -24.9517 -16.1734 6
    endloop
  endfacet
  facet normal 0 0 1
    outer loop
      vertex -22.7783 -16.9914 6
      vertex -25.3873 -19.4804 6
      vertex -24.0589 -21.0991 6
    endloop
  endfacet
  facet normal 0 0 1
    outer loop
      vertex -26.607 -17.7782 6
      vertex -24.9517 -16.1734 6
      vertex -25.524 -15.6374 6
    endloop
  endfacet
  facet normal 0 0 1
    outer loop
      vertex -27.7128 -16 6
      vertex -25.524 -15.6374 6
      vertex -25.9808 -15 6
    endloop
  endfacet
  facet normal 0 0 1
    outer loop
      vertex -27.7128 -16 6
      vertex -25.9808 -15 6
      vertex -26.3044 -14.2858 6
    endloop
  endfacet
  facet normal -0 0 1
    outer loop
      vertex -28.6999 -14.1532 6
      vertex -26.3044 -14.2858 6
      vertex -26.4824 -13.5221 6
    endloop
  endfacet
  facet normal 0 0 1
    outer loop
      vertex -24.2858 -16.5875 6
      vertex -26.607 -17.7782 6
      vertex -25.3873 -19.4804 6
    endloop
  endfacet
  facet normal 0 0 1
    outer loop
      vertex -28.6999 -14.1532 6
      vertex -26.4824 -13.5221 6
      vertex -26.5081 -12.7384 6
    endloop
  endfacet
  facet normal -0 0 1
    outer loop
      vertex -32 0 6
      vertex -22.255 -9.00856 6
      vertex -31.9315 2.0929 6
    endloop
  endfacet
  facet normal 0 0 1
    outer loop
      vertex -22.255 -9.00856 6
      vertex -32 0 6
      vertex -23.0388 -9.03422 6
    endloop
  endfacet
  facet normal 0 0 1
    outer loop
      vertex -25.524 -15.6374 6
      vertex -27.7128 -16 6
      vertex -26.607 -17.7782 6
    endloop
  endfacet
  facet normal -0 -0 1
    outer loop
      vertex -31.9315 -2.0929 6
      vertex -23.0388 -9.03422 6
      vertex -32 0 6
    endloop
  endfacet
  facet normal 0 0 1
    outer loop
      vertex -26.3044 -14.2858 6
      vertex -28.6999 -14.1532 6
      vertex -27.7128 -16 6
    endloop
  endfacet
  facet normal 0 0 1
    outer loop
      vertex -23.0388 -9.03422 6
      vertex -31.9315 -2.0929 6
      vertex -23.8024 -9.21228 6
    endloop
  endfacet
  facet normal 0 0 1
    outer loop
      vertex -26.5081 -12.7384 6
      vertex -29.5641 -12.2459 6
      vertex -28.6999 -14.1532 6
    endloop
  endfacet
  facet normal -0 -0 1
    outer loop
      vertex -31.7262 -4.17683 6
      vertex -23.8024 -9.21228 6
      vertex -31.9315 -2.0929 6
    endloop
  endfacet
  facet normal 0 0 1
    outer loop
      vertex -26.3804 -11.9647 6
      vertex -29.5641 -12.2459 6
      vertex -26.5081 -12.7384 6
    endloop
  endfacet
  facet normal -0 -0 1
    outer loop
      vertex -31.3851 -6.24289 6
      vertex -23.8024 -9.21228 6
      vertex -31.7262 -4.17683 6
    endloop
  endfacet
  facet normal 0 0 1
    outer loop
      vertex -26.1042 -11.2308 6
      vertex -29.5641 -12.2459 6
      vertex -26.3804 -11.9647 6
    endloop
  endfacet
  facet normal 0 0 1
    outer loop
      vertex -23.8024 -9.21228 6
      vertex -31.3851 -6.24289 6
      vertex -24.5167 -9.5359 6
    endloop
  endfacet
  facet normal 0 -0 1
    outer loop
      vertex -29.5641 -12.2459 6
      vertex -26.1042 -11.2308 6
      vertex -30.3018 -10.2861 6
    endloop
  endfacet
  facet normal -0 -0 1
    outer loop
      vertex -30.9096 -8.2822 6
      vertex -24.5167 -9.5359 6
      vertex -31.3851 -6.24289 6
    endloop
  endfacet
  facet normal 0 0 1
    outer loop
      vertex -25.6901 -10.565 6
      vertex -30.3018 -10.2861 6
      vertex -26.1042 -11.2308 6
    endloop
  endfacet
  facet normal 0 0 1
    outer loop
      vertex -24.5167 -9.5359 6
      vertex -30.9096 -8.2822 6
      vertex -25.154 -9.99264 6
    endloop
  endfacet
  facet normal -0 -0 1
    outer loop
      vertex -30.3018 -10.2861 6
      vertex -25.6901 -10.565 6
      vertex -30.9096 -8.2822 6
    endloop
  endfacet
  facet normal 0 0 1
    outer loop
      vertex -25.154 -9.99264 6
      vertex -30.9096 -8.2822 6
      vertex -25.6901 -10.565 6
    endloop
  endfacet
  facet normal 0 0 1
    outer loop
      vertex 8.2822 30.9096 6
      vertex 3.92314 26.7804 6
      vertex 4 26 6
    endloop
  endfacet
  facet normal 0 0 1
    outer loop
      vertex 6.24289 31.3851 6
      vertex 3.69552 27.5307 6
      vertex 3.92314 26.7804 6
    endloop
  endfacet
  facet normal 0 0 1
    outer loop
      vertex 6.24289 31.3851 6
      vertex 3.32588 28.2223 6
      vertex 3.69552 27.5307 6
    endloop
  endfacet
  facet normal 0 0 1
    outer loop
      vertex 4.17683 31.7262 6
      vertex 2.82843 28.8284 6
      vertex 3.32588 28.2223 6
    endloop
  endfacet
  facet normal 0 0 1
    outer loop
      vertex 4.17683 31.7262 6
      vertex 2.22228 29.3259 6
      vertex 2.82843 28.8284 6
    endloop
  endfacet
  facet normal 0 0 1
    outer loop
      vertex 2.0929 31.9315 6
      vertex 2.22228 29.3259 6
      vertex 4.17683 31.7262 6
    endloop
  endfacet
  facet normal 0 0 1
    outer loop
      vertex 2.0929 31.9315 6
      vertex 1.53073 29.6955 6
      vertex 2.22228 29.3259 6
    endloop
  endfacet
  facet normal 0 0 1
    outer loop
      vertex 2.0929 31.9315 6
      vertex 0.780361 29.9231 6
      vertex 1.53073 29.6955 6
    endloop
  endfacet
  facet normal 0 0 1
    outer loop
      vertex 0 32 6
      vertex 0.780361 29.9231 6
      vertex 2.0929 31.9315 6
    endloop
  endfacet
  facet normal 0 0 1
    outer loop
      vertex 0 32 6
      vertex 0 30 6
      vertex 0.780361 29.9231 6
    endloop
  endfacet
  facet normal 0 0 1
    outer loop
      vertex 0 32 6
      vertex -0.780361 29.9231 6
      vertex 0 30 6
    endloop
  endfacet
  facet normal -0 0 1
    outer loop
      vertex -2.0929 31.9315 6
      vertex -0.780361 29.9231 6
      vertex 0 32 6
    endloop
  endfacet
  facet normal 0 0 1
    outer loop
      vertex -0.780361 29.9231 6
      vertex -2.0929 31.9315 6
      vertex -1.53073 29.6955 6
    endloop
  endfacet
  facet normal 0 0 1
    outer loop
      vertex -2.0929 31.9315 6
      vertex -2.22228 29.3259 6
      vertex -1.53073 29.6955 6
    endloop
  endfacet
  facet normal -0 0 1
    outer loop
      vertex -4.17683 31.7262 6
      vertex -2.22228 29.3259 6
      vertex -2.0929 31.9315 6
    endloop
  endfacet
  facet normal 0 0 1
    outer loop
      vertex -2.22228 29.3259 6
      vertex -4.17683 31.7262 6
      vertex -2.82843 28.8284 6
    endloop
  endfacet
  facet normal 0 0 1
    outer loop
      vertex -2.82843 28.8284 6
      vertex -4.17683 31.7262 6
      vertex -3.32588 28.2223 6
    endloop
  endfacet
  facet normal -0 0 1
    outer loop
      vertex -8.2822 30.9096 6
      vertex -3.69552 27.5307 6
      vertex -6.24289 31.3851 6
    endloop
  endfacet
  facet normal 0 0 1
    outer loop
      vertex -3.32588 28.2223 6
      vertex -6.24289 31.3851 6
      vertex -3.69552 27.5307 6
    endloop
  endfacet
  facet normal -0 0 1
    outer loop
      vertex -6.24289 31.3851 6
      vertex -3.32588 28.2223 6
      vertex -4.17683 31.7262 6
    endloop
  endfacet
  facet normal 0 0 1
    outer loop
      vertex 20.315 9.2 6
      vertex 32 0 6
      vertex 31.9315 2.0929 6
    endloop
  endfacet
  facet normal 0 0 1
    outer loop
      vertex 20.315 9.2 6
      vertex 31.9315 2.0929 6
      vertex 31.7262 4.17683 6
    endloop
  endfacet
  facet normal 0 0 1
    outer loop
      vertex 32 0 6
      vertex 20.315 9.2 6
      vertex 22.255 -9.00856 6
    endloop
  endfacet
  facet normal 0 0 1
    outer loop
      vertex 20.315 9.2 6
      vertex 31.7262 4.17683 6
      vertex 31.3851 6.24289 6
    endloop
  endfacet
  facet normal 0 0 1
    outer loop
      vertex 32 0 6
      vertex 23.0388 -9.03422 6
      vertex 31.9315 -2.0929 6
    endloop
  endfacet
  facet normal 0 0 1
    outer loop
      vertex 20.315 9.2 6
      vertex 31.3851 6.24289 6
      vertex 30.9096 8.2822 6
    endloop
  endfacet
  facet normal 0 -0 1
    outer loop
      vertex 23.8024 -9.21228 6
      vertex 31.9315 -2.0929 6
      vertex 23.0388 -9.03422 6
    endloop
  endfacet
  facet normal -0 0 1
    outer loop
      vertex 20.315 9.2 6
      vertex 30.9096 8.2822 6
      vertex 30.3018 10.2861 6
    endloop
  endfacet
  facet normal 0 0 1
    outer loop
      vertex 31.9315 -2.0929 6
      vertex 23.8024 -9.21228 6
      vertex 31.7262 -4.17683 6
    endloop
  endfacet
  facet normal 0 0 1
    outer loop
      vertex 20.315 9.2 6
      vertex 30.3018 10.2861 6
      vertex 29.5641 12.2459 6
    endloop
  endfacet
  facet normal 0 -0 1
    outer loop
      vertex 25.154 -9.99264 6
      vertex 30.9096 -8.2822 6
      vertex 24.5167 -9.5359 6
    endloop
  endfacet
  facet normal 0 0 1
    outer loop
      vertex 20.315 9.2 6
      vertex 29.5641 12.2459 6
      vertex 28.6999 14.1532 6
    endloop
  endfacet
  facet normal 0 0 1
    outer loop
      vertex 30.9096 -8.2822 6
      vertex 25.6901 -10.565 6
      vertex 30.3018 -10.2861 6
    endloop
  endfacet
  facet normal 0 0 1
    outer loop
      vertex 20.315 9.2 6
      vertex 28.6999 14.1532 6
      vertex 27.7128 16 6
    endloop
  endfacet
  facet normal 0 0 1
    outer loop
      vertex 30.3018 -10.2861 6
      vertex 26.1042 -11.2308 6
      vertex 29.5641 -12.2459 6
    endloop
  endfacet
  facet normal 0 0 1
    outer loop
      vertex 20.315 9.2 6
      vertex 27.7128 16 6
      vertex 26.607 17.7782 6
    endloop
  endfacet
  facet normal 0 0 1
    outer loop
      vertex 29.5641 -12.2459 6
      vertex 26.5081 -12.7384 6
      vertex 28.6999 -14.1532 6
    endloop
  endfacet
  facet normal 0 0 1
    outer loop
      vertex 26.3044 -14.2858 6
      vertex 28.6999 -14.1532 6
      vertex 26.4824 -13.5221 6
    endloop
  endfacet
  facet normal -0 0 1
    outer loop
      vertex 26.4824 -13.5221 6
      vertex 28.6999 -14.1532 6
      vertex 26.5081 -12.7384 6
    endloop
  endfacet
  facet normal 0 -0 1
    outer loop
      vertex 26.5081 -12.7384 6
      vertex 29.5641 -12.2459 6
      vertex 26.3804 -11.9647 6
    endloop
  endfacet
  facet normal -0 -0 1
    outer loop
      vertex 26.3804 -11.9647 6
      vertex 29.5641 -12.2459 6
      vertex 26.1042 -11.2308 6
    endloop
  endfacet
  facet normal 0 0 1
    outer loop
      vertex 20.315 9.2 6
      vertex 26.607 17.7782 6
      vertex 25.3873 19.4804 6
    endloop
  endfacet
  facet normal 0 -0 1
    outer loop
      vertex 24.5167 -9.5359 6
      vertex 31.3851 -6.24289 6
      vertex 23.8024 -9.21228 6
    endloop
  endfacet
  facet normal 0 -0 1
    outer loop
      vertex 26.1042 -11.2308 6
      vertex 30.3018 -10.2861 6
      vertex 25.6901 -10.565 6
    endloop
  endfacet
  facet normal 0 0 1
    outer loop
      vertex 20.315 9.2 6
      vertex 25.3873 19.4804 6
      vertex 24.0589 21.0991 6
    endloop
  endfacet
  facet normal 0 -0 1
    outer loop
      vertex 25.6901 -10.565 6
      vertex 30.9096 -8.2822 6
      vertex 25.154 -9.99264 6
    endloop
  endfacet
  facet normal 0 0 1
    outer loop
      vertex 31.3851 -6.24289 6
      vertex 24.5167 -9.5359 6
      vertex 30.9096 -8.2822 6
    endloop
  endfacet
  facet normal 0 0 1
    outer loop
      vertex 20.315 9.2 6
      vertex 24.0589 21.0991 6
      vertex 22.6274 22.6274 6
    endloop
  endfacet
  facet normal 0 0 1
    outer loop
      vertex 31.7262 -4.17683 6
      vertex 23.8024 -9.21228 6
      vertex 31.3851 -6.24289 6
    endloop
  endfacet
  facet normal 0 0 1
    outer loop
      vertex 32 0 6
      vertex 22.255 -9.00856 6
      vertex 23.0388 -9.03422 6
    endloop
  endfacet
  facet normal 0 0 1
    outer loop
      vertex 20.315 9.2 6
      vertex 22.6274 22.6274 6
      vertex 21.0991 24.0589 6
    endloop
  endfacet
  facet normal 0 0 1
    outer loop
      vertex 22.255 -9.00856 6
      vertex 20.315 9.2 6
      vertex 21.4814 -9.1363 6
    endloop
  endfacet
  facet normal 0 0 1
    outer loop
      vertex 21.4814 -9.1363 6
      vertex 20.315 9.2 6
      vertex 20.7475 -9.41251 6
    endloop
  endfacet
  facet normal 0 0 1
    outer loop
      vertex 19.4804 25.3873 6
      vertex 20.315 9.2 6
      vertex 21.0991 24.0589 6
    endloop
  endfacet
  facet normal 0 0 1
    outer loop
      vertex 17.7782 26.607 6
      vertex 20.315 9.2 6
      vertex 19.4804 25.3873 6
    endloop
  endfacet
  facet normal 0 0 1
    outer loop
      vertex 3.32588 23.7777 6
      vertex 17.7782 26.607 6
      vertex 16 27.7128 6
    endloop
  endfacet
  facet normal 0 0 1
    outer loop
      vertex 3.69552 24.4693 6
      vertex 16 27.7128 6
      vertex 14.1532 28.6999 6
    endloop
  endfacet
  facet normal 0 0 1
    outer loop
      vertex 3.92314 25.2196 6
      vertex 14.1532 28.6999 6
      vertex 12.2459 29.5641 6
    endloop
  endfacet
  facet normal 0 0 1
    outer loop
      vertex 3.92314 25.2196 6
      vertex 12.2459 29.5641 6
      vertex 10.2861 30.3018 6
    endloop
  endfacet
  facet normal 0 0 1
    outer loop
      vertex 4 26 6
      vertex 10.2861 30.3018 6
      vertex 8.2822 30.9096 6
    endloop
  endfacet
  facet normal 0 0 1
    outer loop
      vertex 3.92314 26.7804 6
      vertex 8.2822 30.9096 6
      vertex 6.24289 31.3851 6
    endloop
  endfacet
  facet normal 0 0 1
    outer loop
      vertex 3.32588 28.2223 6
      vertex 6.24289 31.3851 6
      vertex 4.17683 31.7262 6
    endloop
  endfacet
  facet normal 0 0 1
    outer loop
      vertex 10.2861 30.3018 6
      vertex 4 26 6
      vertex 3.92314 25.2196 6
    endloop
  endfacet
  facet normal 0 0 1
    outer loop
      vertex 14.1532 28.6999 6
      vertex 3.92314 25.2196 6
      vertex 3.69552 24.4693 6
    endloop
  endfacet
  facet normal 0 0 1
    outer loop
      vertex 16 27.7128 6
      vertex 3.69552 24.4693 6
      vertex 3.32588 23.7777 6
    endloop
  endfacet
  facet normal 0 0 1
    outer loop
      vertex 17.7782 26.607 6
      vertex 3.32588 23.7777 6
      vertex 20.315 9.2 6
    endloop
  endfacet
  facet normal -0 0 1
    outer loop
      vertex 2.82843 23.1716 6
      vertex 20.315 9.2 6
      vertex 3.32588 23.7777 6
    endloop
  endfacet
  facet normal -0 0 1
    outer loop
      vertex 2.22228 22.6741 6
      vertex 20.315 9.2 6
      vertex 2.82843 23.1716 6
    endloop
  endfacet
  facet normal -0 0 1
    outer loop
      vertex 1.53073 22.3045 6
      vertex 20.315 9.2 6
      vertex 2.22228 22.6741 6
    endloop
  endfacet
  facet normal -0 0 1
    outer loop
      vertex 0.780361 22.0769 6
      vertex 20.315 9.2 6
      vertex 1.53073 22.3045 6
    endloop
  endfacet
  facet normal 0 0 1
    outer loop
      vertex -11.685 9.2 6
      vertex 0.780361 22.0769 6
      vertex 0 22 6
    endloop
  endfacet
  facet normal 0 0 1
    outer loop
      vertex -11.685 9.2 6
      vertex 0 22 6
      vertex -0.780361 22.0769 6
    endloop
  endfacet
  facet normal 0 0 1
    outer loop
      vertex -11.685 9.2 6
      vertex -0.780361 22.0769 6
      vertex -1.53073 22.3045 6
    endloop
  endfacet
  facet normal 0 0 1
    outer loop
      vertex -11.685 9.2 6
      vertex -1.53073 22.3045 6
      vertex -2.22228 22.6741 6
    endloop
  endfacet
  facet normal 0 0 1
    outer loop
      vertex -3.69552 27.5307 6
      vertex -8.2822 30.9096 6
      vertex -3.92314 26.7804 6
    endloop
  endfacet
  facet normal 0 0 1
    outer loop
      vertex -3.92314 26.7804 6
      vertex -8.2822 30.9096 6
      vertex -4 26 6
    endloop
  endfacet
  facet normal -0 0 1
    outer loop
      vertex -10.2861 30.3018 6
      vertex -4 26 6
      vertex -8.2822 30.9096 6
    endloop
  endfacet
  facet normal 0 0 1
    outer loop
      vertex -4 26 6
      vertex -10.2861 30.3018 6
      vertex -3.92314 25.2196 6
    endloop
  endfacet
  facet normal -0 0 1
    outer loop
      vertex -12.2459 29.5641 6
      vertex -3.92314 25.2196 6
      vertex -10.2861 30.3018 6
    endloop
  endfacet
  facet normal -0 0 1
    outer loop
      vertex -14.1532 28.6999 6
      vertex -3.92314 25.2196 6
      vertex -12.2459 29.5641 6
    endloop
  endfacet
  facet normal 0 0 1
    outer loop
      vertex -3.92314 25.2196 6
      vertex -14.1532 28.6999 6
      vertex -3.69552 24.4693 6
    endloop
  endfacet
  facet normal 0 0 1
    outer loop
      vertex 0.780361 22.0769 6
      vertex -11.685 9.2 6
      vertex 20.315 9.2 6
    endloop
  endfacet
  facet normal 0 0 1
    outer loop
      vertex -2.82843 23.1716 6
      vertex -11.685 9.2 6
      vertex -2.22228 22.6741 6
    endloop
  endfacet
  facet normal -0 0 1
    outer loop
      vertex -16 27.7128 6
      vertex -3.69552 24.4693 6
      vertex -14.1532 28.6999 6
    endloop
  endfacet
  facet normal 0 -0 1
    outer loop
      vertex -11.685 9.2 6
      vertex -3.32588 23.7777 6
      vertex -16 27.7128 6
    endloop
  endfacet
  facet normal 0 0 1
    outer loop
      vertex -3.69552 24.4693 6
      vertex -16 27.7128 6
      vertex -3.32588 23.7777 6
    endloop
  endfacet
  facet normal 0 0 1
    outer loop
      vertex 28.6999 -14.1532 6
      vertex 26.3044 -14.2858 6
      vertex 27.7128 -16 6
    endloop
  endfacet
  facet normal -0 0 1
    outer loop
      vertex 25.9808 -15 6
      vertex 27.7128 -16 6
      vertex 26.3044 -14.2858 6
    endloop
  endfacet
  facet normal -0 0 1
    outer loop
      vertex 25.524 -15.6374 6
      vertex 27.7128 -16 6
      vertex 25.9808 -15 6
    endloop
  endfacet
  facet normal 0 0 1
    outer loop
      vertex 27.7128 -16 6
      vertex 25.524 -15.6374 6
      vertex 26.607 -17.7782 6
    endloop
  endfacet
  facet normal -0 0 1
    outer loop
      vertex 24.9517 -16.1734 6
      vertex 26.607 -17.7782 6
      vertex 25.524 -15.6374 6
    endloop
  endfacet
  facet normal -0 0 1
    outer loop
      vertex 24.2858 -16.5875 6
      vertex 26.607 -17.7782 6
      vertex 24.9517 -16.1734 6
    endloop
  endfacet
  facet normal 0 0 1
    outer loop
      vertex 26.607 -17.7782 6
      vertex 24.2858 -16.5875 6
      vertex 25.3873 -19.4804 6
    endloop
  endfacet
  facet normal -0 0 1
    outer loop
      vertex 23.5519 -16.8637 6
      vertex 25.3873 -19.4804 6
      vertex 24.2858 -16.5875 6
    endloop
  endfacet
  facet normal -0 0 1
    outer loop
      vertex 22.7783 -16.9914 6
      vertex 25.3873 -19.4804 6
      vertex 23.5519 -16.8637 6
    endloop
  endfacet
  facet normal 0 0 1
    outer loop
      vertex 25.3873 -19.4804 6
      vertex 22.7783 -16.9914 6
      vertex 24.0589 -21.0991 6
    endloop
  endfacet
  facet normal 0 0 1
    outer loop
      vertex 21.9946 -16.9658 6
      vertex 24.0589 -21.0991 6
      vertex 22.7783 -16.9914 6
    endloop
  endfacet
  facet normal 0 0 1
    outer loop
      vertex 24.0589 -21.0991 6
      vertex 21.9946 -16.9658 6
      vertex 22.6274 -22.6274 6
    endloop
  endfacet
  facet normal 0 0 1
    outer loop
      vertex 20.315 -22.8 6
      vertex 21.9946 -16.9658 6
      vertex 21.2309 -16.7877 6
    endloop
  endfacet
  facet normal 0 0 1
    outer loop
      vertex 21.9946 -16.9658 6
      vertex 20.315 -22.8 6
      vertex 22.6274 -22.6274 6
    endloop
  endfacet
  facet normal 0 0 1
    outer loop
      vertex 20.315 -22.8 6
      vertex 21.2309 -16.7877 6
      vertex 20.5167 -16.4641 6
    endloop
  endfacet
  facet normal 0 0 1
    outer loop
      vertex 20.315 -22.8 6
      vertex 20.5167 -16.4641 6
      vertex 20.315 -16.3196 6
    endloop
  endfacet
  facet normal 0 0 1
    outer loop
      vertex 22.6274 -22.6274 6
      vertex 20.315 -22.8 6
      vertex 21.0991 -24.0589 6
    endloop
  endfacet
  facet normal 0 0 1
    outer loop
      vertex 20.315 -22.8 6
      vertex 19.4804 -25.3873 6
      vertex 21.0991 -24.0589 6
    endloop
  endfacet
  facet normal 0 0 1
    outer loop
      vertex 20.315 -22.8 6
      vertex 17.7782 -26.607 6
      vertex 19.4804 -25.3873 6
    endloop
  endfacet
  facet normal 0 0 1
    outer loop
      vertex 20.315 -22.8 6
      vertex 16 -27.7128 6
      vertex 17.7782 -26.607 6
    endloop
  endfacet
  facet normal 0 0 1
    outer loop
      vertex 20.315 -22.8 6
      vertex 15.4627 -28 6
      vertex 16 -27.7128 6
    endloop
  endfacet
  facet normal -0 0 1
    outer loop
      vertex -11.685 -22.8 6
      vertex 15.4627 -28 6
      vertex 20.315 -22.8 6
    endloop
  endfacet
  facet normal 0 0 1
    outer loop
      vertex -3.32588 23.7777 6
      vertex -11.685 9.2 6
      vertex -2.82843 23.1716 6
    endloop
  endfacet
  facet normal 0 0 1
    outer loop
      vertex -11.685 -22.8 6
      vertex -15.4627 -28 6
      vertex 15.4627 -28 6
    endloop
  endfacet
  facet normal 0 0 1
    outer loop
      vertex -11.685 9.2 6
      vertex -18.7289 -11.7142 6
      vertex -11.685 -22.8 6
    endloop
  endfacet
  facet normal -0 0 1
    outer loop
      vertex -17.7782 26.607 6
      vertex -11.685 9.2 6
      vertex -16 27.7128 6
    endloop
  endfacet
  facet normal -0 -0 1
    outer loop
      vertex -18.5252 -13.2616 6
      vertex -11.685 -22.8 6
      vertex -18.5509 -12.4779 6
    endloop
  endfacet
  facet normal -0 0 1
    outer loop
      vertex -19.4804 25.3873 6
      vertex -11.685 9.2 6
      vertex -17.7782 26.607 6
    endloop
  endfacet
  facet normal -0 0 1
    outer loop
      vertex -18.653 -14.0353 6
      vertex -11.685 -22.8 6
      vertex -18.5252 -13.2616 6
    endloop
  endfacet
  facet normal 0 0 1
    outer loop
      vertex -11.685 -22.8 6
      vertex -17.7782 -26.607 6
      vertex -16 -27.7128 6
    endloop
  endfacet
  facet normal 0 0 1
    outer loop
      vertex -11.685 -22.8 6
      vertex -16 -27.7128 6
      vertex -15.4627 -28 6
    endloop
  endfacet
  facet normal 0 0 1
    outer loop
      vertex -11.685 -22.8 6
      vertex -18.7289 -11.7142 6
      vertex -18.5509 -12.4779 6
    endloop
  endfacet
  facet normal 0 0 1
    outer loop
      vertex -11.685 9.2 6
      vertex -19.0526 -11 6
      vertex -18.7289 -11.7142 6
    endloop
  endfacet
  facet normal -0 0 1
    outer loop
      vertex -21.0991 24.0589 6
      vertex -11.685 9.2 6
      vertex -19.4804 25.3873 6
    endloop
  endfacet
  facet normal 0 0 1
    outer loop
      vertex -11.685 9.2 6
      vertex -19.5093 -10.3626 6
      vertex -19.0526 -11 6
    endloop
  endfacet
  facet normal 0 0 1
    outer loop
      vertex -11.685 9.2 6
      vertex -20.0816 -9.82659 6
      vertex -19.5093 -10.3626 6
    endloop
  endfacet
  facet normal -0 0 1
    outer loop
      vertex -22.6274 22.6274 6
      vertex -11.685 9.2 6
      vertex -21.0991 24.0589 6
    endloop
  endfacet
  facet normal -0 0 1
    outer loop
      vertex -24.0589 21.0991 6
      vertex -11.685 9.2 6
      vertex -22.6274 22.6274 6
    endloop
  endfacet
  facet normal -0 0 1
    outer loop
      vertex -25.3873 19.4804 6
      vertex -11.685 9.2 6
      vertex -24.0589 21.0991 6
    endloop
  endfacet
  facet normal -0 0 1
    outer loop
      vertex -26.607 17.7782 6
      vertex -11.685 9.2 6
      vertex -25.3873 19.4804 6
    endloop
  endfacet
  facet normal 0 0 1
    outer loop
      vertex -11.685 9.2 6
      vertex -20.7475 -9.41251 6
      vertex -20.0816 -9.82659 6
    endloop
  endfacet
  facet normal -0 0 1
    outer loop
      vertex -27.7128 16 6
      vertex -11.685 9.2 6
      vertex -26.607 17.7782 6
    endloop
  endfacet
  facet normal 0 0 1
    outer loop
      vertex -11.685 9.2 6
      vertex -21.4814 -9.1363 6
      vertex -20.7475 -9.41251 6
    endloop
  endfacet
  facet normal 0 0 1
    outer loop
      vertex -11.685 9.2 6
      vertex -22.255 -9.00856 6
      vertex -21.4814 -9.1363 6
    endloop
  endfacet
  facet normal -0 0 1
    outer loop
      vertex -29.5641 12.2459 6
      vertex -11.685 9.2 6
      vertex -28.6999 14.1532 6
    endloop
  endfacet
  facet normal -0 0 1
    outer loop
      vertex -28.6999 14.1532 6
      vertex -11.685 9.2 6
      vertex -27.7128 16 6
    endloop
  endfacet
  facet normal -0 0 1
    outer loop
      vertex -30.3018 10.2861 6
      vertex -11.685 9.2 6
      vertex -29.5641 12.2459 6
    endloop
  endfacet
  facet normal 0 0 1
    outer loop
      vertex -30.9096 8.2822 6
      vertex -11.685 9.2 6
      vertex -30.3018 10.2861 6
    endloop
  endfacet
  facet normal 0 0 1
    outer loop
      vertex -31.3851 6.24289 6
      vertex -11.685 9.2 6
      vertex -30.9096 8.2822 6
    endloop
  endfacet
  facet normal 0 0 1
    outer loop
      vertex -31.7262 4.17683 6
      vertex -11.685 9.2 6
      vertex -31.3851 6.24289 6
    endloop
  endfacet
  facet normal 0 0 1
    outer loop
      vertex -11.685 9.2 6
      vertex -31.7262 4.17683 6
      vertex -22.255 -9.00856 6
    endloop
  endfacet
  facet normal -0 0 1
    outer loop
      vertex -31.9315 2.0929 6
      vertex -22.255 -9.00856 6
      vertex -31.7262 4.17683 6
    endloop
  endfacet
  facet normal 0 0 1
    outer loop
      vertex 20.7475 -9.41251 6
      vertex 20.315 9.2 6
      vertex 20.315 -9.68146 6
    endloop
  endfacet
  facet normal 0.471384 0.881928 -0
    outer loop
      vertex 16 27.7128 0
      vertex 14.1532 28.6999 6
      vertex 16 27.7128 6
    endloop
  endfacet
  facet normal 0.471384 0.881928 0
    outer loop
      vertex 14.1532 28.6999 6
      vertex 16 27.7128 0
      vertex 14.1532 28.6999 0
    endloop
  endfacet
  facet normal 0.881928 0.471384 0
    outer loop
      vertex 28.6999 14.1532 6
      vertex 27.7128 16 0
      vertex 27.7128 16 6
    endloop
  endfacet
  facet normal 0.881928 0.471384 0
    outer loop
      vertex 27.7128 16 0
      vertex 28.6999 14.1532 6
      vertex 28.6999 14.1532 0
    endloop
  endfacet
  facet normal 0.849193 -0.528083 0
    outer loop
      vertex 26.607 -17.7782 6
      vertex 27.7128 -16 0
      vertex 27.7128 -16 6
    endloop
  endfacet
  facet normal 0.849193 -0.528083 0
    outer loop
      vertex 27.7128 -16 0
      vertex 26.607 -17.7782 6
      vertex 26.607 -17.7782 0
    endloop
  endfacet
  facet normal 0.290251 0.95695 -0
    outer loop
      vertex 10.2861 30.3018 0
      vertex 8.2822 30.9096 6
      vertex 10.2861 30.3018 6
    endloop
  endfacet
  facet normal 0.290251 0.95695 0
    outer loop
      vertex 8.2822 30.9096 6
      vertex 10.2861 30.3018 0
      vertex 8.2822 30.9096 0
    endloop
  endfacet
  facet normal -0.986644 -0.162892 0
    outer loop
      vertex -31.3851 -6.24289 0
      vertex -31.7262 -4.17683 6
      vertex -31.7262 -4.17683 0
    endloop
  endfacet
  facet normal -0.986644 -0.162892 0
    outer loop
      vertex -31.7262 -4.17683 6
      vertex -31.3851 -6.24289 0
      vertex -31.3851 -6.24289 6
    endloop
  endfacet
  facet normal 0.995182 -0.0980412 0
    outer loop
      vertex 31.7262 -4.17683 6
      vertex 31.9315 -2.0929 0
      vertex 31.9315 -2.0929 6
    endloop
  endfacet
  facet normal 0.995182 -0.0980412 0
    outer loop
      vertex 31.9315 -2.0929 0
      vertex 31.7262 -4.17683 6
      vertex 31.7262 -4.17683 0
    endloop
  endfacet
  facet normal 0.412712 0.910861 -0
    outer loop
      vertex 14.1532 28.6999 0
      vertex 12.2459 29.5641 6
      vertex 14.1532 28.6999 6
    endloop
  endfacet
  facet normal 0.412712 0.910861 0
    outer loop
      vertex 12.2459 29.5641 6
      vertex 14.1532 28.6999 0
      vertex 12.2459 29.5641 0
    endloop
  endfacet
  facet normal 0.352285 0.935893 -0
    outer loop
      vertex 12.2459 29.5641 0
      vertex 10.2861 30.3018 6
      vertex 12.2459 29.5641 6
    endloop
  endfacet
  facet normal 0.352285 0.935893 0
    outer loop
      vertex 10.2861 30.3018 6
      vertex 12.2459 29.5641 0
      vertex 10.2861 30.3018 0
    endloop
  endfacet
  facet normal 0.528083 0.849193 -0
    outer loop
      vertex 17.7782 26.607 0
      vertex 16 27.7128 6
      vertex 17.7782 26.607 6
    endloop
  endfacet
  facet normal 0.528083 0.849193 0
    outer loop
      vertex 16 27.7128 6
      vertex 17.7782 26.607 0
      vertex 16 27.7128 0
    endloop
  endfacet
  facet normal 0 0 -1
    outer loop
      vertex 1.90526 27.1 0
      vertex 6.24289 31.3851 0
      vertex 2.12504 26.5694 0
    endloop
  endfacet
  facet normal -0 0 -1
    outer loop
      vertex 6.24289 31.3851 0
      vertex 1.90526 27.1 0
      vertex 4.17683 31.7262 0
    endloop
  endfacet
  facet normal 0 0 -1
    outer loop
      vertex 1.55563 27.5556 0
      vertex 4.17683 31.7262 0
      vertex 1.90526 27.1 0
    endloop
  endfacet
  facet normal -0 0 -1
    outer loop
      vertex 4.17683 31.7262 0
      vertex 1.55563 27.5556 0
      vertex 2.0929 31.9315 0
    endloop
  endfacet
  facet normal 0 0 -1
    outer loop
      vertex 1.1 27.9053 0
      vertex 2.0929 31.9315 0
      vertex 1.55563 27.5556 0
    endloop
  endfacet
  facet normal 0 0 -1
    outer loop
      vertex 0.569402 28.125 0
      vertex 2.0929 31.9315 0
      vertex 1.1 27.9053 0
    endloop
  endfacet
  facet normal 0 0 -1
    outer loop
      vertex 0 32 0
      vertex 0.569402 28.125 0
      vertex 0 28.2 0
    endloop
  endfacet
  facet normal 0 0 -1
    outer loop
      vertex 0.569402 28.125 0
      vertex 0 32 0
      vertex 2.0929 31.9315 0
    endloop
  endfacet
  facet normal 0 0 -1
    outer loop
      vertex -0.569402 28.125 0
      vertex 0 32 0
      vertex 0 28.2 0
    endloop
  endfacet
  facet normal 0 0 -1
    outer loop
      vertex -2.0929 31.9315 0
      vertex -0.569402 28.125 0
      vertex -1.1 27.9053 0
    endloop
  endfacet
  facet normal 0 0 -1
    outer loop
      vertex -2.0929 31.9315 0
      vertex -1.1 27.9053 0
      vertex -1.55563 27.5556 0
    endloop
  endfacet
  facet normal 0 0 -1
    outer loop
      vertex -4.17683 31.7262 0
      vertex -1.55563 27.5556 0
      vertex -1.90526 27.1 0
    endloop
  endfacet
  facet normal 0 0 -1
    outer loop
      vertex -0.569402 28.125 0
      vertex -2.0929 31.9315 0
      vertex 0 32 0
    endloop
  endfacet
  facet normal 0 0 -1
    outer loop
      vertex -6.24289 31.3851 0
      vertex -1.90526 27.1 0
      vertex -2.12504 26.5694 0
    endloop
  endfacet
  facet normal 0 0 -1
    outer loop
      vertex -8.2822 30.9096 0
      vertex -2.12504 26.5694 0
      vertex -2.2 26 0
    endloop
  endfacet
  facet normal 0 0 -1
    outer loop
      vertex -1.55563 27.5556 0
      vertex -4.17683 31.7262 0
      vertex -2.0929 31.9315 0
    endloop
  endfacet
  facet normal 0 0 -1
    outer loop
      vertex -20.961 -11.4444 0
      vertex -0.569402 23.875 0
      vertex -20.6114 -11.9 0
    endloop
  endfacet
  facet normal -0 0 -1
    outer loop
      vertex -0.569402 23.875 0
      vertex -20.961 -11.4444 0
      vertex -1.1 24.0947 0
    endloop
  endfacet
  facet normal 0 0 -1
    outer loop
      vertex -21.4167 -11.0947 0
      vertex -1.1 24.0947 0
      vertex -20.961 -11.4444 0
    endloop
  endfacet
  facet normal -0 0 -1
    outer loop
      vertex -1.1 24.0947 0
      vertex -21.0991 24.0589 0
      vertex -19.4804 25.3873 0
    endloop
  endfacet
  facet normal 0 0 -1
    outer loop
      vertex -27.7128 16 0
      vertex -1.1 24.0947 0
      vertex -21.4167 -11.0947 0
    endloop
  endfacet
  facet normal 0 0 -1
    outer loop
      vertex -30.9096 8.2822 0
      vertex -21.4167 -11.0947 0
      vertex -21.9473 -10.875 0
    endloop
  endfacet
  facet normal 0 0 -1
    outer loop
      vertex -32 0 0
      vertex -21.9473 -10.875 0
      vertex -22.5167 -10.8 0
    endloop
  endfacet
  facet normal 0 0 -1
    outer loop
      vertex -1.1 24.0947 0
      vertex -22.6274 22.6274 0
      vertex -21.0991 24.0589 0
    endloop
  endfacet
  facet normal 0 0 -1
    outer loop
      vertex -31.7262 -4.17683 0
      vertex -22.5167 -10.8 0
      vertex -23.0861 -10.875 0
    endloop
  endfacet
  facet normal 0 0 -1
    outer loop
      vertex -31.3851 -6.24289 0
      vertex -23.0861 -10.875 0
      vertex -23.6167 -11.0947 0
    endloop
  endfacet
  facet normal 0 0 -1
    outer loop
      vertex -1.1 24.0947 0
      vertex -24.0589 21.0991 0
      vertex -22.6274 22.6274 0
    endloop
  endfacet
  facet normal 0 0 -1
    outer loop
      vertex -30.9096 -8.2822 0
      vertex -23.6167 -11.0947 0
      vertex -24.0723 -11.4444 0
    endloop
  endfacet
  facet normal 0 0 -1
    outer loop
      vertex -30.3018 -10.2861 0
      vertex -24.0723 -11.4444 0
      vertex -24.4219 -11.9 0
    endloop
  endfacet
  facet normal 0 0 -1
    outer loop
      vertex -29.5641 -12.2459 0
      vertex -24.4219 -11.9 0
      vertex -24.6417 -12.4306 0
    endloop
  endfacet
  facet normal 0 0 -1
    outer loop
      vertex -28.6999 -14.1532 0
      vertex -24.6417 -12.4306 0
      vertex -24.7167 -13 0
    endloop
  endfacet
  facet normal -0 0 -1
    outer loop
      vertex -24.4219 -14.1 0
      vertex -27.7128 -16 0
      vertex -24.6417 -13.5694 0
    endloop
  endfacet
  facet normal 0 0 -1
    outer loop
      vertex -1.1 24.0947 0
      vertex -25.3873 19.4804 0
      vertex -24.0589 21.0991 0
    endloop
  endfacet
  facet normal 0 0 -1
    outer loop
      vertex -28.6999 -14.1532 0
      vertex -24.6417 -13.5694 0
      vertex -27.7128 -16 0
    endloop
  endfacet
  facet normal 0 0 -1
    outer loop
      vertex -1.1 24.0947 0
      vertex -26.607 17.7782 0
      vertex -25.3873 19.4804 0
    endloop
  endfacet
  facet normal -0 0 -1
    outer loop
      vertex -24.6417 -13.5694 0
      vertex -28.6999 -14.1532 0
      vertex -24.7167 -13 0
    endloop
  endfacet
  facet normal 0 0 -1
    outer loop
      vertex -1.1 24.0947 0
      vertex -27.7128 16 0
      vertex -26.607 17.7782 0
    endloop
  endfacet
  facet normal -0 0 -1
    outer loop
      vertex -24.6417 -12.4306 0
      vertex -28.6999 -14.1532 0
      vertex -29.5641 -12.2459 0
    endloop
  endfacet
  facet normal 0 0 -1
    outer loop
      vertex -21.4167 -11.0947 0
      vertex -28.6999 14.1532 0
      vertex -27.7128 16 0
    endloop
  endfacet
  facet normal -0 0 -1
    outer loop
      vertex -24.4219 -11.9 0
      vertex -29.5641 -12.2459 0
      vertex -30.3018 -10.2861 0
    endloop
  endfacet
  facet normal 0 0 -1
    outer loop
      vertex -21.4167 -11.0947 0
      vertex -29.5641 12.2459 0
      vertex -28.6999 14.1532 0
    endloop
  endfacet
  facet normal 0 0 -1
    outer loop
      vertex -24.0723 -11.4444 0
      vertex -30.3018 -10.2861 0
      vertex -30.9096 -8.2822 0
    endloop
  endfacet
  facet normal 0 0 -1
    outer loop
      vertex -21.4167 -11.0947 0
      vertex -30.3018 10.2861 0
      vertex -29.5641 12.2459 0
    endloop
  endfacet
  facet normal 0 0 -1
    outer loop
      vertex -23.6167 -11.0947 0
      vertex -30.9096 -8.2822 0
      vertex -31.3851 -6.24289 0
    endloop
  endfacet
  facet normal 0 0 -1
    outer loop
      vertex -21.4167 -11.0947 0
      vertex -30.9096 8.2822 0
      vertex -30.3018 10.2861 0
    endloop
  endfacet
  facet normal 0 0 -1
    outer loop
      vertex -23.0861 -10.875 0
      vertex -31.3851 -6.24289 0
      vertex -31.7262 -4.17683 0
    endloop
  endfacet
  facet normal 0 0 -1
    outer loop
      vertex -21.9473 -10.875 0
      vertex -31.3851 6.24289 0
      vertex -30.9096 8.2822 0
    endloop
  endfacet
  facet normal 0 0 -1
    outer loop
      vertex -22.5167 -10.8 0
      vertex -31.7262 -4.17683 0
      vertex -31.9315 -2.0929 0
    endloop
  endfacet
  facet normal 0 0 -1
    outer loop
      vertex -21.9473 -10.875 0
      vertex -31.7262 4.17683 0
      vertex -31.3851 6.24289 0
    endloop
  endfacet
  facet normal 0 0 -1
    outer loop
      vertex -22.5167 -10.8 0
      vertex -31.9315 -2.0929 0
      vertex -32 0 0
    endloop
  endfacet
  facet normal 0 0 -1
    outer loop
      vertex -21.9473 -10.875 0
      vertex -31.9315 2.0929 0
      vertex -31.7262 4.17683 0
    endloop
  endfacet
  facet normal 0 0 -1
    outer loop
      vertex -21.9473 -10.875 0
      vertex -32 0 0
      vertex -31.9315 2.0929 0
    endloop
  endfacet
  facet normal 0 0 -1
    outer loop
      vertex 22.5167 -10.8 0
      vertex 32 0 0
      vertex 31.9315 -2.0929 0
    endloop
  endfacet
  facet normal 0 0 -1
    outer loop
      vertex 22.5167 -10.8 0
      vertex 31.9315 -2.0929 0
      vertex 31.7262 -4.17683 0
    endloop
  endfacet
  facet normal 0 0 -1
    outer loop
      vertex 21.9473 -10.875 0
      vertex 32 0 0
      vertex 22.5167 -10.8 0
    endloop
  endfacet
  facet normal 0 0 -1
    outer loop
      vertex 23.0861 -10.875 0
      vertex 31.7262 -4.17683 0
      vertex 31.3851 -6.24289 0
    endloop
  endfacet
  facet normal -0 0 -1
    outer loop
      vertex 32 0 0
      vertex 21.9473 -10.875 0
      vertex 31.9315 2.0929 0
    endloop
  endfacet
  facet normal 0 0 -1
    outer loop
      vertex 23.6167 -11.0947 0
      vertex 31.3851 -6.24289 0
      vertex 30.9096 -8.2822 0
    endloop
  endfacet
  facet normal -0 0 -1
    outer loop
      vertex 31.9315 2.0929 0
      vertex 21.9473 -10.875 0
      vertex 31.7262 4.17683 0
    endloop
  endfacet
  facet normal 0 0 -1
    outer loop
      vertex 24.0723 -11.4444 0
      vertex 30.9096 -8.2822 0
      vertex 30.3018 -10.2861 0
    endloop
  endfacet
  facet normal 0 0 -1
    outer loop
      vertex 31.7262 -4.17683 0
      vertex 23.0861 -10.875 0
      vertex 22.5167 -10.8 0
    endloop
  endfacet
  facet normal 0 0 -1
    outer loop
      vertex 24.4219 -11.9 0
      vertex 30.3018 -10.2861 0
      vertex 29.5641 -12.2459 0
    endloop
  endfacet
  facet normal 0 0 -1
    outer loop
      vertex 31.3851 -6.24289 0
      vertex 23.6167 -11.0947 0
      vertex 23.0861 -10.875 0
    endloop
  endfacet
  facet normal 0 0 -1
    outer loop
      vertex 24.6417 -12.4306 0
      vertex 29.5641 -12.2459 0
      vertex 28.6999 -14.1532 0
    endloop
  endfacet
  facet normal 0 0 -1
    outer loop
      vertex 30.9096 -8.2822 0
      vertex 24.0723 -11.4444 0
      vertex 23.6167 -11.0947 0
    endloop
  endfacet
  facet normal 0 0 -1
    outer loop
      vertex 24.6417 -13.5694 0
      vertex 28.6999 -14.1532 0
      vertex 27.7128 -16 0
    endloop
  endfacet
  facet normal 0 0 -1
    outer loop
      vertex 30.3018 -10.2861 0
      vertex 24.4219 -11.9 0
      vertex 24.0723 -11.4444 0
    endloop
  endfacet
  facet normal 0 0 -1
    outer loop
      vertex 24.0723 -14.5556 0
      vertex 27.7128 -16 0
      vertex 26.607 -17.7782 0
    endloop
  endfacet
  facet normal -0 0 -1
    outer loop
      vertex 29.5641 -12.2459 0
      vertex 24.6417 -12.4306 0
      vertex 24.4219 -11.9 0
    endloop
  endfacet
  facet normal 0 0 -1
    outer loop
      vertex 23.0861 -15.125 0
      vertex 26.607 -17.7782 0
      vertex 25.3873 -19.4804 0
    endloop
  endfacet
  facet normal 0 0 -1
    outer loop
      vertex 28.6999 -14.1532 0
      vertex 24.7167 -13 0
      vertex 24.6417 -12.4306 0
    endloop
  endfacet
  facet normal -0 0 -1
    outer loop
      vertex 31.7262 4.17683 0
      vertex 21.9473 -10.875 0
      vertex 31.3851 6.24289 0
    endloop
  endfacet
  facet normal 0 0 -1
    outer loop
      vertex 28.6999 -14.1532 0
      vertex 24.6417 -13.5694 0
      vertex 24.7167 -13 0
    endloop
  endfacet
  facet normal 0 0 -1
    outer loop
      vertex 27.7128 -16 0
      vertex 24.4219 -14.1 0
      vertex 24.6417 -13.5694 0
    endloop
  endfacet
  facet normal 0 0 -1
    outer loop
      vertex 27.7128 -16 0
      vertex 24.0723 -14.5556 0
      vertex 24.4219 -14.1 0
    endloop
  endfacet
  facet normal 0 0 -1
    outer loop
      vertex 22.5167 -15.2 0
      vertex 25.3873 -19.4804 0
      vertex 24.0589 -21.0991 0
    endloop
  endfacet
  facet normal 0 0 -1
    outer loop
      vertex 26.607 -17.7782 0
      vertex 23.6167 -14.9053 0
      vertex 24.0723 -14.5556 0
    endloop
  endfacet
  facet normal 0 0 -1
    outer loop
      vertex 26.607 -17.7782 0
      vertex 23.0861 -15.125 0
      vertex 23.6167 -14.9053 0
    endloop
  endfacet
  facet normal 0 0 -1
    outer loop
      vertex 21.9473 -15.125 0
      vertex 24.0589 -21.0991 0
      vertex 22.6274 -22.6274 0
    endloop
  endfacet
  facet normal 0 0 -1
    outer loop
      vertex 25.3873 -19.4804 0
      vertex 22.5167 -15.2 0
      vertex 23.0861 -15.125 0
    endloop
  endfacet
  facet normal 0 0 -1
    outer loop
      vertex 24.0589 -21.0991 0
      vertex 21.9473 -15.125 0
      vertex 22.5167 -15.2 0
    endloop
  endfacet
  facet normal 0 0 -1
    outer loop
      vertex 22.6274 -22.6274 0
      vertex 21.4167 -14.9053 0
      vertex 21.9473 -15.125 0
    endloop
  endfacet
  facet normal 0 0 -1
    outer loop
      vertex 21.0991 -24.0589 0
      vertex 21.4167 -14.9053 0
      vertex 22.6274 -22.6274 0
    endloop
  endfacet
  facet normal 0 0 -1
    outer loop
      vertex 21.0991 -24.0589 0
      vertex 20.961 -14.5556 0
      vertex 21.4167 -14.9053 0
    endloop
  endfacet
  facet normal 0 0 -1
    outer loop
      vertex 19.4804 -25.3873 0
      vertex 20.961 -14.5556 0
      vertex 21.0991 -24.0589 0
    endloop
  endfacet
  facet normal -0 0 -1
    outer loop
      vertex 20.961 -14.5556 0
      vertex 19.4804 -25.3873 0
      vertex 20.6114 -14.1 0
    endloop
  endfacet
  facet normal 0 0 -1
    outer loop
      vertex 17.7782 -26.607 0
      vertex 20.6114 -14.1 0
      vertex 19.4804 -25.3873 0
    endloop
  endfacet
  facet normal 0 0 -1
    outer loop
      vertex 16 -27.7128 0
      vertex 20.6114 -14.1 0
      vertex 17.7782 -26.607 0
    endloop
  endfacet
  facet normal -0 0 -1
    outer loop
      vertex 31.3851 6.24289 0
      vertex 21.9473 -10.875 0
      vertex 30.9096 8.2822 0
    endloop
  endfacet
  facet normal 0 0 -1
    outer loop
      vertex 21.4167 -11.0947 0
      vertex 30.9096 8.2822 0
      vertex 21.9473 -10.875 0
    endloop
  endfacet
  facet normal -0 0 -1
    outer loop
      vertex 30.9096 8.2822 0
      vertex 21.4167 -11.0947 0
      vertex 30.3018 10.2861 0
    endloop
  endfacet
  facet normal -0 0 -1
    outer loop
      vertex 30.3018 10.2861 0
      vertex 21.4167 -11.0947 0
      vertex 29.5641 12.2459 0
    endloop
  endfacet
  facet normal -0 0 -1
    outer loop
      vertex 29.5641 12.2459 0
      vertex 21.4167 -11.0947 0
      vertex 28.6999 14.1532 0
    endloop
  endfacet
  facet normal -0 0 -1
    outer loop
      vertex 28.6999 14.1532 0
      vertex 21.4167 -11.0947 0
      vertex 27.7128 16 0
    endloop
  endfacet
  facet normal 0 0 -1
    outer loop
      vertex 1.1 24.0947 0
      vertex 27.7128 16 0
      vertex 21.4167 -11.0947 0
    endloop
  endfacet
  facet normal 0 0 -1
    outer loop
      vertex 27.7128 16 0
      vertex 1.1 24.0947 0
      vertex 26.607 17.7782 0
    endloop
  endfacet
  facet normal 0 0 -1
    outer loop
      vertex 26.607 17.7782 0
      vertex 1.1 24.0947 0
      vertex 25.3873 19.4804 0
    endloop
  endfacet
  facet normal 0 0 -1
    outer loop
      vertex 25.3873 19.4804 0
      vertex 1.1 24.0947 0
      vertex 24.0589 21.0991 0
    endloop
  endfacet
  facet normal 0 0 -1
    outer loop
      vertex 24.0589 21.0991 0
      vertex 1.1 24.0947 0
      vertex 22.6274 22.6274 0
    endloop
  endfacet
  facet normal 0 0 -1
    outer loop
      vertex 1.1 24.0947 0
      vertex 21.4167 -11.0947 0
      vertex 20.961 -11.4444 0
    endloop
  endfacet
  facet normal 0 0 -1
    outer loop
      vertex 0.569402 23.875 0
      vertex 20.961 -11.4444 0
      vertex 20.6114 -11.9 0
    endloop
  endfacet
  facet normal 0 0 -1
    outer loop
      vertex -20.3916 -12.4306 0
      vertex 20.3916 -12.4306 0
      vertex -20.3167 -13 0
    endloop
  endfacet
  facet normal 0 0 -1
    outer loop
      vertex -20.3167 -13 0
      vertex 20.3916 -12.4306 0
      vertex 20.3167 -13 0
    endloop
  endfacet
  facet normal 0 0 -1
    outer loop
      vertex 15.4627 -28 0
      vertex 20.6114 -14.1 0
      vertex 16 -27.7128 0
    endloop
  endfacet
  facet normal 0 -0 -1
    outer loop
      vertex 1.55563 24.4444 0
      vertex 22.6274 22.6274 0
      vertex 1.1 24.0947 0
    endloop
  endfacet
  facet normal -0 0 -1
    outer loop
      vertex 20.6114 -14.1 0
      vertex 15.4627 -28 0
      vertex 20.3916 -13.5694 0
    endloop
  endfacet
  facet normal 0 0 -1
    outer loop
      vertex 22.6274 22.6274 0
      vertex 1.55563 24.4444 0
      vertex 21.0991 24.0589 0
    endloop
  endfacet
  facet normal -0 0 -1
    outer loop
      vertex 20.3916 -13.5694 0
      vertex 15.4627 -28 0
      vertex 20.3167 -13 0
    endloop
  endfacet
  facet normal 0 0 -1
    outer loop
      vertex 21.0991 24.0589 0
      vertex 1.55563 24.4444 0
      vertex 19.4804 25.3873 0
    endloop
  endfacet
  facet normal -0 0 -1
    outer loop
      vertex 20.3167 -13 0
      vertex 15.4627 -28 0
      vertex -20.3167 -13 0
    endloop
  endfacet
  facet normal -0 0 -1
    outer loop
      vertex 19.4804 25.3873 0
      vertex 1.55563 24.4444 0
      vertex 17.7782 26.607 0
    endloop
  endfacet
  facet normal -0 0 -1
    outer loop
      vertex 17.7782 26.607 0
      vertex 1.55563 24.4444 0
      vertex 16 27.7128 0
    endloop
  endfacet
  facet normal -0 0 -1
    outer loop
      vertex 16 27.7128 0
      vertex 1.90526 24.9 0
      vertex 14.1532 28.6999 0
    endloop
  endfacet
  facet normal -0 0 -1
    outer loop
      vertex 14.1532 28.6999 0
      vertex 1.90526 24.9 0
      vertex 12.2459 29.5641 0
    endloop
  endfacet
  facet normal 0 -0 -1
    outer loop
      vertex 2.12504 25.4306 0
      vertex 12.2459 29.5641 0
      vertex 1.90526 24.9 0
    endloop
  endfacet
  facet normal 0 -0 -1
    outer loop
      vertex 2.2 26 0
      vertex 10.2861 30.3018 0
      vertex 2.12504 25.4306 0
    endloop
  endfacet
  facet normal 0 0 -1
    outer loop
      vertex 2.12504 26.5694 0
      vertex 8.2822 30.9096 0
      vertex 2.2 26 0
    endloop
  endfacet
  facet normal -0 0 -1
    outer loop
      vertex 8.2822 30.9096 0
      vertex 2.12504 26.5694 0
      vertex 6.24289 31.3851 0
    endloop
  endfacet
  facet normal -0 0 -1
    outer loop
      vertex 10.2861 30.3018 0
      vertex 2.2 26 0
      vertex 8.2822 30.9096 0
    endloop
  endfacet
  facet normal -0 0 -1
    outer loop
      vertex 12.2459 29.5641 0
      vertex 2.12504 25.4306 0
      vertex 10.2861 30.3018 0
    endloop
  endfacet
  facet normal 0 -0 -1
    outer loop
      vertex 1.90526 24.9 0
      vertex 16 27.7128 0
      vertex 1.55563 24.4444 0
    endloop
  endfacet
  facet normal 0 0 -1
    outer loop
      vertex 20.961 -11.4444 0
      vertex 0.569402 23.875 0
      vertex 1.1 24.0947 0
    endloop
  endfacet
  facet normal 0 0 -1
    outer loop
      vertex 20.3916 -12.4306 0
      vertex -20.3916 -12.4306 0
      vertex 20.6114 -11.9 0
    endloop
  endfacet
  facet normal 0 0 -1
    outer loop
      vertex 20.6114 -11.9 0
      vertex 0 23.8 0
      vertex 0.569402 23.875 0
    endloop
  endfacet
  facet normal 0 0 -1
    outer loop
      vertex -20.6114 -11.9 0
      vertex 20.6114 -11.9 0
      vertex -20.3916 -12.4306 0
    endloop
  endfacet
  facet normal 0 0 -1
    outer loop
      vertex 20.6114 -11.9 0
      vertex -20.6114 -11.9 0
      vertex 0 23.8 0
    endloop
  endfacet
  facet normal -0 0 -1
    outer loop
      vertex 0 23.8 0
      vertex -20.6114 -11.9 0
      vertex -0.569402 23.875 0
    endloop
  endfacet
  facet normal 0 0 -1
    outer loop
      vertex -1.1 24.0947 0
      vertex -19.4804 25.3873 0
      vertex -1.55563 24.4444 0
    endloop
  endfacet
  facet normal 0 0 -1
    outer loop
      vertex -10.2861 30.3018 0
      vertex -2.2 26 0
      vertex -2.12504 25.4306 0
    endloop
  endfacet
  facet normal 0 0 -1
    outer loop
      vertex -1.90526 27.1 0
      vertex -6.24289 31.3851 0
      vertex -4.17683 31.7262 0
    endloop
  endfacet
  facet normal 0 -0 -1
    outer loop
      vertex -17.7782 26.607 0
      vertex -1.55563 24.4444 0
      vertex -19.4804 25.3873 0
    endloop
  endfacet
  facet normal 0 -0 -1
    outer loop
      vertex -16 27.7128 0
      vertex -1.55563 24.4444 0
      vertex -17.7782 26.607 0
    endloop
  endfacet
  facet normal 0 0 -1
    outer loop
      vertex -2.12504 26.5694 0
      vertex -8.2822 30.9096 0
      vertex -6.24289 31.3851 0
    endloop
  endfacet
  facet normal 0 0 -1
    outer loop
      vertex -2.2 26 0
      vertex -10.2861 30.3018 0
      vertex -8.2822 30.9096 0
    endloop
  endfacet
  facet normal 0 0 -1
    outer loop
      vertex -2.12504 25.4306 0
      vertex -12.2459 29.5641 0
      vertex -10.2861 30.3018 0
    endloop
  endfacet
  facet normal 0 0 -1
    outer loop
      vertex -20.3167 -13 0
      vertex 15.4627 -28 0
      vertex -15.4627 -28 0
    endloop
  endfacet
  facet normal 0 0 -1
    outer loop
      vertex -20.6114 -14.1 0
      vertex -15.4627 -28 0
      vertex -16 -27.7128 0
    endloop
  endfacet
  facet normal 0 0 -1
    outer loop
      vertex -1.90526 24.9 0
      vertex -12.2459 29.5641 0
      vertex -2.12504 25.4306 0
    endloop
  endfacet
  facet normal 0 0 -1
    outer loop
      vertex -20.6114 -14.1 0
      vertex -16 -27.7128 0
      vertex -17.7782 -26.607 0
    endloop
  endfacet
  facet normal 0 -0 -1
    outer loop
      vertex -12.2459 29.5641 0
      vertex -1.90526 24.9 0
      vertex -14.1532 28.6999 0
    endloop
  endfacet
  facet normal 0 0 -1
    outer loop
      vertex -20.6114 -14.1 0
      vertex -17.7782 -26.607 0
      vertex -19.4804 -25.3873 0
    endloop
  endfacet
  facet normal 0 -0 -1
    outer loop
      vertex -14.1532 28.6999 0
      vertex -1.90526 24.9 0
      vertex -16 27.7128 0
    endloop
  endfacet
  facet normal 0 0 -1
    outer loop
      vertex -1.55563 24.4444 0
      vertex -16 27.7128 0
      vertex -1.90526 24.9 0
    endloop
  endfacet
  facet normal 0 0 -1
    outer loop
      vertex -15.4627 -28 0
      vertex -20.3916 -13.5694 0
      vertex -20.3167 -13 0
    endloop
  endfacet
  facet normal 0 0 -1
    outer loop
      vertex -15.4627 -28 0
      vertex -20.6114 -14.1 0
      vertex -20.3916 -13.5694 0
    endloop
  endfacet
  facet normal 0 0 -1
    outer loop
      vertex -19.4804 -25.3873 0
      vertex -20.961 -14.5556 0
      vertex -20.6114 -14.1 0
    endloop
  endfacet
  facet normal 0 0 -1
    outer loop
      vertex -21.0991 -24.0589 0
      vertex -20.961 -14.5556 0
      vertex -19.4804 -25.3873 0
    endloop
  endfacet
  facet normal 0 0 -1
    outer loop
      vertex -21.0991 -24.0589 0
      vertex -21.4167 -14.9053 0
      vertex -20.961 -14.5556 0
    endloop
  endfacet
  facet normal 0 0 -1
    outer loop
      vertex -22.6274 -22.6274 0
      vertex -21.4167 -14.9053 0
      vertex -21.0991 -24.0589 0
    endloop
  endfacet
  facet normal 0 0 -1
    outer loop
      vertex -21.4167 -14.9053 0
      vertex -22.6274 -22.6274 0
      vertex -21.9473 -15.125 0
    endloop
  endfacet
  facet normal 0 0 -1
    outer loop
      vertex -24.0589 -21.0991 0
      vertex -21.9473 -15.125 0
      vertex -22.6274 -22.6274 0
    endloop
  endfacet
  facet normal 0 0 -1
    outer loop
      vertex -21.9473 -15.125 0
      vertex -24.0589 -21.0991 0
      vertex -22.5167 -15.2 0
    endloop
  endfacet
  facet normal 0 0 -1
    outer loop
      vertex -25.3873 -19.4804 0
      vertex -22.5167 -15.2 0
      vertex -24.0589 -21.0991 0
    endloop
  endfacet
  facet normal -0 0 -1
    outer loop
      vertex -22.5167 -15.2 0
      vertex -25.3873 -19.4804 0
      vertex -23.0861 -15.125 0
    endloop
  endfacet
  facet normal 0 0 -1
    outer loop
      vertex -26.607 -17.7782 0
      vertex -23.0861 -15.125 0
      vertex -25.3873 -19.4804 0
    endloop
  endfacet
  facet normal -0 0 -1
    outer loop
      vertex -23.0861 -15.125 0
      vertex -26.607 -17.7782 0
      vertex -23.6167 -14.9053 0
    endloop
  endfacet
  facet normal -0 0 -1
    outer loop
      vertex -23.6167 -14.9053 0
      vertex -26.607 -17.7782 0
      vertex -24.0723 -14.5556 0
    endloop
  endfacet
  facet normal 0 0 -1
    outer loop
      vertex -27.7128 -16 0
      vertex -24.0723 -14.5556 0
      vertex -26.607 -17.7782 0
    endloop
  endfacet
  facet normal -0 0 -1
    outer loop
      vertex -24.0723 -14.5556 0
      vertex -27.7128 -16 0
      vertex -24.4219 -14.1 0
    endloop
  endfacet
  facet normal -0.970171 0 0.242422
    outer loop
      vertex -11.685 9.2 6
      vertex -6.685 2.2 26.01
      vertex -6.685 4.2 26.01
    endloop
  endfacet
  facet normal -0.970171 0 0.242422
    outer loop
      vertex -11.685 9.2 6
      vertex -6.685 -15.8 26.01
      vertex -6.685 2.2 26.01
    endloop
  endfacet
  facet normal -0.970171 0 0.242422
    outer loop
      vertex -11.685 -22.8 6
      vertex -6.685 -15.8 26.01
      vertex -11.685 9.2 6
    endloop
  endfacet
  facet normal -0.970171 0 0.242422
    outer loop
      vertex -6.685 -15.8 26.01
      vertex -11.685 -22.8 6
      vertex -6.685 -17.8 26.01
    endloop
  endfacet
  facet normal 0 0 1
    outer loop
      vertex 15.315 4.2 26.01
      vertex 15.3107 2.33081 26.01
      vertex 15.315 2.2 26.01
    endloop
  endfacet
  facet normal 0 0 1
    outer loop
      vertex 15.315 4.2 26.01
      vertex 15.2979 2.46105 26.01
      vertex 15.3107 2.33081 26.01
    endloop
  endfacet
  facet normal 0 0 1
    outer loop
      vertex 15.315 4.2 26.01
      vertex 15.2766 2.59018 26.01
      vertex 15.2979 2.46105 26.01
    endloop
  endfacet
  facet normal 0 0 1
    outer loop
      vertex 15.315 4.2 26.01
      vertex 15.2469 2.71764 26.01
      vertex 15.2766 2.59018 26.01
    endloop
  endfacet
  facet normal 0 0 1
    outer loop
      vertex 15.315 4.2 26.01
      vertex 15.2089 2.84288 26.01
      vertex 15.2469 2.71764 26.01
    endloop
  endfacet
  facet normal 0 0 1
    outer loop
      vertex 15.315 4.2 26.01
      vertex 15.1628 2.96537 26.01
      vertex 15.2089 2.84288 26.01
    endloop
  endfacet
  facet normal 0 0 1
    outer loop
      vertex 15.315 4.2 26.01
      vertex 15.1087 3.08458 26.01
      vertex 15.1628 2.96537 26.01
    endloop
  endfacet
  facet normal 0 0 1
    outer loop
      vertex 15.315 4.2 26.01
      vertex 15.0471 3.2 26.01
      vertex 15.1087 3.08458 26.01
    endloop
  endfacet
  facet normal 0 0 1
    outer loop
      vertex 15.315 4.2 26.01
      vertex 14.9779 3.31114 26.01
      vertex 15.0471 3.2 26.01
    endloop
  endfacet
  facet normal 0 0 1
    outer loop
      vertex 15.315 4.2 26.01
      vertex 14.9017 3.41753 26.01
      vertex 14.9779 3.31114 26.01
    endloop
  endfacet
  facet normal 0 0 1
    outer loop
      vertex 15.315 4.2 26.01
      vertex 14.8187 3.51869 26.01
      vertex 14.9017 3.41753 26.01
    endloop
  endfacet
  facet normal 0 0 1
    outer loop
      vertex 15.315 4.2 26.01
      vertex 14.7292 3.61421 26.01
      vertex 14.8187 3.51869 26.01
    endloop
  endfacet
  facet normal 0 0 1
    outer loop
      vertex 15.315 4.2 26.01
      vertex 14.6337 3.70368 26.01
      vertex 14.7292 3.61421 26.01
    endloop
  endfacet
  facet normal 0 0 1
    outer loop
      vertex 15.315 4.2 26.01
      vertex 14.5325 3.7867 26.01
      vertex 14.6337 3.70368 26.01
    endloop
  endfacet
  facet normal 0 0 1
    outer loop
      vertex 15.315 4.2 26.01
      vertex 14.4261 3.86293 26.01
      vertex 14.5325 3.7867 26.01
    endloop
  endfacet
  facet normal 0 0 1
    outer loop
      vertex 15.315 4.2 26.01
      vertex 14.315 3.93206 26.01
      vertex 14.4261 3.86293 26.01
    endloop
  endfacet
  facet normal 0 0 1
    outer loop
      vertex 15.315 4.2 26.01
      vertex 14.1996 3.99375 26.01
      vertex 14.315 3.93206 26.01
    endloop
  endfacet
  facet normal 0 0 1
    outer loop
      vertex 15.315 4.2 26.01
      vertex 14.0804 4.04776 26.01
      vertex 14.1996 3.99375 26.01
    endloop
  endfacet
  facet normal 0 0 1
    outer loop
      vertex 15.315 4.2 26.01
      vertex 13.9579 4.09386 26.01
      vertex 14.0804 4.04776 26.01
    endloop
  endfacet
  facet normal 0 0 1
    outer loop
      vertex 15.315 4.2 26.01
      vertex 13.8326 4.13185 26.01
      vertex 13.9579 4.09386 26.01
    endloop
  endfacet
  facet normal 0 0 1
    outer loop
      vertex 15.315 4.2 26.01
      vertex 13.7052 4.16156 26.01
      vertex 13.8326 4.13185 26.01
    endloop
  endfacet
  facet normal 0 0 1
    outer loop
      vertex 15.315 4.2 26.01
      vertex 13.576 4.18289 26.01
      vertex 13.7052 4.16156 26.01
    endloop
  endfacet
  facet normal 0 0 1
    outer loop
      vertex 15.315 4.2 26.01
      vertex 13.4458 4.19571 26.01
      vertex 13.576 4.18289 26.01
    endloop
  endfacet
  facet normal 0 -0 1
    outer loop
      vertex 13.4458 4.19571 26.01
      vertex 15.315 4.2 26.01
      vertex 13.315 4.2 26.01
    endloop
  endfacet
  facet normal -0 0 1
    outer loop
      vertex 15.3107 -15.9308 26.01
      vertex 15.315 -17.8 26.01
      vertex 15.315 -15.8 26.01
    endloop
  endfacet
  facet normal -0 0 1
    outer loop
      vertex 15.2979 -16.061 26.01
      vertex 15.315 -17.8 26.01
      vertex 15.3107 -15.9308 26.01
    endloop
  endfacet
  facet normal -0 0 1
    outer loop
      vertex 15.2766 -16.1902 26.01
      vertex 15.315 -17.8 26.01
      vertex 15.2979 -16.061 26.01
    endloop
  endfacet
  facet normal -0 0 1
    outer loop
      vertex 15.2469 -16.3176 26.01
      vertex 15.315 -17.8 26.01
      vertex 15.2766 -16.1902 26.01
    endloop
  endfacet
  facet normal -0 0 1
    outer loop
      vertex 15.2089 -16.4429 26.01
      vertex 15.315 -17.8 26.01
      vertex 15.2469 -16.3176 26.01
    endloop
  endfacet
  facet normal -0 0 1
    outer loop
      vertex 15.1628 -16.5654 26.01
      vertex 15.315 -17.8 26.01
      vertex 15.2089 -16.4429 26.01
    endloop
  endfacet
  facet normal -0 0 1
    outer loop
      vertex 15.1087 -16.6846 26.01
      vertex 15.315 -17.8 26.01
      vertex 15.1628 -16.5654 26.01
    endloop
  endfacet
  facet normal -0 0 1
    outer loop
      vertex 15.0471 -16.8 26.01
      vertex 15.315 -17.8 26.01
      vertex 15.1087 -16.6846 26.01
    endloop
  endfacet
  facet normal -0 0 1
    outer loop
      vertex 14.9779 -16.9111 26.01
      vertex 15.315 -17.8 26.01
      vertex 15.0471 -16.8 26.01
    endloop
  endfacet
  facet normal -0 0 1
    outer loop
      vertex 14.9017 -17.0175 26.01
      vertex 15.315 -17.8 26.01
      vertex 14.9779 -16.9111 26.01
    endloop
  endfacet
  facet normal -0 0 1
    outer loop
      vertex 14.8187 -17.1187 26.01
      vertex 15.315 -17.8 26.01
      vertex 14.9017 -17.0175 26.01
    endloop
  endfacet
  facet normal -0 0 1
    outer loop
      vertex 14.7292 -17.2142 26.01
      vertex 15.315 -17.8 26.01
      vertex 14.8187 -17.1187 26.01
    endloop
  endfacet
  facet normal -0 0 1
    outer loop
      vertex 14.6337 -17.3037 26.01
      vertex 15.315 -17.8 26.01
      vertex 14.7292 -17.2142 26.01
    endloop
  endfacet
  facet normal -0 0 1
    outer loop
      vertex 14.5325 -17.3867 26.01
      vertex 15.315 -17.8 26.01
      vertex 14.6337 -17.3037 26.01
    endloop
  endfacet
  facet normal -0 0 1
    outer loop
      vertex 14.4261 -17.4629 26.01
      vertex 15.315 -17.8 26.01
      vertex 14.5325 -17.3867 26.01
    endloop
  endfacet
  facet normal -0 0 1
    outer loop
      vertex 14.315 -17.5321 26.01
      vertex 15.315 -17.8 26.01
      vertex 14.4261 -17.4629 26.01
    endloop
  endfacet
  facet normal -0 0 1
    outer loop
      vertex 14.1996 -17.5937 26.01
      vertex 15.315 -17.8 26.01
      vertex 14.315 -17.5321 26.01
    endloop
  endfacet
  facet normal -0 0 1
    outer loop
      vertex 14.0804 -17.6478 26.01
      vertex 15.315 -17.8 26.01
      vertex 14.1996 -17.5937 26.01
    endloop
  endfacet
  facet normal -0 0 1
    outer loop
      vertex 13.9579 -17.6939 26.01
      vertex 15.315 -17.8 26.01
      vertex 14.0804 -17.6478 26.01
    endloop
  endfacet
  facet normal -0 0 1
    outer loop
      vertex 13.8326 -17.7319 26.01
      vertex 15.315 -17.8 26.01
      vertex 13.9579 -17.6939 26.01
    endloop
  endfacet
  facet normal -0 0 1
    outer loop
      vertex 13.7052 -17.7616 26.01
      vertex 15.315 -17.8 26.01
      vertex 13.8326 -17.7319 26.01
    endloop
  endfacet
  facet normal -0 0 1
    outer loop
      vertex 13.576 -17.7829 26.01
      vertex 15.315 -17.8 26.01
      vertex 13.7052 -17.7616 26.01
    endloop
  endfacet
  facet normal -0 0 1
    outer loop
      vertex 13.4458 -17.7957 26.01
      vertex 15.315 -17.8 26.01
      vertex 13.576 -17.7829 26.01
    endloop
  endfacet
  facet normal 0 0 1
    outer loop
      vertex 15.315 -17.8 26.01
      vertex 13.4458 -17.7957 26.01
      vertex 13.315 -17.8 26.01
    endloop
  endfacet
  facet normal 0 0 1
    outer loop
      vertex -4.81581 -17.7957 26.01
      vertex -6.685 -17.8 26.01
      vertex -4.685 -17.8 26.01
    endloop
  endfacet
  facet normal 0 0 1
    outer loop
      vertex -4.94605 -17.7829 26.01
      vertex -6.685 -17.8 26.01
      vertex -4.81581 -17.7957 26.01
    endloop
  endfacet
  facet normal 0 0 1
    outer loop
      vertex -5.07518 -17.7616 26.01
      vertex -6.685 -17.8 26.01
      vertex -4.94605 -17.7829 26.01
    endloop
  endfacet
  facet normal 0 0 1
    outer loop
      vertex -5.20264 -17.7319 26.01
      vertex -6.685 -17.8 26.01
      vertex -5.07518 -17.7616 26.01
    endloop
  endfacet
  facet normal 0 0 1
    outer loop
      vertex -5.32788 -17.6939 26.01
      vertex -6.685 -17.8 26.01
      vertex -5.20264 -17.7319 26.01
    endloop
  endfacet
  facet normal 0 0 1
    outer loop
      vertex -5.45037 -17.6478 26.01
      vertex -6.685 -17.8 26.01
      vertex -5.32788 -17.6939 26.01
    endloop
  endfacet
  facet normal 0 0 1
    outer loop
      vertex -5.56958 -17.5937 26.01
      vertex -6.685 -17.8 26.01
      vertex -5.45037 -17.6478 26.01
    endloop
  endfacet
  facet normal 0 0 1
    outer loop
      vertex -5.685 -17.5321 26.01
      vertex -6.685 -17.8 26.01
      vertex -5.56958 -17.5937 26.01
    endloop
  endfacet
  facet normal 0 0 1
    outer loop
      vertex -5.79614 -17.4629 26.01
      vertex -6.685 -17.8 26.01
      vertex -5.685 -17.5321 26.01
    endloop
  endfacet
  facet normal 0 0 1
    outer loop
      vertex -5.90253 -17.3867 26.01
      vertex -6.685 -17.8 26.01
      vertex -5.79614 -17.4629 26.01
    endloop
  endfacet
  facet normal 0 0 1
    outer loop
      vertex -6.00369 -17.3037 26.01
      vertex -6.685 -17.8 26.01
      vertex -5.90253 -17.3867 26.01
    endloop
  endfacet
  facet normal 0 0 1
    outer loop
      vertex -6.09921 -17.2142 26.01
      vertex -6.685 -17.8 26.01
      vertex -6.00369 -17.3037 26.01
    endloop
  endfacet
  facet normal 0 0 1
    outer loop
      vertex -6.18868 -17.1187 26.01
      vertex -6.685 -17.8 26.01
      vertex -6.09921 -17.2142 26.01
    endloop
  endfacet
  facet normal 0 0 1
    outer loop
      vertex -6.2717 -17.0175 26.01
      vertex -6.685 -17.8 26.01
      vertex -6.18868 -17.1187 26.01
    endloop
  endfacet
  facet normal 0 0 1
    outer loop
      vertex -6.34793 -16.9111 26.01
      vertex -6.685 -17.8 26.01
      vertex -6.2717 -17.0175 26.01
    endloop
  endfacet
  facet normal 0 0 1
    outer loop
      vertex -6.41706 -16.8 26.01
      vertex -6.685 -17.8 26.01
      vertex -6.34793 -16.9111 26.01
    endloop
  endfacet
  facet normal 0 0 1
    outer loop
      vertex -6.47875 -16.6846 26.01
      vertex -6.685 -17.8 26.01
      vertex -6.41706 -16.8 26.01
    endloop
  endfacet
  facet normal 0 0 1
    outer loop
      vertex -6.53276 -16.5654 26.01
      vertex -6.685 -17.8 26.01
      vertex -6.47875 -16.6846 26.01
    endloop
  endfacet
  facet normal 0 0 1
    outer loop
      vertex -6.57886 -16.4429 26.01
      vertex -6.685 -17.8 26.01
      vertex -6.53276 -16.5654 26.01
    endloop
  endfacet
  facet normal 0 0 1
    outer loop
      vertex -6.61685 -16.3176 26.01
      vertex -6.685 -17.8 26.01
      vertex -6.57886 -16.4429 26.01
    endloop
  endfacet
  facet normal 0 0 1
    outer loop
      vertex -6.64656 -16.1902 26.01
      vertex -6.685 -17.8 26.01
      vertex -6.61685 -16.3176 26.01
    endloop
  endfacet
  facet normal 0 0 1
    outer loop
      vertex -6.66789 -16.061 26.01
      vertex -6.685 -17.8 26.01
      vertex -6.64656 -16.1902 26.01
    endloop
  endfacet
  facet normal 0 0 1
    outer loop
      vertex -6.68071 -15.9308 26.01
      vertex -6.685 -17.8 26.01
      vertex -6.66789 -16.061 26.01
    endloop
  endfacet
  facet normal 0 0 1
    outer loop
      vertex -6.685 -17.8 26.01
      vertex -6.68071 -15.9308 26.01
      vertex -6.685 -15.8 26.01
    endloop
  endfacet
  facet normal -0 0 1
    outer loop
      vertex -6.685 4.2 26.01
      vertex -4.81581 4.19571 26.01
      vertex -4.685 4.2 26.01
    endloop
  endfacet
  facet normal 0 0 1
    outer loop
      vertex -6.685 4.2 26.01
      vertex -4.94605 4.18289 26.01
      vertex -4.81581 4.19571 26.01
    endloop
  endfacet
  facet normal 0 0 1
    outer loop
      vertex -6.685 4.2 26.01
      vertex -5.07518 4.16156 26.01
      vertex -4.94605 4.18289 26.01
    endloop
  endfacet
  facet normal 0 0 1
    outer loop
      vertex -6.685 4.2 26.01
      vertex -5.20264 4.13185 26.01
      vertex -5.07518 4.16156 26.01
    endloop
  endfacet
  facet normal 0 0 1
    outer loop
      vertex -6.685 4.2 26.01
      vertex -5.32788 4.09386 26.01
      vertex -5.20264 4.13185 26.01
    endloop
  endfacet
  facet normal 0 0 1
    outer loop
      vertex -6.685 4.2 26.01
      vertex -5.45037 4.04776 26.01
      vertex -5.32788 4.09386 26.01
    endloop
  endfacet
  facet normal 0 0 1
    outer loop
      vertex -6.685 4.2 26.01
      vertex -5.56958 3.99375 26.01
      vertex -5.45037 4.04776 26.01
    endloop
  endfacet
  facet normal 0 0 1
    outer loop
      vertex -6.685 4.2 26.01
      vertex -5.685 3.93206 26.01
      vertex -5.56958 3.99375 26.01
    endloop
  endfacet
  facet normal 0 0 1
    outer loop
      vertex -6.685 4.2 26.01
      vertex -5.79614 3.86293 26.01
      vertex -5.685 3.93206 26.01
    endloop
  endfacet
  facet normal 0 0 1
    outer loop
      vertex -6.685 4.2 26.01
      vertex -5.90253 3.7867 26.01
      vertex -5.79614 3.86293 26.01
    endloop
  endfacet
  facet normal 0 0 1
    outer loop
      vertex -6.685 4.2 26.01
      vertex -6.00369 3.70368 26.01
      vertex -5.90253 3.7867 26.01
    endloop
  endfacet
  facet normal 0 0 1
    outer loop
      vertex -6.685 4.2 26.01
      vertex -6.09921 3.61421 26.01
      vertex -6.00369 3.70368 26.01
    endloop
  endfacet
  facet normal 0 0 1
    outer loop
      vertex -6.685 4.2 26.01
      vertex -6.18868 3.51869 26.01
      vertex -6.09921 3.61421 26.01
    endloop
  endfacet
  facet normal 0 0 1
    outer loop
      vertex -6.685 4.2 26.01
      vertex -6.2717 3.41753 26.01
      vertex -6.18868 3.51869 26.01
    endloop
  endfacet
  facet normal 0 0 1
    outer loop
      vertex -6.685 4.2 26.01
      vertex -6.34793 3.31114 26.01
      vertex -6.2717 3.41753 26.01
    endloop
  endfacet
  facet normal 0 0 1
    outer loop
      vertex -6.685 4.2 26.01
      vertex -6.41706 3.2 26.01
      vertex -6.34793 3.31114 26.01
    endloop
  endfacet
  facet normal 0 0 1
    outer loop
      vertex -6.685 4.2 26.01
      vertex -6.47875 3.08458 26.01
      vertex -6.41706 3.2 26.01
    endloop
  endfacet
  facet normal 0 0 1
    outer loop
      vertex -6.685 4.2 26.01
      vertex -6.53276 2.96537 26.01
      vertex -6.47875 3.08458 26.01
    endloop
  endfacet
  facet normal 0 0 1
    outer loop
      vertex -6.685 4.2 26.01
      vertex -6.57886 2.84288 26.01
      vertex -6.53276 2.96537 26.01
    endloop
  endfacet
  facet normal 0 0 1
    outer loop
      vertex -6.685 4.2 26.01
      vertex -6.61685 2.71764 26.01
      vertex -6.57886 2.84288 26.01
    endloop
  endfacet
  facet normal 0 0 1
    outer loop
      vertex -6.685 4.2 26.01
      vertex -6.64656 2.59018 26.01
      vertex -6.61685 2.71764 26.01
    endloop
  endfacet
  facet normal 0 0 1
    outer loop
      vertex -6.685 4.2 26.01
      vertex -6.66789 2.46105 26.01
      vertex -6.64656 2.59018 26.01
    endloop
  endfacet
  facet normal 0 0 1
    outer loop
      vertex -6.685 4.2 26.01
      vertex -6.68071 2.33081 26.01
      vertex -6.66789 2.46105 26.01
    endloop
  endfacet
  facet normal 0 0 1
    outer loop
      vertex -6.68071 2.33081 26.01
      vertex -6.685 4.2 26.01
      vertex -6.685 2.2 26.01
    endloop
  endfacet
  facet normal 0 0.970171 0.242422
    outer loop
      vertex 20.315 9.2 6
      vertex 13.315 4.2 26.01
      vertex 15.315 4.2 26.01
    endloop
  endfacet
  facet normal 0 0.970171 0.242422
    outer loop
      vertex 13.315 4.2 26.01
      vertex 20.315 9.2 6
      vertex -4.685 4.2 26.01
    endloop
  endfacet
  facet normal -0 0.970171 0.242422
    outer loop
      vertex -11.685 9.2 6
      vertex -4.685 4.2 26.01
      vertex 20.315 9.2 6
    endloop
  endfacet
  facet normal 0 0.970171 0.242422
    outer loop
      vertex -4.685 4.2 26.01
      vertex -11.685 9.2 6
      vertex -6.685 4.2 26.01
    endloop
  endfacet
  facet normal 0.970171 -0 0.242422
    outer loop
      vertex 15.315 2.2 26.01
      vertex 20.315 9.2 6
      vertex 15.315 4.2 26.01
    endloop
  endfacet
  facet normal 0.970171 2.30419e-06 0.242422
    outer loop
      vertex 19.0526 -11 11.0523
      vertex 20.315 9.2 6
      vertex 15.315 2.2 26.01
    endloop
  endfacet
  facet normal 0.970168 0 0.242435
    outer loop
      vertex 20.315 9.2 6
      vertex 20.0816 -9.82659 6.93401
      vertex 20.315 -9.68146 6
    endloop
  endfacet
  facet normal 0.970172 -9.70743e-07 0.242417
    outer loop
      vertex 20.315 9.2 6
      vertex 19.5093 -10.3626 9.2244
      vertex 20.0816 -9.82659 6.93401
    endloop
  endfacet
  facet normal 0.970177 -4.47764e-06 0.242397
    outer loop
      vertex 20.315 9.2 6
      vertex 19.0526 -11 11.0523
      vertex 19.5093 -10.3626 9.2244
    endloop
  endfacet
  facet normal 0.970161 -4.33679e-05 0.24246
    outer loop
      vertex 15.315 2.2 26.01
      vertex 18.7289 -11.7142 12.3474
      vertex 19.0526 -11 11.0523
    endloop
  endfacet
  facet normal 0.970181 3.82525e-05 0.242382
    outer loop
      vertex 15.315 2.2 26.01
      vertex 18.5509 -12.4779 13.06
      vertex 18.7289 -11.7142 12.3474
    endloop
  endfacet
  facet normal 0.970171 -0 0.242423
    outer loop
      vertex 15.315 -15.8 26.01
      vertex 18.5509 -12.4779 13.06
      vertex 15.315 2.2 26.01
    endloop
  endfacet
  facet normal 0.970174 -4.82795e-05 0.242411
    outer loop
      vertex 18.5509 -12.4779 13.06
      vertex 15.315 -15.8 26.01
      vertex 18.5252 -13.2616 13.1627
    endloop
  endfacet
  facet normal 0.970171 -0 0.24242
    outer loop
      vertex 15.315 -17.8 26.01
      vertex 18.5252 -13.2616 13.1627
      vertex 15.315 -15.8 26.01
    endloop
  endfacet
  facet normal 0.970166 6.57355e-05 0.242442
    outer loop
      vertex 18.5252 -13.2616 13.1627
      vertex 15.315 -17.8 26.01
      vertex 18.653 -14.0353 12.6515
    endloop
  endfacet
  facet normal 0.970171 -1.4415e-05 0.242421
    outer loop
      vertex 18.653 -14.0353 12.6515
      vertex 15.315 -17.8 26.01
      vertex 18.9292 -14.7692 11.5461
    endloop
  endfacet
  facet normal 0.970171 -4.68428e-06 0.242423
    outer loop
      vertex 20.315 -22.8 6
      vertex 18.9292 -14.7692 11.5461
      vertex 15.315 -17.8 26.01
    endloop
  endfacet
  facet normal 0.970186 3.96594e-05 0.242362
    outer loop
      vertex 18.9292 -14.7692 11.5461
      vertex 20.315 -22.8 6
      vertex 19.3432 -15.435 9.88895
    endloop
  endfacet
  facet normal 0.970163 -1.21833e-05 0.242455
    outer loop
      vertex 19.3432 -15.435 9.88895
      vertex 20.315 -22.8 6
      vertex 19.8793 -16.0074 7.74376
    endloop
  endfacet
  facet normal 0.970174 0 0.24241
    outer loop
      vertex 19.8793 -16.0074 7.74376
      vertex 20.315 -22.8 6
      vertex 20.315 -16.3196 6
    endloop
  endfacet
  facet normal 0 -0.970171 0.242422
    outer loop
      vertex -11.685 -22.8 6
      vertex -4.685 -17.8 26.01
      vertex -6.685 -17.8 26.01
    endloop
  endfacet
  facet normal 0 -0.970171 0.242422
    outer loop
      vertex -4.685 -17.8 26.01
      vertex -11.685 -22.8 6
      vertex 13.315 -17.8 26.01
    endloop
  endfacet
  facet normal 0 -0.970171 0.242422
    outer loop
      vertex 20.315 -22.8 6
      vertex 13.315 -17.8 26.01
      vertex -11.685 -22.8 6
    endloop
  endfacet
  facet normal 0 -0.970171 0.242422
    outer loop
      vertex 13.315 -17.8 26.01
      vertex 20.315 -22.8 6
      vertex 15.315 -17.8 26.01
    endloop
  endfacet
  facet normal 0.0328569 -0.99946 0
    outer loop
      vertex 13.315 -17.8 26.01
      vertex 13.4458 -17.7957 83
      vertex 13.315 -17.8 83
    endloop
  endfacet
  facet normal 0.0328569 -0.99946 0
    outer loop
      vertex 13.4458 -17.7957 83
      vertex 13.315 -17.8 26.01
      vertex 13.4458 -17.7957 26.01
    endloop
  endfacet
  facet normal 0.162665 -0.986681 0
    outer loop
      vertex 13.576 -17.7829 26.01
      vertex 13.7052 -17.7616 83
      vertex 13.576 -17.7829 83
    endloop
  endfacet
  facet normal 0.162665 -0.986681 0
    outer loop
      vertex 13.7052 -17.7616 83
      vertex 13.576 -17.7829 26.01
      vertex 13.7052 -17.7616 26.01
    endloop
  endfacet
  facet normal 0.413285 -0.910602 0
    outer loop
      vertex 14.0804 -17.6478 26.01
      vertex 14.1996 -17.5937 83
      vertex 14.0804 -17.6478 83
    endloop
  endfacet
  facet normal 0.413285 -0.910602 0
    outer loop
      vertex 14.1996 -17.5937 83
      vertex 14.0804 -17.6478 26.01
      vertex 14.1996 -17.5937 26.01
    endloop
  endfacet
  facet normal 0.0978386 -0.995202 0
    outer loop
      vertex 13.4458 -17.7957 26.01
      vertex 13.576 -17.7829 83
      vertex 13.4458 -17.7957 83
    endloop
  endfacet
  facet normal 0.0978386 -0.995202 0
    outer loop
      vertex 13.576 -17.7829 83
      vertex 13.4458 -17.7957 26.01
      vertex 13.576 -17.7829 26.01
    endloop
  endfacet
  facet normal 0.882184 -0.470906 0
    outer loop
      vertex 15.0471 -16.8 83
      vertex 15.1087 -16.6846 26.01
      vertex 15.1087 -16.6846 83
    endloop
  endfacet
  facet normal 0.882184 -0.470906 0
    outer loop
      vertex 15.1087 -16.6846 26.01
      vertex 15.0471 -16.8 83
      vertex 15.0471 -16.8 26.01
    endloop
  endfacet
  facet normal 0.729656 -0.683814 0
    outer loop
      vertex 14.7292 -17.2142 83
      vertex 14.8187 -17.1187 26.01
      vertex 14.8187 -17.1187 83
    endloop
  endfacet
  facet normal 0.729656 -0.683814 0
    outer loop
      vertex 14.8187 -17.1187 26.01
      vertex 14.7292 -17.2142 83
      vertex 14.7292 -17.2142 26.01
    endloop
  endfacet
  facet normal 0 -1 0
    outer loop
      vertex -4.685 -17.8 83
      vertex -1.335 -17.8 79
      vertex 13.315 -17.8 83
    endloop
  endfacet
  facet normal 0 -1 0
    outer loop
      vertex -4.685 -17.8 83
      vertex -1.335 -17.8 74.4
      vertex -1.335 -17.8 79
    endloop
  endfacet
  facet normal 0 -1 -0
    outer loop
      vertex -1.335 -17.8 74.4
      vertex -4.685 -17.8 26.01
      vertex 9.965 -17.8 74.4
    endloop
  endfacet
  facet normal 0 -1 0
    outer loop
      vertex -4.685 -17.8 26.01
      vertex -1.335 -17.8 74.4
      vertex -4.685 -17.8 83
    endloop
  endfacet
  facet normal 0 -1 0
    outer loop
      vertex 9.965 -17.8 79
      vertex 13.315 -17.8 83
      vertex -1.335 -17.8 79
    endloop
  endfacet
  facet normal 0 -1 0
    outer loop
      vertex 9.965 -17.8 74.4
      vertex 13.315 -17.8 83
      vertex 9.965 -17.8 79
    endloop
  endfacet
  facet normal 0 -1 0
    outer loop
      vertex 13.315 -17.8 26.01
      vertex 9.965 -17.8 74.4
      vertex -4.685 -17.8 26.01
    endloop
  endfacet
  facet normal 0 -1 0
    outer loop
      vertex 9.965 -17.8 74.4
      vertex 13.315 -17.8 26.01
      vertex 13.315 -17.8 83
    endloop
  endfacet
  facet normal -0.582286 -0.812984 0
    outer loop
      vertex -5.90253 -17.3867 26.01
      vertex -5.79614 -17.4629 83
      vertex -5.90253 -17.3867 83
    endloop
  endfacet
  facet normal -0.582286 -0.812984 -0
    outer loop
      vertex -5.79614 -17.4629 83
      vertex -5.90253 -17.3867 26.01
      vertex -5.79614 -17.4629 26.01
    endloop
  endfacet
  facet normal -0.528171 0.849138 0
    outer loop
      vertex -5.685 3.93206 26.01
      vertex -5.79614 3.86293 83
      vertex -5.685 3.93206 83
    endloop
  endfacet
  facet normal -0.528171 0.849138 0
    outer loop
      vertex -5.79614 3.86293 83
      vertex -5.685 3.93206 26.01
      vertex -5.79614 3.86293 26.01
    endloop
  endfacet
  facet normal 0.773085 0.634303 0
    outer loop
      vertex 14.9017 3.41753 83
      vertex 14.8187 3.51869 26.01
      vertex 14.8187 3.51869 83
    endloop
  endfacet
  facet normal 0.773085 0.634303 0
    outer loop
      vertex 14.8187 3.51869 26.01
      vertex 14.9017 3.41753 83
      vertex 14.9017 3.41753 26.01
    endloop
  endfacet
  facet normal -0.413256 -0.910615 0
    outer loop
      vertex -5.56958 -17.5937 26.01
      vertex -5.45037 -17.6478 83
      vertex -5.56958 -17.5937 83
    endloop
  endfacet
  facet normal -0.413256 -0.910615 -0
    outer loop
      vertex -5.45037 -17.6478 83
      vertex -5.56958 -17.5937 26.01
      vertex -5.45037 -17.6478 26.01
    endloop
  endfacet
  facet normal -0.973893 0.227007 0
    outer loop
      vertex -6.64656 2.59018 26.01
      vertex -6.61685 2.71764 83
      vertex -6.61685 2.71764 26.01
    endloop
  endfacet
  facet normal -0.973893 0.227007 0
    outer loop
      vertex -6.61685 2.71764 83
      vertex -6.64656 2.59018 26.01
      vertex -6.64656 2.59018 83
    endloop
  endfacet
  facet normal -0.227007 0.973893 0
    outer loop
      vertex -5.07518 4.16156 26.01
      vertex -5.20264 4.13185 83
      vertex -5.07518 4.16156 83
    endloop
  endfacet
  facet normal -0.227007 0.973893 0
    outer loop
      vertex -5.20264 4.13185 83
      vertex -5.07518 4.16156 26.01
      vertex -5.20264 4.13185 26.01
    endloop
  endfacet
  facet normal 0.848813 -0.528693 0
    outer loop
      vertex 14.9779 -16.9111 83
      vertex 15.0471 -16.8 26.01
      vertex 15.0471 -16.8 83
    endloop
  endfacet
  facet normal 0.848813 -0.528693 0
    outer loop
      vertex 15.0471 -16.8 26.01
      vertex 14.9779 -16.9111 83
      vertex 14.9779 -16.9111 26.01
    endloop
  endfacet
  facet normal -0.0978089 -0.995205 0
    outer loop
      vertex -4.94605 -17.7829 26.01
      vertex -4.81581 -17.7957 83
      vertex -4.94605 -17.7829 83
    endloop
  endfacet
  facet normal -0.0978089 -0.995205 -0
    outer loop
      vertex -4.81581 -17.7957 83
      vertex -4.94605 -17.7829 26.01
      vertex -4.81581 -17.7957 26.01
    endloop
  endfacet
  facet normal 0.683814 -0.729656 0
    outer loop
      vertex 14.6337 -17.3037 26.01
      vertex 14.7292 -17.2142 83
      vertex 14.6337 -17.3037 83
    endloop
  endfacet
  facet normal 0.683814 -0.729656 0
    outer loop
      vertex 14.7292 -17.2142 83
      vertex 14.6337 -17.3037 26.01
      vertex 14.7292 -17.2142 26.01
    endloop
  endfacet
  facet normal 0.910602 -0.413285 0
    outer loop
      vertex 15.1087 -16.6846 83
      vertex 15.1628 -16.5654 26.01
      vertex 15.1628 -16.5654 83
    endloop
  endfacet
  facet normal 0.910602 -0.413285 0
    outer loop
      vertex 15.1628 -16.5654 26.01
      vertex 15.1087 -16.6846 83
      vertex 15.1087 -16.6846 26.01
    endloop
  endfacet
  facet normal -0.032778 0.999463 0
    outer loop
      vertex -4.685 4.2 26.01
      vertex -4.81581 4.19571 83
      vertex -4.685 4.2 83
    endloop
  endfacet
  facet normal -0.032778 0.999463 0
    outer loop
      vertex -4.81581 4.19571 83
      vertex -4.685 4.2 26.01
      vertex -4.81581 4.19571 26.01
    endloop
  endfacet
  facet normal 0.352212 -0.93592 0
    outer loop
      vertex 13.9579 -17.6939 26.01
      vertex 14.0804 -17.6478 83
      vertex 13.9579 -17.6939 83
    endloop
  endfacet
  facet normal 0.352212 -0.93592 0
    outer loop
      vertex 14.0804 -17.6478 83
      vertex 13.9579 -17.6939 26.01
      vertex 14.0804 -17.6478 26.01
    endloop
  endfacet
  facet normal -0.729842 0.683616 0
    outer loop
      vertex -6.18868 3.51869 26.01
      vertex -6.09921 3.61421 83
      vertex -6.09921 3.61421 26.01
    endloop
  endfacet
  facet normal -0.729842 0.683616 0
    outer loop
      vertex -6.09921 3.61421 83
      vertex -6.18868 3.51869 26.01
      vertex -6.18868 3.51869 83
    endloop
  endfacet
  facet normal -0.99519 0.0979602 0
    outer loop
      vertex -6.68071 2.33081 26.01
      vertex -6.66789 2.46105 83
      vertex -6.66789 2.46105 26.01
    endloop
  endfacet
  facet normal -0.99519 0.0979602 0
    outer loop
      vertex -6.66789 2.46105 83
      vertex -6.68071 2.33081 26.01
      vertex -6.68071 2.33081 83
    endloop
  endfacet
  facet normal -0.0979602 0.99519 0
    outer loop
      vertex -4.81581 4.19571 26.01
      vertex -4.94605 4.18289 83
      vertex -4.81581 4.19571 83
    endloop
  endfacet
  facet normal -0.0979602 0.99519 0
    outer loop
      vertex -4.94605 4.18289 83
      vertex -4.81581 4.19571 26.01
      vertex -4.94605 4.18289 26.01
    endloop
  endfacet
  facet normal -0.0328544 -0.99946 0
    outer loop
      vertex -4.81581 -17.7957 26.01
      vertex -4.685 -17.8 83
      vertex -4.81581 -17.7957 83
    endloop
  endfacet
  facet normal -0.0328544 -0.99946 -0
    outer loop
      vertex -4.685 -17.8 83
      vertex -4.81581 -17.7957 26.01
      vertex -4.685 -17.8 26.01
    endloop
  endfacet
  facet normal 0.99946 -0.0328569 0
    outer loop
      vertex 15.3107 -15.9308 83
      vertex 15.315 -15.8 26.01
      vertex 15.315 -15.8 83
    endloop
  endfacet
  facet normal 0.99946 -0.0328569 0
    outer loop
      vertex 15.315 -15.8 26.01
      vertex 15.3107 -15.9308 83
      vertex 15.3107 -15.9308 26.01
    endloop
  endfacet
  facet normal -0.956943 0.290277 0
    outer loop
      vertex -6.61685 2.71764 26.01
      vertex -6.57886 2.84288 83
      vertex -6.57886 2.84288 26.01
    endloop
  endfacet
  facet normal -0.956943 0.290277 0
    outer loop
      vertex -6.57886 2.84288 83
      vertex -6.61685 2.71764 26.01
      vertex -6.61685 2.71764 83
    endloop
  endfacet
  facet normal -1 0 0
    outer loop
      vertex -6.685 2.2 26.01
      vertex -6.685 1.7 82.5
      vertex -6.685 2.2 82.5
    endloop
  endfacet
  facet normal -1 0 0
    outer loop
      vertex -6.685 -15.8 26.01
      vertex -6.685 1.7 82.5
      vertex -6.685 2.2 26.01
    endloop
  endfacet
  facet normal -1 0 0
    outer loop
      vertex -6.685 -15.8 83
      vertex -6.685 1.7 82.5
      vertex -6.685 -15.8 26.01
    endloop
  endfacet
  facet normal -1 0 0
    outer loop
      vertex -6.685 1.7 82.5
      vertex -6.685 -15.8 83
      vertex -6.685 1.7 83
    endloop
  endfacet
  facet normal -0.683616 0.729842 0
    outer loop
      vertex -6.00369 3.70368 26.01
      vertex -6.09921 3.61421 83
      vertex -6.00369 3.70368 83
    endloop
  endfacet
  facet normal -0.683616 0.729842 0
    outer loop
      vertex -6.09921 3.61421 83
      vertex -6.00369 3.70368 26.01
      vertex -6.09921 3.61421 26.01
    endloop
  endfacet
  facet normal -0.729771 -0.683692 0
    outer loop
      vertex -6.09921 -17.2142 26.01
      vertex -6.18868 -17.1187 83
      vertex -6.18868 -17.1187 26.01
    endloop
  endfacet
  facet normal -0.729771 -0.683692 0
    outer loop
      vertex -6.18868 -17.1187 83
      vertex -6.09921 -17.2142 26.01
      vertex -6.09921 -17.2142 83
    endloop
  endfacet
  facet normal -0.986645 -0.162888 0
    outer loop
      vertex -6.64656 -16.1902 26.01
      vertex -6.66789 -16.061 83
      vertex -6.66789 -16.061 26.01
    endloop
  endfacet
  facet normal -0.986645 -0.162888 0
    outer loop
      vertex -6.66789 -16.061 83
      vertex -6.64656 -16.1902 26.01
      vertex -6.64656 -16.1902 83
    endloop
  endfacet
  facet normal -0.471377 0.881932 0
    outer loop
      vertex -5.56958 3.99375 26.01
      vertex -5.685 3.93206 83
      vertex -5.56958 3.99375 83
    endloop
  endfacet
  facet normal -0.471377 0.881932 0
    outer loop
      vertex -5.685 3.93206 83
      vertex -5.56958 3.99375 26.01
      vertex -5.685 3.93206 26.01
    endloop
  endfacet
  facet normal -0.352237 -0.935911 0
    outer loop
      vertex -5.45037 -17.6478 26.01
      vertex -5.32788 -17.6939 83
      vertex -5.45037 -17.6478 83
    endloop
  endfacet
  facet normal -0.352237 -0.935911 -0
    outer loop
      vertex -5.32788 -17.6939 83
      vertex -5.45037 -17.6478 26.01
      vertex -5.32788 -17.6939 26.01
    endloop
  endfacet
  facet normal -0.226935 -0.97391 0
    outer loop
      vertex -5.20264 -17.7319 26.01
      vertex -5.07518 -17.7616 83
      vertex -5.20264 -17.7319 83
    endloop
  endfacet
  facet normal -0.226935 -0.97391 -0
    outer loop
      vertex -5.07518 -17.7616 83
      vertex -5.20264 -17.7319 26.01
      vertex -5.07518 -17.7616 26.01
    endloop
  endfacet
  facet normal -0.683738 -0.729728 0
    outer loop
      vertex -6.09921 -17.2142 26.01
      vertex -6.00369 -17.3037 83
      vertex -6.09921 -17.2142 83
    endloop
  endfacet
  facet normal -0.683738 -0.729728 -0
    outer loop
      vertex -6.00369 -17.3037 83
      vertex -6.09921 -17.2142 26.01
      vertex -6.00369 -17.3037 26.01
    endloop
  endfacet
  facet normal -0.999463 0.032764 0
    outer loop
      vertex -6.68071 2.33081 26.01
      vertex -6.68172 2.3 82.5
      vertex -6.68071 2.33081 83
    endloop
  endfacet
  facet normal -0.999463 0.032778 7.6825e-09
    outer loop
      vertex -6.685 2.2 26.01
      vertex -6.68172 2.3 82.5
      vertex -6.68071 2.33081 26.01
    endloop
  endfacet
  facet normal -0.999463 0.0327824 0
    outer loop
      vertex -6.68172 2.3 82.5
      vertex -6.685 2.2 26.01
      vertex -6.685 2.2 82.5
    endloop
  endfacet
  facet normal -0.999463 0.032764 0
    outer loop
      vertex -6.68071 2.33081 83
      vertex -6.68172 2.3 82.5
      vertex -6.68172 2.3 83
    endloop
  endfacet
  facet normal 0.290149 0.956981 -0
    outer loop
      vertex 13.9579 4.09386 26.01
      vertex 13.8326 4.13185 83
      vertex 13.9579 4.09386 83
    endloop
  endfacet
  facet normal 0.290149 0.956981 0
    outer loop
      vertex 13.8326 4.13185 83
      vertex 13.9579 4.09386 26.01
      vertex 13.8326 4.13185 26.01
    endloop
  endfacet
  facet normal 1 0 0
    outer loop
      vertex 15.315 1.7 83
      vertex 15.315 -15.8 83
      vertex 15.315 1.7 82.5
    endloop
  endfacet
  facet normal 1 -0 0
    outer loop
      vertex 15.315 1.7 82.5
      vertex 15.315 2.2 26.01
      vertex 15.315 2.2 82.5
    endloop
  endfacet
  facet normal 1 0 0
    outer loop
      vertex 15.315 -15.8 26.01
      vertex 15.315 1.7 82.5
      vertex 15.315 -15.8 83
    endloop
  endfacet
  facet normal 1 0 0
    outer loop
      vertex 15.315 1.7 82.5
      vertex 15.315 -15.8 26.01
      vertex 15.315 2.2 26.01
    endloop
  endfacet
  facet normal -0.528556 -0.848898 0
    outer loop
      vertex -5.79614 -17.4629 26.01
      vertex -5.685 -17.5321 83
      vertex -5.79614 -17.4629 83
    endloop
  endfacet
  facet normal -0.528556 -0.848898 -0
    outer loop
      vertex -5.685 -17.5321 83
      vertex -5.79614 -17.4629 26.01
      vertex -5.685 -17.5321 26.01
    endloop
  endfacet
  facet normal 0.0327805 0.999463 -0
    outer loop
      vertex 13.4458 4.19571 26.01
      vertex 13.315 4.2 83
      vertex 13.4458 4.19571 83
    endloop
  endfacet
  facet normal 0.0327805 0.999463 0
    outer loop
      vertex 13.315 4.2 83
      vertex 13.4458 4.19571 26.01
      vertex 13.315 4.2 26.01
    endloop
  endfacet
  facet normal -0.98663 0.162974 0
    outer loop
      vertex -6.66789 2.46105 26.01
      vertex -6.64656 2.59018 83
      vertex -6.64656 2.59018 26.01
    endloop
  endfacet
  facet normal -0.98663 0.162974 0
    outer loop
      vertex -6.64656 2.59018 83
      vertex -6.66789 2.46105 26.01
      vertex -6.66789 2.46105 83
    endloop
  endfacet
  facet normal 0.910615 0.413256 0
    outer loop
      vertex 15.1628 2.96537 83
      vertex 15.1087 3.08458 26.01
      vertex 15.1087 3.08458 83
    endloop
  endfacet
  facet normal 0.910615 0.413256 0
    outer loop
      vertex 15.1087 3.08458 26.01
      vertex 15.1628 2.96537 83
      vertex 15.1628 2.96537 26.01
    endloop
  endfacet
  facet normal -0.910873 0.412686 0
    outer loop
      vertex -6.53276 2.96537 26.01
      vertex -6.47875 3.08458 83
      vertex -6.47875 3.08458 26.01
    endloop
  endfacet
  facet normal -0.910873 0.412686 0
    outer loop
      vertex -6.47875 3.08458 83
      vertex -6.53276 2.96537 26.01
      vertex -6.53276 2.96537 83
    endloop
  endfacet
  facet normal 0.986681 -0.162665 0
    outer loop
      vertex 15.2766 -16.1902 83
      vertex 15.2979 -16.061 26.01
      vertex 15.2979 -16.061 83
    endloop
  endfacet
  facet normal 0.986681 -0.162665 0
    outer loop
      vertex 15.2979 -16.061 26.01
      vertex 15.2766 -16.1902 83
      vertex 15.2766 -16.1902 26.01
    endloop
  endfacet
  facet normal 0 1 -0
    outer loop
      vertex 13.315 4.2 26.01
      vertex -4.685 4.2 83
      vertex 13.315 4.2 83
    endloop
  endfacet
  facet normal 0 1 0
    outer loop
      vertex -4.685 4.2 83
      vertex 13.315 4.2 26.01
      vertex -4.685 4.2 26.01
    endloop
  endfacet
  facet normal 0.471441 0.881898 -0
    outer loop
      vertex 14.315 3.93206 26.01
      vertex 14.1996 3.99375 83
      vertex 14.315 3.93206 83
    endloop
  endfacet
  facet normal 0.471441 0.881898 0
    outer loop
      vertex 14.1996 3.99375 83
      vertex 14.315 3.93206 26.01
      vertex 14.1996 3.99375 26.01
    endloop
  endfacet
  facet normal 0.848898 0.528556 0
    outer loop
      vertex 15.0471 3.2 83
      vertex 14.9779 3.31114 26.01
      vertex 14.9779 3.31114 83
    endloop
  endfacet
  facet normal 0.848898 0.528556 0
    outer loop
      vertex 14.9779 3.31114 26.01
      vertex 15.0471 3.2 83
      vertex 15.0471 3.2 26.01
    endloop
  endfacet
  facet normal 0.683692 0.729771 -0
    outer loop
      vertex 14.7292 3.61421 26.01
      vertex 14.6337 3.70368 83
      vertex 14.7292 3.61421 83
    endloop
  endfacet
  facet normal 0.683692 0.729771 0
    outer loop
      vertex 14.6337 3.70368 83
      vertex 14.7292 3.61421 26.01
      vertex 14.6337 3.70368 26.01
    endloop
  endfacet
  facet normal -0.634303 -0.773085 0
    outer loop
      vertex -6.00369 -17.3037 26.01
      vertex -5.90253 -17.3867 83
      vertex -6.00369 -17.3037 83
    endloop
  endfacet
  facet normal -0.634303 -0.773085 -0
    outer loop
      vertex -5.90253 -17.3867 83
      vertex -6.00369 -17.3037 26.01
      vertex -5.90253 -17.3867 26.01
    endloop
  endfacet
  facet normal -0.162751 -0.986667 0
    outer loop
      vertex -5.07518 -17.7616 26.01
      vertex -4.94605 -17.7829 83
      vertex -5.07518 -17.7616 83
    endloop
  endfacet
  facet normal -0.162751 -0.986667 -0
    outer loop
      vertex -4.94605 -17.7829 83
      vertex -5.07518 -17.7616 26.01
      vertex -4.94605 -17.7829 26.01
    endloop
  endfacet
  facet normal -0.470842 -0.882217 0
    outer loop
      vertex -5.685 -17.5321 26.01
      vertex -5.56958 -17.5937 83
      vertex -5.685 -17.5321 83
    endloop
  endfacet
  facet normal -0.470842 -0.882217 -0
    outer loop
      vertex -5.56958 -17.5937 83
      vertex -5.685 -17.5321 26.01
      vertex -5.56958 -17.5937 26.01
    endloop
  endfacet
  facet normal 0.582401 0.812902 -0
    outer loop
      vertex 14.5325 3.7867 26.01
      vertex 14.4261 3.86293 83
      vertex 14.5325 3.7867 83
    endloop
  endfacet
  facet normal 0.582401 0.812902 0
    outer loop
      vertex 14.4261 3.86293 83
      vertex 14.5325 3.7867 26.01
      vertex 14.4261 3.86293 26.01
    endloop
  endfacet
  facet normal 0.634244 0.773133 -0
    outer loop
      vertex 14.6337 3.70368 26.01
      vertex 14.5325 3.7867 83
      vertex 14.6337 3.70368 83
    endloop
  endfacet
  facet normal 0.634244 0.773133 0
    outer loop
      vertex 14.5325 3.7867 83
      vertex 14.6337 3.70368 26.01
      vertex 14.5325 3.7867 26.01
    endloop
  endfacet
  facet normal 0.290219 -0.95696 0
    outer loop
      vertex 13.8326 -17.7319 26.01
      vertex 13.9579 -17.6939 83
      vertex 13.8326 -17.7319 83
    endloop
  endfacet
  facet normal 0.290219 -0.95696 0
    outer loop
      vertex 13.9579 -17.6939 83
      vertex 13.8326 -17.7319 26.01
      vertex 13.9579 -17.6939 26.01
    endloop
  endfacet
  facet normal -0.812876 0.582437 0
    outer loop
      vertex -6.34793 3.31114 26.01
      vertex -6.2717 3.41753 83
      vertex -6.2717 3.41753 26.01
    endloop
  endfacet
  facet normal -0.812876 0.582437 0
    outer loop
      vertex -6.2717 3.41753 83
      vertex -6.34793 3.31114 26.01
      vertex -6.34793 3.31114 83
    endloop
  endfacet
  facet normal -0.849053 -0.528308 0
    outer loop
      vertex -6.34793 -16.9111 26.01
      vertex -6.41706 -16.8 83
      vertex -6.41706 -16.8 26.01
    endloop
  endfacet
  facet normal -0.849053 -0.528308 0
    outer loop
      vertex -6.41706 -16.8 83
      vertex -6.34793 -16.9111 26.01
      vertex -6.34793 -16.9111 83
    endloop
  endfacet
  facet normal -0.290347 -0.956922 0
    outer loop
      vertex -5.32788 -17.6939 26.01
      vertex -5.20264 -17.7319 83
      vertex -5.32788 -17.6939 83
    endloop
  endfacet
  facet normal -0.290347 -0.956922 -0
    outer loop
      vertex -5.20264 -17.7319 83
      vertex -5.32788 -17.6939 26.01
      vertex -5.20264 -17.7319 26.01
    endloop
  endfacet
  facet normal -0.582437 0.812876 0
    outer loop
      vertex -5.79614 3.86293 26.01
      vertex -5.90253 3.7867 83
      vertex -5.79614 3.86293 83
    endloop
  endfacet
  facet normal -0.582437 0.812876 0
    outer loop
      vertex -5.90253 3.7867 83
      vertex -5.79614 3.86293 26.01
      vertex -5.90253 3.7867 26.01
    endloop
  endfacet
  facet normal -0.162974 0.98663 0
    outer loop
      vertex -4.94605 4.18289 26.01
      vertex -5.07518 4.16156 83
      vertex -4.94605 4.18289 83
    endloop
  endfacet
  facet normal -0.162974 0.98663 0
    outer loop
      vertex -5.07518 4.16156 83
      vertex -4.94605 4.18289 26.01
      vertex -5.07518 4.16156 26.01
    endloop
  endfacet
  facet normal 0.882217 0.470842 0
    outer loop
      vertex 15.1087 3.08458 83
      vertex 15.0471 3.2 26.01
      vertex 15.0471 3.2 83
    endloop
  endfacet
  facet normal 0.882217 0.470842 0
    outer loop
      vertex 15.0471 3.2 26.01
      vertex 15.1087 3.08458 83
      vertex 15.1087 3.08458 26.01
    endloop
  endfacet
  facet normal 0.986667 0.162751 0
    outer loop
      vertex 15.2979 2.46105 83
      vertex 15.2766 2.59018 26.01
      vertex 15.2766 2.59018 83
    endloop
  endfacet
  facet normal 0.986667 0.162751 0
    outer loop
      vertex 15.2766 2.59018 26.01
      vertex 15.2979 2.46105 83
      vertex 15.2979 2.46105 26.01
    endloop
  endfacet
  facet normal 0.227036 -0.973886 0
    outer loop
      vertex 13.7052 -17.7616 26.01
      vertex 13.8326 -17.7319 83
      vertex 13.7052 -17.7616 83
    endloop
  endfacet
  facet normal 0.227036 -0.973886 0
    outer loop
      vertex 13.8326 -17.7319 83
      vertex 13.7052 -17.7616 26.01
      vertex 13.8326 -17.7319 26.01
    endloop
  endfacet
  facet normal 0.162888 0.986645 -0
    outer loop
      vertex 13.7052 4.16156 26.01
      vertex 13.576 4.18289 83
      vertex 13.7052 4.16156 83
    endloop
  endfacet
  facet normal 0.162888 0.986645 0
    outer loop
      vertex 13.576 4.18289 83
      vertex 13.7052 4.16156 26.01
      vertex 13.576 4.18289 26.01
    endloop
  endfacet
  facet normal -0.995187 -0.09799 0
    outer loop
      vertex -6.66789 -16.061 26.01
      vertex -6.68071 -15.9308 83
      vertex -6.68071 -15.9308 26.01
    endloop
  endfacet
  facet normal -0.995187 -0.09799 0
    outer loop
      vertex -6.68071 -15.9308 83
      vertex -6.66789 -16.061 26.01
      vertex -6.66789 -16.061 83
    endloop
  endfacet
  facet normal -0.999463 -0.0327805 0
    outer loop
      vertex -6.68071 -15.9308 26.01
      vertex -6.685 -15.8 83
      vertex -6.685 -15.8 26.01
    endloop
  endfacet
  facet normal -0.999463 -0.0327805 0
    outer loop
      vertex -6.685 -15.8 83
      vertex -6.68071 -15.9308 26.01
      vertex -6.68071 -15.9308 83
    endloop
  endfacet
  facet normal 0.528308 0.849053 -0
    outer loop
      vertex 14.4261 3.86293 26.01
      vertex 14.315 3.93206 83
      vertex 14.4261 3.86293 83
    endloop
  endfacet
  facet normal 0.528308 0.849053 0
    outer loop
      vertex 14.315 3.93206 83
      vertex 14.4261 3.86293 26.01
      vertex 14.315 3.93206 26.01
    endloop
  endfacet
  facet normal -0 0 1
    outer loop
      vertex 7.715 -6.8 83
      vertex 15.315 -15.8 83
      vertex 15.315 1.7 83
    endloop
  endfacet
  facet normal -0 0 1
    outer loop
      vertex 7.64967 -7.46331 83
      vertex 15.315 -15.8 83
      vertex 7.715 -6.8 83
    endloop
  endfacet
  facet normal -0 0 1
    outer loop
      vertex 7.45619 -8.10112 83
      vertex 15.315 -15.8 83
      vertex 7.64967 -7.46331 83
    endloop
  endfacet
  facet normal -0 0 1
    outer loop
      vertex 7.142 -8.68894 83
      vertex 15.315 -15.8 83
      vertex 7.45619 -8.10112 83
    endloop
  endfacet
  facet normal -0 0 1
    outer loop
      vertex 6.71916 -9.20416 83
      vertex 15.315 -15.8 83
      vertex 7.142 -8.68894 83
    endloop
  endfacet
  facet normal 0 -0 1
    outer loop
      vertex 13.315 -17.8 83
      vertex 15.315 -15.8 83
      vertex 6.71916 -9.20416 83
    endloop
  endfacet
  facet normal 0 0 1
    outer loop
      vertex 15.315 -15.8 83
      vertex 13.315 -17.8 83
      vertex 15.3107 -15.9308 83
    endloop
  endfacet
  facet normal 0 0 1
    outer loop
      vertex 15.3107 -15.9308 83
      vertex 13.315 -17.8 83
      vertex 15.2979 -16.061 83
    endloop
  endfacet
  facet normal 0 0 1
    outer loop
      vertex 15.2979 -16.061 83
      vertex 13.315 -17.8 83
      vertex 15.2766 -16.1902 83
    endloop
  endfacet
  facet normal 0 0 1
    outer loop
      vertex 15.2766 -16.1902 83
      vertex 13.315 -17.8 83
      vertex 15.2469 -16.3176 83
    endloop
  endfacet
  facet normal 0 0 1
    outer loop
      vertex 15.2469 -16.3176 83
      vertex 13.315 -17.8 83
      vertex 15.2089 -16.4429 83
    endloop
  endfacet
  facet normal 0 0 1
    outer loop
      vertex 15.1628 -16.5654 83
      vertex 13.315 -17.8 83
      vertex 15.1087 -16.6846 83
    endloop
  endfacet
  facet normal 0 0 1
    outer loop
      vertex 15.1087 -16.6846 83
      vertex 13.315 -17.8 83
      vertex 15.0471 -16.8 83
    endloop
  endfacet
  facet normal 0 0 1
    outer loop
      vertex 15.0471 -16.8 83
      vertex 13.315 -17.8 83
      vertex 14.9779 -16.9111 83
    endloop
  endfacet
  facet normal 0 0 1
    outer loop
      vertex 14.9779 -16.9111 83
      vertex 13.315 -17.8 83
      vertex 14.9017 -17.0175 83
    endloop
  endfacet
  facet normal 0 0 1
    outer loop
      vertex 14.9017 -17.0175 83
      vertex 13.315 -17.8 83
      vertex 14.8187 -17.1187 83
    endloop
  endfacet
  facet normal 0 0 1
    outer loop
      vertex 14.7292 -17.2142 83
      vertex 13.315 -17.8 83
      vertex 14.6337 -17.3037 83
    endloop
  endfacet
  facet normal 0 0 1
    outer loop
      vertex 14.6337 -17.3037 83
      vertex 13.315 -17.8 83
      vertex 14.5325 -17.3867 83
    endloop
  endfacet
  facet normal 0 0 1
    outer loop
      vertex 14.5325 -17.3867 83
      vertex 13.315 -17.8 83
      vertex 14.4261 -17.4629 83
    endloop
  endfacet
  facet normal 0 0 1
    outer loop
      vertex 14.4261 -17.4629 83
      vertex 13.315 -17.8 83
      vertex 14.315 -17.5321 83
    endloop
  endfacet
  facet normal 0 0 1
    outer loop
      vertex 14.315 -17.5321 83
      vertex 13.315 -17.8 83
      vertex 14.1996 -17.5937 83
    endloop
  endfacet
  facet normal 0 0 1
    outer loop
      vertex 14.1996 -17.5937 83
      vertex 13.315 -17.8 83
      vertex 14.0804 -17.6478 83
    endloop
  endfacet
  facet normal 0 0 1
    outer loop
      vertex 14.0804 -17.6478 83
      vertex 13.315 -17.8 83
      vertex 13.9579 -17.6939 83
    endloop
  endfacet
  facet normal 0 0 1
    outer loop
      vertex 13.8326 -17.7319 83
      vertex 13.315 -17.8 83
      vertex 13.7052 -17.7616 83
    endloop
  endfacet
  facet normal 0 0 1
    outer loop
      vertex 14.8187 -17.1187 83
      vertex 13.315 -17.8 83
      vertex 14.7292 -17.2142 83
    endloop
  endfacet
  facet normal 0 0 1
    outer loop
      vertex 15.315 1.7 83
      vertex 7.64967 -6.13669 83
      vertex 7.715 -6.8 83
    endloop
  endfacet
  facet normal 0 0 1
    outer loop
      vertex 15.315 1.7 83
      vertex 7.45619 -5.49888 83
      vertex 7.64967 -6.13669 83
    endloop
  endfacet
  facet normal 0 0 1
    outer loop
      vertex 15.315 1.7 83
      vertex 7.142 -4.91106 83
      vertex 7.45619 -5.49888 83
    endloop
  endfacet
  facet normal 0 0 1
    outer loop
      vertex 15.315 1.7 83
      vertex 6.71916 -4.39584 83
      vertex 7.142 -4.91106 83
    endloop
  endfacet
  facet normal 0 0 1
    outer loop
      vertex 15.315 1.7 83
      vertex 6.20394 -3.973 83
      vertex 6.71916 -4.39584 83
    endloop
  endfacet
  facet normal 0 0 1
    outer loop
      vertex 15.315 1.7 83
      vertex 5.61612 -3.65881 83
      vertex 6.20394 -3.973 83
    endloop
  endfacet
  facet normal 0 0 1
    outer loop
      vertex 15.315 1.7 83
      vertex 4.97831 -3.46533 83
      vertex 5.61612 -3.65881 83
    endloop
  endfacet
  facet normal 0 0 1
    outer loop
      vertex 15.315 1.7 83
      vertex 4.315 -3.4 83
      vertex 4.97831 -3.46533 83
    endloop
  endfacet
  facet normal -0 0 1
    outer loop
      vertex -6.685 1.7 83
      vertex 4.315 -3.4 83
      vertex 15.315 1.7 83
    endloop
  endfacet
  facet normal 0 0 1
    outer loop
      vertex 4.315 -3.4 83
      vertex -6.685 1.7 83
      vertex 3.65169 -3.46533 83
    endloop
  endfacet
  facet normal 0 0 1
    outer loop
      vertex -6.685 1.7 83
      vertex 0.915 -6.8 83
      vertex 0.980331 -6.13669 83
    endloop
  endfacet
  facet normal 0 0 1
    outer loop
      vertex -6.685 1.7 83
      vertex 0.980331 -6.13669 83
      vertex 1.17381 -5.49888 83
    endloop
  endfacet
  facet normal 0 0 1
    outer loop
      vertex 0.915 -6.8 83
      vertex -6.685 -15.8 83
      vertex -4.685 -17.8 83
    endloop
  endfacet
  facet normal 0 0 1
    outer loop
      vertex -4.685 -17.8 83
      vertex -6.685 -15.8 83
      vertex -4.81581 -17.7957 83
    endloop
  endfacet
  facet normal 0 0 1
    outer loop
      vertex -4.81581 -17.7957 83
      vertex -6.685 -15.8 83
      vertex -4.94605 -17.7829 83
    endloop
  endfacet
  facet normal 0 0 1
    outer loop
      vertex -4.94605 -17.7829 83
      vertex -6.685 -15.8 83
      vertex -5.07518 -17.7616 83
    endloop
  endfacet
  facet normal 0 0 1
    outer loop
      vertex -5.07518 -17.7616 83
      vertex -6.685 -15.8 83
      vertex -5.20264 -17.7319 83
    endloop
  endfacet
  facet normal 0 0 1
    outer loop
      vertex -5.20264 -17.7319 83
      vertex -6.685 -15.8 83
      vertex -5.32788 -17.6939 83
    endloop
  endfacet
  facet normal 0 0 1
    outer loop
      vertex -6.685 1.7 83
      vertex 1.17381 -5.49888 83
      vertex 1.488 -4.91106 83
    endloop
  endfacet
  facet normal 0 0 1
    outer loop
      vertex -5.32788 -17.6939 83
      vertex -6.685 -15.8 83
      vertex -5.45037 -17.6478 83
    endloop
  endfacet
  facet normal 0 0 1
    outer loop
      vertex -5.45037 -17.6478 83
      vertex -6.685 -15.8 83
      vertex -5.56958 -17.5937 83
    endloop
  endfacet
  facet normal 0 0 1
    outer loop
      vertex -5.56958 -17.5937 83
      vertex -6.685 -15.8 83
      vertex -5.685 -17.5321 83
    endloop
  endfacet
  facet normal 0 0 1
    outer loop
      vertex -5.685 -17.5321 83
      vertex -6.685 -15.8 83
      vertex -5.79614 -17.4629 83
    endloop
  endfacet
  facet normal 0 0 1
    outer loop
      vertex -5.79614 -17.4629 83
      vertex -6.685 -15.8 83
      vertex -5.90253 -17.3867 83
    endloop
  endfacet
  facet normal 0 0 1
    outer loop
      vertex -5.90253 -17.3867 83
      vertex -6.685 -15.8 83
      vertex -6.00369 -17.3037 83
    endloop
  endfacet
  facet normal 0 0 1
    outer loop
      vertex -6.00369 -17.3037 83
      vertex -6.685 -15.8 83
      vertex -6.09921 -17.2142 83
    endloop
  endfacet
  facet normal 0 0 1
    outer loop
      vertex -6.09921 -17.2142 83
      vertex -6.685 -15.8 83
      vertex -6.18868 -17.1187 83
    endloop
  endfacet
  facet normal 0 0 1
    outer loop
      vertex -6.18868 -17.1187 83
      vertex -6.685 -15.8 83
      vertex -6.2717 -17.0175 83
    endloop
  endfacet
  facet normal 0 0 1
    outer loop
      vertex -6.2717 -17.0175 83
      vertex -6.685 -15.8 83
      vertex -6.34793 -16.9111 83
    endloop
  endfacet
  facet normal 0 0 1
    outer loop
      vertex -6.34793 -16.9111 83
      vertex -6.685 -15.8 83
      vertex -6.41706 -16.8 83
    endloop
  endfacet
  facet normal 0 0 1
    outer loop
      vertex -6.41706 -16.8 83
      vertex -6.685 -15.8 83
      vertex -6.47875 -16.6846 83
    endloop
  endfacet
  facet normal 0 0 1
    outer loop
      vertex -6.47875 -16.6846 83
      vertex -6.685 -15.8 83
      vertex -6.53276 -16.5654 83
    endloop
  endfacet
  facet normal 0 0 1
    outer loop
      vertex -6.53276 -16.5654 83
      vertex -6.685 -15.8 83
      vertex -6.57886 -16.4429 83
    endloop
  endfacet
  facet normal 0 0 1
    outer loop
      vertex -6.57886 -16.4429 83
      vertex -6.685 -15.8 83
      vertex -6.61685 -16.3176 83
    endloop
  endfacet
  facet normal 0 0 1
    outer loop
      vertex -6.61685 -16.3176 83
      vertex -6.685 -15.8 83
      vertex -6.64656 -16.1902 83
    endloop
  endfacet
  facet normal 0 0 1
    outer loop
      vertex -6.64656 -16.1902 83
      vertex -6.685 -15.8 83
      vertex -6.66789 -16.061 83
    endloop
  endfacet
  facet normal 0 0 1
    outer loop
      vertex 3.65169 -3.46533 83
      vertex -6.685 1.7 83
      vertex 3.01388 -3.65881 83
    endloop
  endfacet
  facet normal 0 0 1
    outer loop
      vertex -6.685 1.7 83
      vertex 2.42606 -3.973 83
      vertex 3.01388 -3.65881 83
    endloop
  endfacet
  facet normal 0 0 1
    outer loop
      vertex -6.685 1.7 83
      vertex 1.91084 -4.39584 83
      vertex 2.42606 -3.973 83
    endloop
  endfacet
  facet normal 0 0 1
    outer loop
      vertex -6.685 1.7 83
      vertex 1.488 -4.91106 83
      vertex 1.91084 -4.39584 83
    endloop
  endfacet
  facet normal 0 0 1
    outer loop
      vertex 0.915 -6.8 83
      vertex -6.685 1.7 83
      vertex -6.685 -15.8 83
    endloop
  endfacet
  facet normal 0 0 1
    outer loop
      vertex -6.66789 -16.061 83
      vertex -6.685 -15.8 83
      vertex -6.68071 -15.9308 83
    endloop
  endfacet
  facet normal 0 0 1
    outer loop
      vertex 13.7052 -17.7616 83
      vertex 13.315 -17.8 83
      vertex 13.576 -17.7829 83
    endloop
  endfacet
  facet normal 0 0 1
    outer loop
      vertex 13.576 -17.7829 83
      vertex 13.315 -17.8 83
      vertex 13.4458 -17.7957 83
    endloop
  endfacet
  facet normal 0 0 1
    outer loop
      vertex 13.9579 -17.6939 83
      vertex 13.315 -17.8 83
      vertex 13.8326 -17.7319 83
    endloop
  endfacet
  facet normal 0 0 1
    outer loop
      vertex 15.2089 -16.4429 83
      vertex 13.315 -17.8 83
      vertex 15.1628 -16.5654 83
    endloop
  endfacet
  facet normal -0 0 1
    outer loop
      vertex 6.20394 -9.627 83
      vertex 13.315 -17.8 83
      vertex 6.71916 -9.20416 83
    endloop
  endfacet
  facet normal -0 0 1
    outer loop
      vertex 5.61612 -9.94119 83
      vertex 13.315 -17.8 83
      vertex 6.20394 -9.627 83
    endloop
  endfacet
  facet normal -0 0 1
    outer loop
      vertex 4.97831 -10.1347 83
      vertex 13.315 -17.8 83
      vertex 5.61612 -9.94119 83
    endloop
  endfacet
  facet normal -0 0 1
    outer loop
      vertex 4.315 -10.2 83
      vertex 13.315 -17.8 83
      vertex 4.97831 -10.1347 83
    endloop
  endfacet
  facet normal 0 0 1
    outer loop
      vertex -4.685 -17.8 83
      vertex 4.315 -10.2 83
      vertex 3.65169 -10.1347 83
    endloop
  endfacet
  facet normal 0 0 1
    outer loop
      vertex -4.685 -17.8 83
      vertex 3.65169 -10.1347 83
      vertex 3.01388 -9.94119 83
    endloop
  endfacet
  facet normal 0 0 1
    outer loop
      vertex -4.685 -17.8 83
      vertex 3.01388 -9.94119 83
      vertex 2.42606 -9.627 83
    endloop
  endfacet
  facet normal 0 0 1
    outer loop
      vertex 4.315 -10.2 83
      vertex -4.685 -17.8 83
      vertex 13.315 -17.8 83
    endloop
  endfacet
  facet normal 0 0 1
    outer loop
      vertex 1.91084 -9.20416 83
      vertex -4.685 -17.8 83
      vertex 2.42606 -9.627 83
    endloop
  endfacet
  facet normal 0 0 1
    outer loop
      vertex 1.488 -8.68894 83
      vertex -4.685 -17.8 83
      vertex 1.91084 -9.20416 83
    endloop
  endfacet
  facet normal 0 0 1
    outer loop
      vertex 1.17381 -8.10112 83
      vertex -4.685 -17.8 83
      vertex 1.488 -8.68894 83
    endloop
  endfacet
  facet normal 0 0 1
    outer loop
      vertex 0.980331 -7.46331 83
      vertex -4.685 -17.8 83
      vertex 1.17381 -8.10112 83
    endloop
  endfacet
  facet normal 0 0 1
    outer loop
      vertex -4.685 -17.8 83
      vertex 0.980331 -7.46331 83
      vertex 0.915 -6.8 83
    endloop
  endfacet
  facet normal 0 0 1
    outer loop
      vertex 15.2979 2.46105 83
      vertex 15.3117 2.3 83
      vertex 15.3107 2.33081 83
    endloop
  endfacet
  facet normal 0 0 1
    outer loop
      vertex 15.2766 2.59018 83
      vertex 15.3117 2.3 83
      vertex 15.2979 2.46105 83
    endloop
  endfacet
  facet normal 0 0 1
    outer loop
      vertex 15.2469 2.71764 83
      vertex 15.3117 2.3 83
      vertex 15.2766 2.59018 83
    endloop
  endfacet
  facet normal 0 0 1
    outer loop
      vertex 15.2089 2.84288 83
      vertex 15.3117 2.3 83
      vertex 15.2469 2.71764 83
    endloop
  endfacet
  facet normal 0 0 1
    outer loop
      vertex 15.1628 2.96537 83
      vertex 15.3117 2.3 83
      vertex 15.2089 2.84288 83
    endloop
  endfacet
  facet normal 0 0 1
    outer loop
      vertex 15.1087 3.08458 83
      vertex 15.3117 2.3 83
      vertex 15.1628 2.96537 83
    endloop
  endfacet
  facet normal 0 0 1
    outer loop
      vertex 15.0471 3.2 83
      vertex 15.3117 2.3 83
      vertex 15.1087 3.08458 83
    endloop
  endfacet
  facet normal 0 0 1
    outer loop
      vertex 14.9779 3.31114 83
      vertex 15.3117 2.3 83
      vertex 15.0471 3.2 83
    endloop
  endfacet
  facet normal 0 0 1
    outer loop
      vertex 14.9017 3.41753 83
      vertex 15.3117 2.3 83
      vertex 14.9779 3.31114 83
    endloop
  endfacet
  facet normal 0 0 1
    outer loop
      vertex 14.8187 3.51869 83
      vertex 15.3117 2.3 83
      vertex 14.9017 3.41753 83
    endloop
  endfacet
  facet normal 0 0 1
    outer loop
      vertex 14.7292 3.61421 83
      vertex 15.3117 2.3 83
      vertex 14.8187 3.51869 83
    endloop
  endfacet
  facet normal 0 0 1
    outer loop
      vertex 14.6337 3.70368 83
      vertex 15.3117 2.3 83
      vertex 14.7292 3.61421 83
    endloop
  endfacet
  facet normal 0 0 1
    outer loop
      vertex 14.5325 3.7867 83
      vertex 15.3117 2.3 83
      vertex 14.6337 3.70368 83
    endloop
  endfacet
  facet normal 0 0 1
    outer loop
      vertex 14.4261 3.86293 83
      vertex 15.3117 2.3 83
      vertex 14.5325 3.7867 83
    endloop
  endfacet
  facet normal 0 0 1
    outer loop
      vertex 14.315 3.93206 83
      vertex 15.3117 2.3 83
      vertex 14.4261 3.86293 83
    endloop
  endfacet
  facet normal 0 0 1
    outer loop
      vertex 14.1996 3.99375 83
      vertex 15.3117 2.3 83
      vertex 14.315 3.93206 83
    endloop
  endfacet
  facet normal 0 0 1
    outer loop
      vertex 14.0804 4.04776 83
      vertex 15.3117 2.3 83
      vertex 14.1996 3.99375 83
    endloop
  endfacet
  facet normal 0 0 1
    outer loop
      vertex 13.9579 4.09386 83
      vertex 15.3117 2.3 83
      vertex 14.0804 4.04776 83
    endloop
  endfacet
  facet normal 0 0 1
    outer loop
      vertex 13.8326 4.13185 83
      vertex 15.3117 2.3 83
      vertex 13.9579 4.09386 83
    endloop
  endfacet
  facet normal 0 0 1
    outer loop
      vertex 13.7052 4.16156 83
      vertex 15.3117 2.3 83
      vertex 13.8326 4.13185 83
    endloop
  endfacet
  facet normal 0 0 1
    outer loop
      vertex 13.576 4.18289 83
      vertex 15.3117 2.3 83
      vertex 13.7052 4.16156 83
    endloop
  endfacet
  facet normal 0 0 1
    outer loop
      vertex 13.4458 4.19571 83
      vertex 15.3117 2.3 83
      vertex 13.576 4.18289 83
    endloop
  endfacet
  facet normal 0 0 1
    outer loop
      vertex 13.315 4.2 83
      vertex 15.3117 2.3 83
      vertex 13.4458 4.19571 83
    endloop
  endfacet
  facet normal -0 0 1
    outer loop
      vertex -4.685 4.2 83
      vertex 15.3117 2.3 83
      vertex 13.315 4.2 83
    endloop
  endfacet
  facet normal 0 0 1
    outer loop
      vertex -6.68172 2.3 83
      vertex -4.685 4.2 83
      vertex -4.81581 4.19571 83
    endloop
  endfacet
  facet normal 0 0 1
    outer loop
      vertex -6.68172 2.3 83
      vertex -4.81581 4.19571 83
      vertex -4.94605 4.18289 83
    endloop
  endfacet
  facet normal 0 0 1
    outer loop
      vertex -6.68172 2.3 83
      vertex -4.94605 4.18289 83
      vertex -5.07518 4.16156 83
    endloop
  endfacet
  facet normal 0 0 1
    outer loop
      vertex -6.68172 2.3 83
      vertex -5.07518 4.16156 83
      vertex -5.20264 4.13185 83
    endloop
  endfacet
  facet normal 0 0 1
    outer loop
      vertex -6.68172 2.3 83
      vertex -5.20264 4.13185 83
      vertex -5.32788 4.09386 83
    endloop
  endfacet
  facet normal 0 0 1
    outer loop
      vertex -6.68172 2.3 83
      vertex -5.32788 4.09386 83
      vertex -5.45037 4.04776 83
    endloop
  endfacet
  facet normal 0 0 1
    outer loop
      vertex -6.68172 2.3 83
      vertex -5.45037 4.04776 83
      vertex -5.56958 3.99375 83
    endloop
  endfacet
  facet normal 0 0 1
    outer loop
      vertex -6.68172 2.3 83
      vertex -5.56958 3.99375 83
      vertex -5.685 3.93206 83
    endloop
  endfacet
  facet normal 0 0 1
    outer loop
      vertex -6.68172 2.3 83
      vertex -5.685 3.93206 83
      vertex -5.79614 3.86293 83
    endloop
  endfacet
  facet normal 0 0 1
    outer loop
      vertex -6.68172 2.3 83
      vertex -5.79614 3.86293 83
      vertex -5.90253 3.7867 83
    endloop
  endfacet
  facet normal 0 0 1
    outer loop
      vertex -6.68172 2.3 83
      vertex -5.90253 3.7867 83
      vertex -6.00369 3.70368 83
    endloop
  endfacet
  facet normal 0 0 1
    outer loop
      vertex -6.68172 2.3 83
      vertex -6.00369 3.70368 83
      vertex -6.09921 3.61421 83
    endloop
  endfacet
  facet normal 0 0 1
    outer loop
      vertex -6.68172 2.3 83
      vertex -6.09921 3.61421 83
      vertex -6.18868 3.51869 83
    endloop
  endfacet
  facet normal 0 0 1
    outer loop
      vertex -6.68172 2.3 83
      vertex -6.18868 3.51869 83
      vertex -6.2717 3.41753 83
    endloop
  endfacet
  facet normal 0 0 1
    outer loop
      vertex -6.68172 2.3 83
      vertex -6.2717 3.41753 83
      vertex -6.34793 3.31114 83
    endloop
  endfacet
  facet normal 0 0 1
    outer loop
      vertex -6.68172 2.3 83
      vertex -6.34793 3.31114 83
      vertex -6.41706 3.2 83
    endloop
  endfacet
  facet normal 0 0 1
    outer loop
      vertex -6.68172 2.3 83
      vertex -6.41706 3.2 83
      vertex -6.47875 3.08458 83
    endloop
  endfacet
  facet normal 0 0 1
    outer loop
      vertex -6.68172 2.3 83
      vertex -6.47875 3.08458 83
      vertex -6.53276 2.96537 83
    endloop
  endfacet
  facet normal 0 0 1
    outer loop
      vertex -6.68172 2.3 83
      vertex -6.53276 2.96537 83
      vertex -6.57886 2.84288 83
    endloop
  endfacet
  facet normal 0 0 1
    outer loop
      vertex -6.68172 2.3 83
      vertex -6.57886 2.84288 83
      vertex -6.61685 2.71764 83
    endloop
  endfacet
  facet normal 0 0 1
    outer loop
      vertex -6.68172 2.3 83
      vertex -6.61685 2.71764 83
      vertex -6.64656 2.59018 83
    endloop
  endfacet
  facet normal 0 0 1
    outer loop
      vertex -6.68172 2.3 83
      vertex -6.64656 2.59018 83
      vertex -6.66789 2.46105 83
    endloop
  endfacet
  facet normal 0 0 1
    outer loop
      vertex -6.68172 2.3 83
      vertex -6.66789 2.46105 83
      vertex -6.68071 2.33081 83
    endloop
  endfacet
  facet normal 0 0 1
    outer loop
      vertex -4.685 4.2 83
      vertex -6.68172 2.3 83
      vertex 15.3117 2.3 83
    endloop
  endfacet
  facet normal -0.935911 0.352237 0
    outer loop
      vertex -6.57886 2.84288 26.01
      vertex -6.53276 2.96537 83
      vertex -6.53276 2.96537 26.01
    endloop
  endfacet
  facet normal -0.935911 0.352237 0
    outer loop
      vertex -6.53276 2.96537 83
      vertex -6.57886 2.84288 26.01
      vertex -6.57886 2.84288 83
    endloop
  endfacet
  facet normal -0.77301 0.634394 0
    outer loop
      vertex -6.2717 3.41753 26.01
      vertex -6.18868 3.51869 83
      vertex -6.18868 3.51869 26.01
    endloop
  endfacet
  facet normal -0.77301 0.634394 0
    outer loop
      vertex -6.18868 3.51869 83
      vertex -6.2717 3.41753 26.01
      vertex -6.2717 3.41753 83
    endloop
  endfacet
  facet normal -0.812902 -0.582401 0
    outer loop
      vertex -6.2717 -17.0175 26.01
      vertex -6.34793 -16.9111 83
      vertex -6.34793 -16.9111 26.01
    endloop
  endfacet
  facet normal -0.812902 -0.582401 0
    outer loop
      vertex -6.34793 -16.9111 83
      vertex -6.2717 -17.0175 26.01
      vertex -6.2717 -17.0175 83
    endloop
  endfacet
  facet normal -0.973869 -0.227109 0
    outer loop
      vertex -6.61685 -16.3176 26.01
      vertex -6.64656 -16.1902 83
      vertex -6.64656 -16.1902 26.01
    endloop
  endfacet
  facet normal -0.973869 -0.227109 0
    outer loop
      vertex -6.64656 -16.1902 83
      vertex -6.61685 -16.3176 26.01
      vertex -6.61685 -16.3176 83
    endloop
  endfacet
  facet normal -0.956981 -0.290149 0
    outer loop
      vertex -6.57886 -16.4429 26.01
      vertex -6.61685 -16.3176 83
      vertex -6.61685 -16.3176 26.01
    endloop
  endfacet
  facet normal -0.956981 -0.290149 0
    outer loop
      vertex -6.61685 -16.3176 83
      vertex -6.57886 -16.4429 26.01
      vertex -6.57886 -16.4429 83
    endloop
  endfacet
  facet normal -0.881932 0.471377 0
    outer loop
      vertex -6.47875 3.08458 26.01
      vertex -6.41706 3.2 83
      vertex -6.41706 3.2 26.01
    endloop
  endfacet
  facet normal -0.881932 0.471377 0
    outer loop
      vertex -6.41706 3.2 83
      vertex -6.47875 3.08458 26.01
      vertex -6.47875 3.08458 83
    endloop
  endfacet
  facet normal -0.91086 -0.412715 0
    outer loop
      vertex -6.47875 -16.6846 26.01
      vertex -6.53276 -16.5654 83
      vertex -6.53276 -16.5654 26.01
    endloop
  endfacet
  facet normal -0.91086 -0.412715 0
    outer loop
      vertex -6.53276 -16.5654 83
      vertex -6.47875 -16.6846 26.01
      vertex -6.47875 -16.6846 83
    endloop
  endfacet
  facet normal 0.528693 -0.848813 0
    outer loop
      vertex 14.315 -17.5321 26.01
      vertex 14.4261 -17.4629 83
      vertex 14.315 -17.5321 83
    endloop
  endfacet
  facet normal 0.528693 -0.848813 0
    outer loop
      vertex 14.4261 -17.4629 83
      vertex 14.315 -17.5321 26.01
      vertex 14.4261 -17.4629 26.01
    endloop
  endfacet
  facet normal 0.812984 0.582286 0
    outer loop
      vertex 14.9779 3.31114 83
      vertex 14.9017 3.41753 26.01
      vertex 14.9017 3.41753 83
    endloop
  endfacet
  facet normal 0.812984 0.582286 0
    outer loop
      vertex 14.9017 3.41753 26.01
      vertex 14.9779 3.31114 83
      vertex 14.9779 3.31114 26.01
    endloop
  endfacet
  facet normal 0.935911 0.352237 0
    outer loop
      vertex 15.2089 2.84288 83
      vertex 15.1628 2.96537 26.01
      vertex 15.1628 2.96537 83
    endloop
  endfacet
  facet normal 0.935911 0.352237 0
    outer loop
      vertex 15.1628 2.96537 26.01
      vertex 15.2089 2.84288 83
      vertex 15.2089 2.84288 26.01
    endloop
  endfacet
  facet normal -0.881898 -0.471441 0
    outer loop
      vertex -6.41706 -16.8 26.01
      vertex -6.47875 -16.6846 83
      vertex -6.47875 -16.6846 26.01
    endloop
  endfacet
  facet normal -0.881898 -0.471441 0
    outer loop
      vertex -6.47875 -16.6846 83
      vertex -6.41706 -16.8 26.01
      vertex -6.41706 -16.8 83
    endloop
  endfacet
  facet normal -0.352237 0.935911 0
    outer loop
      vertex -5.32788 4.09386 26.01
      vertex -5.45037 4.04776 83
      vertex -5.32788 4.09386 83
    endloop
  endfacet
  facet normal -0.352237 0.935911 0
    outer loop
      vertex -5.45037 4.04776 83
      vertex -5.32788 4.09386 26.01
      vertex -5.45037 4.04776 26.01
    endloop
  endfacet
  facet normal -0.412686 0.910873 0
    outer loop
      vertex -5.45037 4.04776 26.01
      vertex -5.56958 3.99375 83
      vertex -5.45037 4.04776 83
    endloop
  endfacet
  facet normal -0.412686 0.910873 0
    outer loop
      vertex -5.56958 3.99375 83
      vertex -5.45037 4.04776 26.01
      vertex -5.56958 3.99375 26.01
    endloop
  endfacet
  facet normal -0.634394 0.77301 0
    outer loop
      vertex -5.90253 3.7867 26.01
      vertex -6.00369 3.70368 83
      vertex -5.90253 3.7867 83
    endloop
  endfacet
  facet normal -0.634394 0.77301 0
    outer loop
      vertex -6.00369 3.70368 83
      vertex -5.90253 3.7867 26.01
      vertex -6.00369 3.70368 26.01
    endloop
  endfacet
  facet normal -0.290277 0.956943 0
    outer loop
      vertex -5.20264 4.13185 26.01
      vertex -5.32788 4.09386 83
      vertex -5.20264 4.13185 83
    endloop
  endfacet
  facet normal -0.290277 0.956943 0
    outer loop
      vertex -5.32788 4.09386 83
      vertex -5.20264 4.13185 26.01
      vertex -5.32788 4.09386 26.01
    endloop
  endfacet
  facet normal -0.773133 -0.634244 0
    outer loop
      vertex -6.18868 -17.1187 26.01
      vertex -6.2717 -17.0175 83
      vertex -6.2717 -17.0175 26.01
    endloop
  endfacet
  facet normal -0.773133 -0.634244 0
    outer loop
      vertex -6.2717 -17.0175 83
      vertex -6.18868 -17.1187 26.01
      vertex -6.18868 -17.1187 83
    endloop
  endfacet
  facet normal 0.995202 -0.0978386 0
    outer loop
      vertex 15.2979 -16.061 83
      vertex 15.3107 -15.9308 26.01
      vertex 15.3107 -15.9308 83
    endloop
  endfacet
  facet normal 0.995202 -0.0978386 0
    outer loop
      vertex 15.3107 -15.9308 26.01
      vertex 15.2979 -16.061 83
      vertex 15.2979 -16.061 26.01
    endloop
  endfacet
  facet normal 0.09799 0.995187 -0
    outer loop
      vertex 13.576 4.18289 26.01
      vertex 13.4458 4.19571 83
      vertex 13.576 4.18289 83
    endloop
  endfacet
  facet normal 0.09799 0.995187 0
    outer loop
      vertex 13.4458 4.19571 83
      vertex 13.576 4.18289 26.01
      vertex 13.4458 4.19571 26.01
    endloop
  endfacet
  facet normal 0.95696 -0.290219 0
    outer loop
      vertex 15.2089 -16.4429 83
      vertex 15.2469 -16.3176 26.01
      vertex 15.2469 -16.3176 83
    endloop
  endfacet
  facet normal 0.95696 -0.290219 0
    outer loop
      vertex 15.2469 -16.3176 26.01
      vertex 15.2089 -16.4429 83
      vertex 15.2089 -16.4429 26.01
    endloop
  endfacet
  facet normal 0.973886 -0.227036 0
    outer loop
      vertex 15.2469 -16.3176 83
      vertex 15.2766 -16.1902 26.01
      vertex 15.2766 -16.1902 83
    endloop
  endfacet
  facet normal 0.973886 -0.227036 0
    outer loop
      vertex 15.2766 -16.1902 26.01
      vertex 15.2469 -16.3176 83
      vertex 15.2469 -16.3176 26.01
    endloop
  endfacet
  facet normal 0.412715 0.91086 -0
    outer loop
      vertex 14.1996 3.99375 26.01
      vertex 14.0804 4.04776 83
      vertex 14.1996 3.99375 83
    endloop
  endfacet
  facet normal 0.412715 0.91086 0
    outer loop
      vertex 14.0804 4.04776 83
      vertex 14.1996 3.99375 26.01
      vertex 14.0804 4.04776 26.01
    endloop
  endfacet
  facet normal 0.470906 -0.882184 0
    outer loop
      vertex 14.1996 -17.5937 26.01
      vertex 14.315 -17.5321 83
      vertex 14.1996 -17.5937 83
    endloop
  endfacet
  facet normal 0.470906 -0.882184 0
    outer loop
      vertex 14.315 -17.5321 83
      vertex 14.1996 -17.5937 26.01
      vertex 14.315 -17.5321 26.01
    endloop
  endfacet
  facet normal 0.956922 0.290347 0
    outer loop
      vertex 15.2469 2.71764 83
      vertex 15.2089 2.84288 26.01
      vertex 15.2089 2.84288 83
    endloop
  endfacet
  facet normal 0.956922 0.290347 0
    outer loop
      vertex 15.2089 2.84288 26.01
      vertex 15.2469 2.71764 83
      vertex 15.2469 2.71764 26.01
    endloop
  endfacet
  facet normal 0.97391 0.226935 0
    outer loop
      vertex 15.2766 2.59018 83
      vertex 15.2469 2.71764 26.01
      vertex 15.2469 2.71764 83
    endloop
  endfacet
  facet normal 0.97391 0.226935 0
    outer loop
      vertex 15.2469 2.71764 26.01
      vertex 15.2766 2.59018 83
      vertex 15.2766 2.59018 26.01
    endloop
  endfacet
  facet normal 0.999474 0.0324399 -0
    outer loop
      vertex 15.3117 2.3 82.5
      vertex 15.3107 2.33081 83
      vertex 15.3117 2.3 83
    endloop
  endfacet
  facet normal 0.999474 0.0324399 0
    outer loop
      vertex 15.3107 2.33081 83
      vertex 15.3117 2.3 82.5
      vertex 15.3107 2.33081 26.01
    endloop
  endfacet
  facet normal 0.999456 0.032982 2.95997e-07
    outer loop
      vertex 15.315 2.2 82.5
      vertex 15.3107 2.33081 26.01
      vertex 15.3117 2.3 82.5
    endloop
  endfacet
  facet normal 0.99946 0.0328544 0
    outer loop
      vertex 15.3107 2.33081 26.01
      vertex 15.315 2.2 82.5
      vertex 15.315 2.2 26.01
    endloop
  endfacet
  facet normal 0.995205 0.0978089 0
    outer loop
      vertex 15.3107 2.33081 83
      vertex 15.2979 2.46105 26.01
      vertex 15.2979 2.46105 83
    endloop
  endfacet
  facet normal 0.995205 0.0978089 0
    outer loop
      vertex 15.2979 2.46105 26.01
      vertex 15.3107 2.33081 83
      vertex 15.3107 2.33081 26.01
    endloop
  endfacet
  facet normal 0.227109 0.973869 -0
    outer loop
      vertex 13.8326 4.13185 26.01
      vertex 13.7052 4.16156 83
      vertex 13.8326 4.13185 83
    endloop
  endfacet
  facet normal 0.227109 0.973869 0
    outer loop
      vertex 13.7052 4.16156 83
      vertex 13.8326 4.13185 26.01
      vertex 13.7052 4.16156 26.01
    endloop
  endfacet
  facet normal 0.773208 -0.634153 0
    outer loop
      vertex 14.8187 -17.1187 83
      vertex 14.9017 -17.0175 26.01
      vertex 14.9017 -17.0175 83
    endloop
  endfacet
  facet normal 0.773208 -0.634153 0
    outer loop
      vertex 14.9017 -17.0175 26.01
      vertex 14.8187 -17.1187 83
      vertex 14.8187 -17.1187 26.01
    endloop
  endfacet
  facet normal -0.849138 0.528171 0
    outer loop
      vertex -6.41706 3.2 26.01
      vertex -6.34793 3.31114 83
      vertex -6.34793 3.31114 26.01
    endloop
  endfacet
  facet normal -0.849138 0.528171 0
    outer loop
      vertex -6.34793 3.31114 83
      vertex -6.41706 3.2 26.01
      vertex -6.41706 3.2 83
    endloop
  endfacet
  facet normal 0.93592 -0.352212 0
    outer loop
      vertex 15.1628 -16.5654 83
      vertex 15.2089 -16.4429 26.01
      vertex 15.2089 -16.4429 83
    endloop
  endfacet
  facet normal 0.93592 -0.352212 0
    outer loop
      vertex 15.2089 -16.4429 26.01
      vertex 15.1628 -16.5654 83
      vertex 15.1628 -16.5654 26.01
    endloop
  endfacet
  facet normal 0.58225 -0.81301 0
    outer loop
      vertex 14.4261 -17.4629 26.01
      vertex 14.5325 -17.3867 83
      vertex 14.4261 -17.4629 83
    endloop
  endfacet
  facet normal 0.58225 -0.81301 0
    outer loop
      vertex 14.5325 -17.3867 83
      vertex 14.4261 -17.4629 26.01
      vertex 14.5325 -17.3867 26.01
    endloop
  endfacet
  facet normal 0.729728 0.683738 0
    outer loop
      vertex 14.8187 3.51869 83
      vertex 14.7292 3.61421 26.01
      vertex 14.7292 3.61421 83
    endloop
  endfacet
  facet normal 0.729728 0.683738 0
    outer loop
      vertex 14.7292 3.61421 26.01
      vertex 14.8187 3.51869 83
      vertex 14.8187 3.51869 26.01
    endloop
  endfacet
  facet normal 0.352212 0.93592 -0
    outer loop
      vertex 14.0804 4.04776 26.01
      vertex 13.9579 4.09386 83
      vertex 14.0804 4.04776 83
    endloop
  endfacet
  facet normal 0.352212 0.93592 0
    outer loop
      vertex 13.9579 4.09386 83
      vertex 14.0804 4.04776 26.01
      vertex 13.9579 4.09386 26.01
    endloop
  endfacet
  facet normal -0.93592 -0.352212 0
    outer loop
      vertex -6.53276 -16.5654 26.01
      vertex -6.57886 -16.4429 83
      vertex -6.57886 -16.4429 26.01
    endloop
  endfacet
  facet normal -0.93592 -0.352212 0
    outer loop
      vertex -6.57886 -16.4429 83
      vertex -6.53276 -16.5654 26.01
      vertex -6.53276 -16.5654 83
    endloop
  endfacet
  facet normal 0.634153 -0.773208 0
    outer loop
      vertex 14.5325 -17.3867 26.01
      vertex 14.6337 -17.3037 83
      vertex 14.5325 -17.3867 83
    endloop
  endfacet
  facet normal 0.634153 -0.773208 0
    outer loop
      vertex 14.6337 -17.3037 83
      vertex 14.5325 -17.3867 26.01
      vertex 14.6337 -17.3037 26.01
    endloop
  endfacet
  facet normal 0.81301 -0.58225 0
    outer loop
      vertex 14.9017 -17.0175 83
      vertex 14.9779 -16.9111 26.01
      vertex 14.9779 -16.9111 83
    endloop
  endfacet
  facet normal 0.81301 -0.58225 0
    outer loop
      vertex 14.9779 -16.9111 26.01
      vertex 14.9017 -17.0175 83
      vertex 14.9017 -17.0175 26.01
    endloop
  endfacet
  facet normal -0.130589 0.991437 0
    outer loop
      vertex 0.569402 23.875 0
      vertex 0 23.8 2.99
      vertex 0.569402 23.875 2.99
    endloop
  endfacet
  facet normal -0.130589 0.991437 0
    outer loop
      vertex 0 23.8 2.99
      vertex 0.569402 23.875 0
      vertex 0 23.8 0
    endloop
  endfacet
  facet normal 0.382563 -0.923929 0
    outer loop
      vertex -1.1 27.9053 0
      vertex -0.569402 28.125 2.99
      vertex -1.1 27.9053 2.99
    endloop
  endfacet
  facet normal 0.382563 -0.923929 0
    outer loop
      vertex -0.569402 28.125 2.99
      vertex -1.1 27.9053 0
      vertex -0.569402 28.125 0
    endloop
  endfacet
  facet normal 0.130589 0.991437 -0
    outer loop
      vertex 0 23.8 0
      vertex -0.569402 23.875 2.99
      vertex 0 23.8 2.99
    endloop
  endfacet
  facet normal 0.130589 0.991437 0
    outer loop
      vertex -0.569402 23.875 2.99
      vertex 0 23.8 0
      vertex -0.569402 23.875 0
    endloop
  endfacet
  facet normal -0.991446 -0.130521 0
    outer loop
      vertex 2.2 26 0
      vertex 2.12504 26.5694 2.99
      vertex 2.12504 26.5694 0
    endloop
  endfacet
  facet normal -0.991446 -0.130521 0
    outer loop
      vertex 2.12504 26.5694 2.99
      vertex 2.2 26 0
      vertex 2.2 26 2.99
    endloop
  endfacet
  facet normal 0.991446 0.130521 0
    outer loop
      vertex -2.12504 25.4306 2.99
      vertex -2.2 26 0
      vertex -2.2 26 2.99
    endloop
  endfacet
  facet normal 0.991446 0.130521 0
    outer loop
      vertex -2.2 26 0
      vertex -2.12504 25.4306 2.99
      vertex -2.12504 25.4306 0
    endloop
  endfacet
  facet normal -0.130589 -0.991437 0
    outer loop
      vertex 0 28.2 0
      vertex 0.569402 28.125 2.99
      vertex 0 28.2 2.99
    endloop
  endfacet
  facet normal -0.130589 -0.991437 -0
    outer loop
      vertex 0.569402 28.125 2.99
      vertex 0 28.2 0
      vertex 0.569402 28.125 0
    endloop
  endfacet
  facet normal 0.130589 -0.991437 0
    outer loop
      vertex -0.569402 28.125 0
      vertex 0 28.2 2.99
      vertex -0.569402 28.125 2.99
    endloop
  endfacet
  facet normal 0.130589 -0.991437 0
    outer loop
      vertex 0 28.2 2.99
      vertex -0.569402 28.125 0
      vertex 0 28.2 0
    endloop
  endfacet
  facet normal 0.608852 -0.793284 0
    outer loop
      vertex -1.55563 27.5556 0
      vertex -1.1 27.9053 2.99
      vertex -1.55563 27.5556 2.99
    endloop
  endfacet
  facet normal 0.608852 -0.793284 0
    outer loop
      vertex -1.1 27.9053 2.99
      vertex -1.55563 27.5556 0
      vertex -1.1 27.9053 0
    endloop
  endfacet
  facet normal -0.608852 -0.793284 0
    outer loop
      vertex 1.1 27.9053 0
      vertex 1.55563 27.5556 2.99
      vertex 1.1 27.9053 2.99
    endloop
  endfacet
  facet normal -0.608852 -0.793284 -0
    outer loop
      vertex 1.55563 27.5556 2.99
      vertex 1.1 27.9053 0
      vertex 1.55563 27.5556 0
    endloop
  endfacet
  facet normal 0.608852 0.793284 -0
    outer loop
      vertex -1.1 24.0947 0
      vertex -1.55563 24.4444 2.99
      vertex -1.1 24.0947 2.99
    endloop
  endfacet
  facet normal 0.608852 0.793284 0
    outer loop
      vertex -1.55563 24.4444 2.99
      vertex -1.1 24.0947 0
      vertex -1.55563 24.4444 0
    endloop
  endfacet
  facet normal -0.382563 0.923929 0
    outer loop
      vertex 1.1 24.0947 0
      vertex 0.569402 23.875 2.99
      vertex 1.1 24.0947 2.99
    endloop
  endfacet
  facet normal -0.382563 0.923929 0
    outer loop
      vertex 0.569402 23.875 2.99
      vertex 1.1 24.0947 0
      vertex 0.569402 23.875 0
    endloop
  endfacet
  facet normal 0.991446 -0.130521 0
    outer loop
      vertex -2.2 26 2.99
      vertex -2.12504 26.5694 0
      vertex -2.12504 26.5694 2.99
    endloop
  endfacet
  facet normal 0.991446 -0.130521 0
    outer loop
      vertex -2.12504 26.5694 0
      vertex -2.2 26 2.99
      vertex -2.2 26 0
    endloop
  endfacet
  facet normal 0.923881 -0.382681 0
    outer loop
      vertex -2.12504 26.5694 2.99
      vertex -1.90526 27.1 0
      vertex -1.90526 27.1 2.99
    endloop
  endfacet
  facet normal 0.923881 -0.382681 0
    outer loop
      vertex -1.90526 27.1 0
      vertex -2.12504 26.5694 2.99
      vertex -2.12504 26.5694 0
    endloop
  endfacet
  facet normal -0.382563 -0.923929 0
    outer loop
      vertex 0.569402 28.125 0
      vertex 1.1 27.9053 2.99
      vertex 0.569402 28.125 2.99
    endloop
  endfacet
  facet normal -0.382563 -0.923929 -0
    outer loop
      vertex 1.1 27.9053 2.99
      vertex 0.569402 28.125 0
      vertex 1.1 27.9053 0
    endloop
  endfacet
  facet normal -0.923881 0.382681 0
    outer loop
      vertex 1.90526 24.9 0
      vertex 2.12504 25.4306 2.99
      vertex 2.12504 25.4306 0
    endloop
  endfacet
  facet normal -0.923881 0.382681 0
    outer loop
      vertex 2.12504 25.4306 2.99
      vertex 1.90526 24.9 0
      vertex 1.90526 24.9 2.99
    endloop
  endfacet
  facet normal 0.923881 0.382681 0
    outer loop
      vertex -1.90526 24.9 2.99
      vertex -2.12504 25.4306 0
      vertex -2.12504 25.4306 2.99
    endloop
  endfacet
  facet normal 0.923881 0.382681 0
    outer loop
      vertex -2.12504 25.4306 0
      vertex -1.90526 24.9 2.99
      vertex -1.90526 24.9 0
    endloop
  endfacet
  facet normal -0.991446 0.130521 0
    outer loop
      vertex 2.12504 25.4306 0
      vertex 2.2 26 2.99
      vertex 2.2 26 0
    endloop
  endfacet
  facet normal -0.991446 0.130521 0
    outer loop
      vertex 2.2 26 2.99
      vertex 2.12504 25.4306 0
      vertex 2.12504 25.4306 2.99
    endloop
  endfacet
  facet normal -0.793323 -0.608801 0
    outer loop
      vertex 1.90526 27.1 0
      vertex 1.55563 27.5556 2.99
      vertex 1.55563 27.5556 0
    endloop
  endfacet
  facet normal -0.793323 -0.608801 0
    outer loop
      vertex 1.55563 27.5556 2.99
      vertex 1.90526 27.1 0
      vertex 1.90526 27.1 2.99
    endloop
  endfacet
  facet normal -0.608852 0.793284 0
    outer loop
      vertex 1.55563 24.4444 0
      vertex 1.1 24.0947 2.99
      vertex 1.55563 24.4444 2.99
    endloop
  endfacet
  facet normal -0.608852 0.793284 0
    outer loop
      vertex 1.1 24.0947 2.99
      vertex 1.55563 24.4444 0
      vertex 1.1 24.0947 0
    endloop
  endfacet
  facet normal 0.793323 0.608801 0
    outer loop
      vertex -1.55563 24.4444 2.99
      vertex -1.90526 24.9 0
      vertex -1.90526 24.9 2.99
    endloop
  endfacet
  facet normal 0.793323 0.608801 0
    outer loop
      vertex -1.90526 24.9 0
      vertex -1.55563 24.4444 2.99
      vertex -1.55563 24.4444 0
    endloop
  endfacet
  facet normal 0.793323 -0.608801 0
    outer loop
      vertex -1.90526 27.1 2.99
      vertex -1.55563 27.5556 0
      vertex -1.55563 27.5556 2.99
    endloop
  endfacet
  facet normal 0.793323 -0.608801 0
    outer loop
      vertex -1.55563 27.5556 0
      vertex -1.90526 27.1 2.99
      vertex -1.90526 27.1 0
    endloop
  endfacet
  facet normal -0.923881 -0.382681 0
    outer loop
      vertex 2.12504 26.5694 0
      vertex 1.90526 27.1 2.99
      vertex 1.90526 27.1 0
    endloop
  endfacet
  facet normal -0.923881 -0.382681 0
    outer loop
      vertex 1.90526 27.1 2.99
      vertex 2.12504 26.5694 0
      vertex 2.12504 26.5694 2.99
    endloop
  endfacet
  facet normal -0.793323 0.608801 0
    outer loop
      vertex 1.55563 24.4444 0
      vertex 1.90526 24.9 2.99
      vertex 1.90526 24.9 0
    endloop
  endfacet
  facet normal -0.793323 0.608801 0
    outer loop
      vertex 1.90526 24.9 2.99
      vertex 1.55563 24.4444 0
      vertex 1.55563 24.4444 2.99
    endloop
  endfacet
  facet normal 0.382563 0.923929 -0
    outer loop
      vertex -0.569402 23.875 0
      vertex -1.1 24.0947 2.99
      vertex -0.569402 23.875 2.99
    endloop
  endfacet
  facet normal 0.382563 0.923929 0
    outer loop
      vertex -1.1 24.0947 2.99
      vertex -0.569402 23.875 0
      vertex -1.1 24.0947 0
    endloop
  endfacet
  facet normal 0.471356 -0.881943 0
    outer loop
      vertex -2.22228 29.3259 2.99
      vertex -1.53073 29.6955 6
      vertex -2.22228 29.3259 6
    endloop
  endfacet
  facet normal 0.471356 -0.881943 0
    outer loop
      vertex -1.53073 29.6955 6
      vertex -2.22228 29.3259 2.99
      vertex -1.53073 29.6955 2.99
    endloop
  endfacet
  facet normal -0.290259 0.956948 0
    outer loop
      vertex 1.53073 22.3045 2.99
      vertex 0.780361 22.0769 6
      vertex 1.53073 22.3045 6
    endloop
  endfacet
  facet normal -0.290259 0.956948 0
    outer loop
      vertex 0.780361 22.0769 6
      vertex 1.53073 22.3045 2.99
      vertex 0.780361 22.0769 2.99
    endloop
  endfacet
  facet normal 0.290259 -0.956948 0
    outer loop
      vertex -1.53073 29.6955 2.99
      vertex -0.780361 29.9231 6
      vertex -1.53073 29.6955 6
    endloop
  endfacet
  facet normal 0.290259 -0.956948 0
    outer loop
      vertex -0.780361 29.9231 6
      vertex -1.53073 29.6955 2.99
      vertex -0.780361 29.9231 2.99
    endloop
  endfacet
  facet normal -0.0980691 0.99518 0
    outer loop
      vertex 0.780361 22.0769 2.99
      vertex 0 22 6
      vertex 0.780361 22.0769 6
    endloop
  endfacet
  facet normal -0.0980691 0.99518 0
    outer loop
      vertex 0 22 6
      vertex 0.780361 22.0769 2.99
      vertex 0 22 2.99
    endloop
  endfacet
  facet normal -0.0980691 -0.99518 0
    outer loop
      vertex 0 30 2.99
      vertex 0.780361 29.9231 6
      vertex 0 30 6
    endloop
  endfacet
  facet normal -0.0980691 -0.99518 -0
    outer loop
      vertex 0.780361 29.9231 6
      vertex 0 30 2.99
      vertex 0.780361 29.9231 2.99
    endloop
  endfacet
  facet normal -0.290259 -0.956948 0
    outer loop
      vertex 0.780361 29.9231 2.99
      vertex 1.53073 29.6955 6
      vertex 0.780361 29.9231 6
    endloop
  endfacet
  facet normal -0.290259 -0.956948 -0
    outer loop
      vertex 1.53073 29.6955 6
      vertex 0.780361 29.9231 2.99
      vertex 1.53073 29.6955 2.99
    endloop
  endfacet
  facet normal 0.881936 -0.471369 0
    outer loop
      vertex -3.69552 27.5307 6
      vertex -3.32588 28.2223 2.99
      vertex -3.32588 28.2223 6
    endloop
  endfacet
  facet normal 0.881936 -0.471369 0
    outer loop
      vertex -3.32588 28.2223 2.99
      vertex -3.69552 27.5307 6
      vertex -3.69552 27.5307 2.99
    endloop
  endfacet
  facet normal 0.995185 0.0980137 0
    outer loop
      vertex -3.92314 25.2196 6
      vertex -4 26 2.99
      vertex -4 26 6
    endloop
  endfacet
  facet normal 0.995185 0.0980137 0
    outer loop
      vertex -4 26 2.99
      vertex -3.92314 25.2196 6
      vertex -3.92314 25.2196 2.99
    endloop
  endfacet
  facet normal 0.634428 -0.772982 0
    outer loop
      vertex -2.82843 28.8284 2.99
      vertex -2.22228 29.3259 6
      vertex -2.82843 28.8284 6
    endloop
  endfacet
  facet normal 0.634428 -0.772982 0
    outer loop
      vertex -2.22228 29.3259 6
      vertex -2.82843 28.8284 2.99
      vertex -2.22228 29.3259 2.99
    endloop
  endfacet
  facet normal -0.634428 -0.772982 0
    outer loop
      vertex 2.22228 29.3259 2.99
      vertex 2.82843 28.8284 6
      vertex 2.22228 29.3259 6
    endloop
  endfacet
  facet normal -0.634428 -0.772982 -0
    outer loop
      vertex 2.82843 28.8284 6
      vertex 2.22228 29.3259 2.99
      vertex 2.82843 28.8284 2.99
    endloop
  endfacet
  facet normal -0.772988 0.634421 0
    outer loop
      vertex 2.82843 23.1716 2.99
      vertex 3.32588 23.7777 6
      vertex 3.32588 23.7777 2.99
    endloop
  endfacet
  facet normal -0.772988 0.634421 0
    outer loop
      vertex 3.32588 23.7777 6
      vertex 2.82843 23.1716 2.99
      vertex 2.82843 23.1716 6
    endloop
  endfacet
  facet normal -0.881936 -0.471369 0
    outer loop
      vertex 3.69552 27.5307 2.99
      vertex 3.32588 28.2223 6
      vertex 3.32588 28.2223 2.99
    endloop
  endfacet
  facet normal -0.881936 -0.471369 0
    outer loop
      vertex 3.32588 28.2223 6
      vertex 3.69552 27.5307 2.99
      vertex 3.69552 27.5307 6
    endloop
  endfacet
  facet normal 0.0980691 -0.99518 0
    outer loop
      vertex -0.780361 29.9231 2.99
      vertex 0 30 6
      vertex -0.780361 29.9231 6
    endloop
  endfacet
  facet normal 0.0980691 -0.99518 0
    outer loop
      vertex 0 30 6
      vertex -0.780361 29.9231 2.99
      vertex 0 30 2.99
    endloop
  endfacet
  facet normal 0.881936 0.471369 0
    outer loop
      vertex -3.32588 23.7777 6
      vertex -3.69552 24.4693 2.99
      vertex -3.69552 24.4693 6
    endloop
  endfacet
  facet normal 0.881936 0.471369 0
    outer loop
      vertex -3.69552 24.4693 2.99
      vertex -3.32588 23.7777 6
      vertex -3.32588 23.7777 2.99
    endloop
  endfacet
  facet normal 0.290259 0.956948 -0
    outer loop
      vertex -0.780361 22.0769 2.99
      vertex -1.53073 22.3045 6
      vertex -0.780361 22.0769 6
    endloop
  endfacet
  facet normal 0.290259 0.956948 0
    outer loop
      vertex -1.53073 22.3045 6
      vertex -0.780361 22.0769 2.99
      vertex -1.53073 22.3045 2.99
    endloop
  endfacet
  facet normal 0.995185 -0.0980137 0
    outer loop
      vertex -4 26 6
      vertex -3.92314 26.7804 2.99
      vertex -3.92314 26.7804 6
    endloop
  endfacet
  facet normal 0.995185 -0.0980137 0
    outer loop
      vertex -3.92314 26.7804 2.99
      vertex -4 26 6
      vertex -4 26 2.99
    endloop
  endfacet
  facet normal -0.471356 0.881943 0
    outer loop
      vertex 2.22228 22.6741 2.99
      vertex 1.53073 22.3045 6
      vertex 2.22228 22.6741 6
    endloop
  endfacet
  facet normal -0.471356 0.881943 0
    outer loop
      vertex 1.53073 22.3045 6
      vertex 2.22228 22.6741 2.99
      vertex 1.53073 22.3045 2.99
    endloop
  endfacet
  facet normal 0.634428 0.772982 -0
    outer loop
      vertex -2.22228 22.6741 2.99
      vertex -2.82843 23.1716 6
      vertex -2.22228 22.6741 6
    endloop
  endfacet
  facet normal 0.634428 0.772982 0
    outer loop
      vertex -2.82843 23.1716 6
      vertex -2.22228 22.6741 2.99
      vertex -2.82843 23.1716 2.99
    endloop
  endfacet
  facet normal -0.995185 0.0980137 0
    outer loop
      vertex 3.92314 25.2196 2.99
      vertex 4 26 6
      vertex 4 26 2.99
    endloop
  endfacet
  facet normal -0.995185 0.0980137 0
    outer loop
      vertex 4 26 6
      vertex 3.92314 25.2196 2.99
      vertex 3.92314 25.2196 6
    endloop
  endfacet
  facet normal -0.995185 -0.0980137 0
    outer loop
      vertex 4 26 2.99
      vertex 3.92314 26.7804 6
      vertex 3.92314 26.7804 2.99
    endloop
  endfacet
  facet normal -0.995185 -0.0980137 0
    outer loop
      vertex 3.92314 26.7804 6
      vertex 4 26 2.99
      vertex 4 26 6
    endloop
  endfacet
  facet normal -0.634428 0.772982 0
    outer loop
      vertex 2.82843 23.1716 2.99
      vertex 2.22228 22.6741 6
      vertex 2.82843 23.1716 6
    endloop
  endfacet
  facet normal -0.634428 0.772982 0
    outer loop
      vertex 2.22228 22.6741 6
      vertex 2.82843 23.1716 2.99
      vertex 2.22228 22.6741 2.99
    endloop
  endfacet
  facet normal 0.956934 -0.290307 0
    outer loop
      vertex -3.92314 26.7804 6
      vertex -3.69552 27.5307 2.99
      vertex -3.69552 27.5307 6
    endloop
  endfacet
  facet normal 0.956934 -0.290307 0
    outer loop
      vertex -3.69552 27.5307 2.99
      vertex -3.92314 26.7804 6
      vertex -3.92314 26.7804 2.99
    endloop
  endfacet
  facet normal 0.0980691 0.99518 -0
    outer loop
      vertex 0 22 2.99
      vertex -0.780361 22.0769 6
      vertex 0 22 6
    endloop
  endfacet
  facet normal 0.0980691 0.99518 0
    outer loop
      vertex -0.780361 22.0769 6
      vertex 0 22 2.99
      vertex -0.780361 22.0769 2.99
    endloop
  endfacet
  facet normal 0.772988 -0.634421 0
    outer loop
      vertex -3.32588 28.2223 6
      vertex -2.82843 28.8284 2.99
      vertex -2.82843 28.8284 6
    endloop
  endfacet
  facet normal 0.772988 -0.634421 0
    outer loop
      vertex -2.82843 28.8284 2.99
      vertex -3.32588 28.2223 6
      vertex -3.32588 28.2223 2.99
    endloop
  endfacet
  facet normal -0.956934 -0.290307 0
    outer loop
      vertex 3.92314 26.7804 2.99
      vertex 3.69552 27.5307 6
      vertex 3.69552 27.5307 2.99
    endloop
  endfacet
  facet normal -0.956934 -0.290307 0
    outer loop
      vertex 3.69552 27.5307 6
      vertex 3.92314 26.7804 2.99
      vertex 3.92314 26.7804 6
    endloop
  endfacet
  facet normal -0.881936 0.471369 0
    outer loop
      vertex 3.32588 23.7777 2.99
      vertex 3.69552 24.4693 6
      vertex 3.69552 24.4693 2.99
    endloop
  endfacet
  facet normal -0.881936 0.471369 0
    outer loop
      vertex 3.69552 24.4693 6
      vertex 3.32588 23.7777 2.99
      vertex 3.32588 23.7777 6
    endloop
  endfacet
  facet normal 0.956934 0.290307 0
    outer loop
      vertex -3.69552 24.4693 6
      vertex -3.92314 25.2196 2.99
      vertex -3.92314 25.2196 6
    endloop
  endfacet
  facet normal 0.956934 0.290307 0
    outer loop
      vertex -3.92314 25.2196 2.99
      vertex -3.69552 24.4693 6
      vertex -3.69552 24.4693 2.99
    endloop
  endfacet
  facet normal 0.772988 0.634421 0
    outer loop
      vertex -2.82843 23.1716 6
      vertex -3.32588 23.7777 2.99
      vertex -3.32588 23.7777 6
    endloop
  endfacet
  facet normal 0.772988 0.634421 0
    outer loop
      vertex -3.32588 23.7777 2.99
      vertex -2.82843 23.1716 6
      vertex -2.82843 23.1716 2.99
    endloop
  endfacet
  facet normal 0 0 1
    outer loop
      vertex 2.2 26 2.99
      vertex 4 26 2.99
      vertex 3.92314 26.7804 2.99
    endloop
  endfacet
  facet normal 0 0 1
    outer loop
      vertex 2.12504 26.5694 2.99
      vertex 3.92314 26.7804 2.99
      vertex 3.69552 27.5307 2.99
    endloop
  endfacet
  facet normal 0 0 1
    outer loop
      vertex 4 26 2.99
      vertex 2.2 26 2.99
      vertex 3.92314 25.2196 2.99
    endloop
  endfacet
  facet normal 0 0 1
    outer loop
      vertex 1.90526 27.1 2.99
      vertex 3.69552 27.5307 2.99
      vertex 3.32588 28.2223 2.99
    endloop
  endfacet
  facet normal -0 0 1
    outer loop
      vertex 2.12504 25.4306 2.99
      vertex 3.92314 25.2196 2.99
      vertex 2.2 26 2.99
    endloop
  endfacet
  facet normal 0 0 1
    outer loop
      vertex 1.55563 27.5556 2.99
      vertex 3.32588 28.2223 2.99
      vertex 2.82843 28.8284 2.99
    endloop
  endfacet
  facet normal 0 0 1
    outer loop
      vertex 3.92314 25.2196 2.99
      vertex 2.12504 25.4306 2.99
      vertex 3.69552 24.4693 2.99
    endloop
  endfacet
  facet normal 0 0 1
    outer loop
      vertex 1.55563 27.5556 2.99
      vertex 2.82843 28.8284 2.99
      vertex 2.22228 29.3259 2.99
    endloop
  endfacet
  facet normal -0 0 1
    outer loop
      vertex 1.90526 24.9 2.99
      vertex 3.69552 24.4693 2.99
      vertex 2.12504 25.4306 2.99
    endloop
  endfacet
  facet normal 0 0 1
    outer loop
      vertex 3.69552 24.4693 2.99
      vertex 1.90526 24.9 2.99
      vertex 3.32588 23.7777 2.99
    endloop
  endfacet
  facet normal 0 0 1
    outer loop
      vertex 3.92314 26.7804 2.99
      vertex 2.12504 26.5694 2.99
      vertex 2.2 26 2.99
    endloop
  endfacet
  facet normal 0 0 1
    outer loop
      vertex 3.69552 27.5307 2.99
      vertex 1.90526 27.1 2.99
      vertex 2.12504 26.5694 2.99
    endloop
  endfacet
  facet normal 0 0 1
    outer loop
      vertex 3.32588 28.2223 2.99
      vertex 1.55563 27.5556 2.99
      vertex 1.90526 27.1 2.99
    endloop
  endfacet
  facet normal 0 0 1
    outer loop
      vertex 1.1 27.9053 2.99
      vertex 2.22228 29.3259 2.99
      vertex 1.53073 29.6955 2.99
    endloop
  endfacet
  facet normal 0 0 1
    outer loop
      vertex 2.22228 29.3259 2.99
      vertex 1.1 27.9053 2.99
      vertex 1.55563 27.5556 2.99
    endloop
  endfacet
  facet normal 0 0 1
    outer loop
      vertex 0.569402 28.125 2.99
      vertex 1.53073 29.6955 2.99
      vertex 0.780361 29.9231 2.99
    endloop
  endfacet
  facet normal 0 0 1
    outer loop
      vertex 1.53073 29.6955 2.99
      vertex 0.569402 28.125 2.99
      vertex 1.1 27.9053 2.99
    endloop
  endfacet
  facet normal 0 0 1
    outer loop
      vertex 0 28.2 2.99
      vertex 0.780361 29.9231 2.99
      vertex 0 30 2.99
    endloop
  endfacet
  facet normal 0 0 1
    outer loop
      vertex 0.780361 29.9231 2.99
      vertex 0 28.2 2.99
      vertex 0.569402 28.125 2.99
    endloop
  endfacet
  facet normal -0 0 1
    outer loop
      vertex -0.780361 29.9231 2.99
      vertex 0 28.2 2.99
      vertex 0 30 2.99
    endloop
  endfacet
  facet normal 0 0 1
    outer loop
      vertex 0 28.2 2.99
      vertex -0.780361 29.9231 2.99
      vertex -0.569402 28.125 2.99
    endloop
  endfacet
  facet normal -0 0 1
    outer loop
      vertex -1.53073 29.6955 2.99
      vertex -0.569402 28.125 2.99
      vertex -0.780361 29.9231 2.99
    endloop
  endfacet
  facet normal 0 0 1
    outer loop
      vertex -0.569402 28.125 2.99
      vertex -1.53073 29.6955 2.99
      vertex -1.1 27.9053 2.99
    endloop
  endfacet
  facet normal -0 0 1
    outer loop
      vertex -2.22228 29.3259 2.99
      vertex -1.1 27.9053 2.99
      vertex -1.53073 29.6955 2.99
    endloop
  endfacet
  facet normal 0 0 1
    outer loop
      vertex -1.1 27.9053 2.99
      vertex -2.22228 29.3259 2.99
      vertex -1.55563 27.5556 2.99
    endloop
  endfacet
  facet normal -0 0 1
    outer loop
      vertex -2.82843 28.8284 2.99
      vertex -1.55563 27.5556 2.99
      vertex -2.22228 29.3259 2.99
    endloop
  endfacet
  facet normal 0 0 1
    outer loop
      vertex -1.55563 27.5556 2.99
      vertex -3.32588 28.2223 2.99
      vertex -1.90526 27.1 2.99
    endloop
  endfacet
  facet normal -0 0 1
    outer loop
      vertex -3.32588 28.2223 2.99
      vertex -1.55563 27.5556 2.99
      vertex -2.82843 28.8284 2.99
    endloop
  endfacet
  facet normal -0 0 1
    outer loop
      vertex 1.55563 24.4444 2.99
      vertex 3.32588 23.7777 2.99
      vertex 1.90526 24.9 2.99
    endloop
  endfacet
  facet normal 0 0 1
    outer loop
      vertex 3.32588 23.7777 2.99
      vertex 1.55563 24.4444 2.99
      vertex 2.82843 23.1716 2.99
    endloop
  endfacet
  facet normal 0 0 1
    outer loop
      vertex 2.82843 23.1716 2.99
      vertex 1.55563 24.4444 2.99
      vertex 2.22228 22.6741 2.99
    endloop
  endfacet
  facet normal -0 0 1
    outer loop
      vertex 1.1 24.0947 2.99
      vertex 2.22228 22.6741 2.99
      vertex 1.55563 24.4444 2.99
    endloop
  endfacet
  facet normal 0 0 1
    outer loop
      vertex 2.22228 22.6741 2.99
      vertex 1.1 24.0947 2.99
      vertex 1.53073 22.3045 2.99
    endloop
  endfacet
  facet normal -0 0 1
    outer loop
      vertex 0.569402 23.875 2.99
      vertex 1.53073 22.3045 2.99
      vertex 1.1 24.0947 2.99
    endloop
  endfacet
  facet normal 0 0 1
    outer loop
      vertex 1.53073 22.3045 2.99
      vertex 0.569402 23.875 2.99
      vertex 0.780361 22.0769 2.99
    endloop
  endfacet
  facet normal -0 0 1
    outer loop
      vertex 0 23.8 2.99
      vertex 0.780361 22.0769 2.99
      vertex 0.569402 23.875 2.99
    endloop
  endfacet
  facet normal 0 0 1
    outer loop
      vertex 0 23.8 2.99
      vertex 0 22 2.99
      vertex 0.780361 22.0769 2.99
    endloop
  endfacet
  facet normal 0 0 1
    outer loop
      vertex -0.780361 22.0769 2.99
      vertex 0 23.8 2.99
      vertex -0.569402 23.875 2.99
    endloop
  endfacet
  facet normal 0 0 1
    outer loop
      vertex 0 23.8 2.99
      vertex -0.780361 22.0769 2.99
      vertex 0 22 2.99
    endloop
  endfacet
  facet normal 0 0 1
    outer loop
      vertex -1.53073 22.3045 2.99
      vertex -0.569402 23.875 2.99
      vertex -1.1 24.0947 2.99
    endloop
  endfacet
  facet normal 0 0 1
    outer loop
      vertex -0.569402 23.875 2.99
      vertex -1.53073 22.3045 2.99
      vertex -0.780361 22.0769 2.99
    endloop
  endfacet
  facet normal 0 0 1
    outer loop
      vertex -2.22228 22.6741 2.99
      vertex -1.1 24.0947 2.99
      vertex -1.55563 24.4444 2.99
    endloop
  endfacet
  facet normal 0 0 1
    outer loop
      vertex -3.32588 23.7777 2.99
      vertex -1.55563 24.4444 2.99
      vertex -1.90526 24.9 2.99
    endloop
  endfacet
  facet normal 0 0 1
    outer loop
      vertex -3.69552 24.4693 2.99
      vertex -1.90526 24.9 2.99
      vertex -2.12504 25.4306 2.99
    endloop
  endfacet
  facet normal 0 0 1
    outer loop
      vertex -1.1 24.0947 2.99
      vertex -2.22228 22.6741 2.99
      vertex -1.53073 22.3045 2.99
    endloop
  endfacet
  facet normal 0 0 1
    outer loop
      vertex -3.92314 25.2196 2.99
      vertex -2.12504 25.4306 2.99
      vertex -2.2 26 2.99
    endloop
  endfacet
  facet normal -0 0 1
    outer loop
      vertex -3.69552 27.5307 2.99
      vertex -1.90526 27.1 2.99
      vertex -3.32588 28.2223 2.99
    endloop
  endfacet
  facet normal 0 0 1
    outer loop
      vertex -1.90526 27.1 2.99
      vertex -3.69552 27.5307 2.99
      vertex -2.12504 26.5694 2.99
    endloop
  endfacet
  facet normal 0 0 1
    outer loop
      vertex -1.55563 24.4444 2.99
      vertex -2.82843 23.1716 2.99
      vertex -2.22228 22.6741 2.99
    endloop
  endfacet
  facet normal -0 0 1
    outer loop
      vertex -3.92314 26.7804 2.99
      vertex -2.12504 26.5694 2.99
      vertex -3.69552 27.5307 2.99
    endloop
  endfacet
  facet normal 0 0 1
    outer loop
      vertex -1.55563 24.4444 2.99
      vertex -3.32588 23.7777 2.99
      vertex -2.82843 23.1716 2.99
    endloop
  endfacet
  facet normal 0 0 1
    outer loop
      vertex -2.12504 26.5694 2.99
      vertex -3.92314 26.7804 2.99
      vertex -2.2 26 2.99
    endloop
  endfacet
  facet normal 0 0 1
    outer loop
      vertex -1.90526 24.9 2.99
      vertex -3.69552 24.4693 2.99
      vertex -3.32588 23.7777 2.99
    endloop
  endfacet
  facet normal 0 0 1
    outer loop
      vertex -4 26 2.99
      vertex -2.2 26 2.99
      vertex -3.92314 26.7804 2.99
    endloop
  endfacet
  facet normal 0 0 1
    outer loop
      vertex -2.12504 25.4306 2.99
      vertex -3.92314 25.2196 2.99
      vertex -3.69552 24.4693 2.99
    endloop
  endfacet
  facet normal 0 0 1
    outer loop
      vertex -2.2 26 2.99
      vertex -4 26 2.99
      vertex -3.92314 25.2196 2.99
    endloop
  endfacet
  facet normal -0.772988 -0.634421 0
    outer loop
      vertex 3.32588 28.2223 2.99
      vertex 2.82843 28.8284 6
      vertex 2.82843 28.8284 2.99
    endloop
  endfacet
  facet normal -0.772988 -0.634421 0
    outer loop
      vertex 2.82843 28.8284 6
      vertex 3.32588 28.2223 2.99
      vertex 3.32588 28.2223 6
    endloop
  endfacet
  facet normal -0.956934 0.290307 0
    outer loop
      vertex 3.69552 24.4693 2.99
      vertex 3.92314 25.2196 6
      vertex 3.92314 25.2196 2.99
    endloop
  endfacet
  facet normal -0.956934 0.290307 0
    outer loop
      vertex 3.92314 25.2196 6
      vertex 3.69552 24.4693 2.99
      vertex 3.69552 24.4693 6
    endloop
  endfacet
  facet normal -0.471356 -0.881943 0
    outer loop
      vertex 1.53073 29.6955 2.99
      vertex 2.22228 29.3259 6
      vertex 1.53073 29.6955 6
    endloop
  endfacet
  facet normal -0.471356 -0.881943 -0
    outer loop
      vertex 2.22228 29.3259 6
      vertex 1.53073 29.6955 2.99
      vertex 2.22228 29.3259 2.99
    endloop
  endfacet
  facet normal 0.471356 0.881943 -0
    outer loop
      vertex -1.53073 22.3045 2.99
      vertex -2.22228 22.6741 6
      vertex -1.53073 22.3045 6
    endloop
  endfacet
  facet normal 0.471356 0.881943 0
    outer loop
      vertex -2.22228 22.6741 6
      vertex -1.53073 22.3045 2.99
      vertex -2.22228 22.6741 2.99
    endloop
  endfacet
  facet normal -0.793348 -0.608768 0
    outer loop
      vertex -20.6114 -11.9 0
      vertex -20.961 -11.4444 2.99
      vertex -20.961 -11.4444 0
    endloop
  endfacet
  facet normal -0.793348 -0.608768 0
    outer loop
      vertex -20.961 -11.4444 2.99
      vertex -20.6114 -11.9 0
      vertex -20.6114 -11.9 2.99
    endloop
  endfacet
  facet normal 0.608877 0.793264 -0
    outer loop
      vertex -23.6167 -14.9053 0
      vertex -24.0723 -14.5556 2.99
      vertex -23.6167 -14.9053 2.99
    endloop
  endfacet
  facet normal 0.608877 0.793264 0
    outer loop
      vertex -24.0723 -14.5556 2.99
      vertex -23.6167 -14.9053 0
      vertex -24.0723 -14.5556 0
    endloop
  endfacet
  facet normal -0.923868 -0.382711 0
    outer loop
      vertex -20.3916 -12.4306 0
      vertex -20.6114 -11.9 2.99
      vertex -20.6114 -11.9 0
    endloop
  endfacet
  facet normal -0.923868 -0.382711 0
    outer loop
      vertex -20.6114 -11.9 2.99
      vertex -20.3916 -12.4306 0
      vertex -20.3916 -12.4306 2.99
    endloop
  endfacet
  facet normal 0.608877 -0.793264 0
    outer loop
      vertex -24.0723 -11.4444 0
      vertex -23.6167 -11.0947 2.99
      vertex -24.0723 -11.4444 2.99
    endloop
  endfacet
  facet normal 0.608877 -0.793264 0
    outer loop
      vertex -23.6167 -11.0947 2.99
      vertex -24.0723 -11.4444 0
      vertex -23.6167 -11.0947 0
    endloop
  endfacet
  facet normal -0.608793 0.793329 0
    outer loop
      vertex -20.961 -14.5556 0
      vertex -21.4167 -14.9053 2.99
      vertex -20.961 -14.5556 2.99
    endloop
  endfacet
  facet normal -0.608793 0.793329 0
    outer loop
      vertex -21.4167 -14.9053 2.99
      vertex -20.961 -14.5556 0
      vertex -21.4167 -14.9053 0
    endloop
  endfacet
  facet normal 0.923868 0.382711 0
    outer loop
      vertex -24.4219 -14.1 2.99
      vertex -24.6417 -13.5694 0
      vertex -24.6417 -13.5694 2.99
    endloop
  endfacet
  facet normal 0.923868 0.382711 0
    outer loop
      vertex -24.6417 -13.5694 0
      vertex -24.4219 -14.1 2.99
      vertex -24.4219 -14.1 0
    endloop
  endfacet
  facet normal 0.793348 0.608768 0
    outer loop
      vertex -24.0723 -14.5556 2.99
      vertex -24.4219 -14.1 0
      vertex -24.4219 -14.1 2.99
    endloop
  endfacet
  facet normal 0.793348 0.608768 0
    outer loop
      vertex -24.4219 -14.1 0
      vertex -24.0723 -14.5556 2.99
      vertex -24.0723 -14.5556 0
    endloop
  endfacet
  facet normal 0.382562 0.92393 -0
    outer loop
      vertex -23.0861 -15.125 0
      vertex -23.6167 -14.9053 2.99
      vertex -23.0861 -15.125 2.99
    endloop
  endfacet
  facet normal 0.382562 0.92393 0
    outer loop
      vertex -23.6167 -14.9053 2.99
      vertex -23.0861 -15.125 0
      vertex -23.6167 -14.9053 0
    endloop
  endfacet
  facet normal 0.991437 -0.13059 0
    outer loop
      vertex -24.7167 -13 2.99
      vertex -24.6417 -12.4306 0
      vertex -24.6417 -12.4306 2.99
    endloop
  endfacet
  facet normal 0.991437 -0.13059 0
    outer loop
      vertex -24.6417 -12.4306 0
      vertex -24.7167 -13 2.99
      vertex -24.7167 -13 0
    endloop
  endfacet
  facet normal -0.991459 0.130418 0
    outer loop
      vertex -20.3916 -13.5694 0
      vertex -20.3167 -13 2.99
      vertex -20.3167 -13 0
    endloop
  endfacet
  facet normal -0.991459 0.130418 0
    outer loop
      vertex -20.3167 -13 2.99
      vertex -20.3916 -13.5694 0
      vertex -20.3916 -13.5694 2.99
    endloop
  endfacet
  facet normal -0.608793 -0.793329 0
    outer loop
      vertex -21.4167 -11.0947 0
      vertex -20.961 -11.4444 2.99
      vertex -21.4167 -11.0947 2.99
    endloop
  endfacet
  facet normal -0.608793 -0.793329 -0
    outer loop
      vertex -20.961 -11.4444 2.99
      vertex -21.4167 -11.0947 0
      vertex -20.961 -11.4444 0
    endloop
  endfacet
  facet normal -0.382562 0.92393 0
    outer loop
      vertex -21.4167 -14.9053 0
      vertex -21.9473 -15.125 2.99
      vertex -21.4167 -14.9053 2.99
    endloop
  endfacet
  facet normal -0.382562 0.92393 0
    outer loop
      vertex -21.9473 -15.125 2.99
      vertex -21.4167 -14.9053 0
      vertex -21.9473 -15.125 0
    endloop
  endfacet
  facet normal -0.13059 0.991437 0
    outer loop
      vertex -21.9473 -15.125 0
      vertex -22.5167 -15.2 2.99
      vertex -21.9473 -15.125 2.99
    endloop
  endfacet
  facet normal -0.13059 0.991437 0
    outer loop
      vertex -22.5167 -15.2 2.99
      vertex -21.9473 -15.125 0
      vertex -22.5167 -15.2 0
    endloop
  endfacet
  facet normal 0.991437 0.13059 0
    outer loop
      vertex -24.6417 -13.5694 2.99
      vertex -24.7167 -13 0
      vertex -24.7167 -13 2.99
    endloop
  endfacet
  facet normal 0.991437 0.13059 0
    outer loop
      vertex -24.7167 -13 0
      vertex -24.6417 -13.5694 2.99
      vertex -24.6417 -13.5694 0
    endloop
  endfacet
  facet normal 0.13059 -0.991437 0
    outer loop
      vertex -23.0861 -10.875 0
      vertex -22.5167 -10.8 2.99
      vertex -23.0861 -10.875 2.99
    endloop
  endfacet
  facet normal 0.13059 -0.991437 0
    outer loop
      vertex -22.5167 -10.8 2.99
      vertex -23.0861 -10.875 0
      vertex -22.5167 -10.8 0
    endloop
  endfacet
  facet normal -0.793348 0.608768 0
    outer loop
      vertex -20.961 -14.5556 0
      vertex -20.6114 -14.1 2.99
      vertex -20.6114 -14.1 0
    endloop
  endfacet
  facet normal -0.793348 0.608768 0
    outer loop
      vertex -20.6114 -14.1 2.99
      vertex -20.961 -14.5556 0
      vertex -20.961 -14.5556 2.99
    endloop
  endfacet
  facet normal 0.382562 -0.92393 0
    outer loop
      vertex -23.6167 -11.0947 0
      vertex -23.0861 -10.875 2.99
      vertex -23.6167 -11.0947 2.99
    endloop
  endfacet
  facet normal 0.382562 -0.92393 0
    outer loop
      vertex -23.0861 -10.875 2.99
      vertex -23.6167 -11.0947 0
      vertex -23.0861 -10.875 0
    endloop
  endfacet
  facet normal 0.923868 -0.382711 0
    outer loop
      vertex -24.6417 -12.4306 2.99
      vertex -24.4219 -11.9 0
      vertex -24.4219 -11.9 2.99
    endloop
  endfacet
  facet normal 0.923868 -0.382711 0
    outer loop
      vertex -24.4219 -11.9 0
      vertex -24.6417 -12.4306 2.99
      vertex -24.6417 -12.4306 0
    endloop
  endfacet
  facet normal -0.382562 -0.92393 0
    outer loop
      vertex -21.9473 -10.875 0
      vertex -21.4167 -11.0947 2.99
      vertex -21.9473 -10.875 2.99
    endloop
  endfacet
  facet normal -0.382562 -0.92393 -0
    outer loop
      vertex -21.4167 -11.0947 2.99
      vertex -21.9473 -10.875 0
      vertex -21.4167 -11.0947 0
    endloop
  endfacet
  facet normal -0.923868 0.382711 0
    outer loop
      vertex -20.6114 -14.1 0
      vertex -20.3916 -13.5694 2.99
      vertex -20.3916 -13.5694 0
    endloop
  endfacet
  facet normal -0.923868 0.382711 0
    outer loop
      vertex -20.3916 -13.5694 2.99
      vertex -20.6114 -14.1 0
      vertex -20.6114 -14.1 2.99
    endloop
  endfacet
  facet normal 0.13059 0.991437 -0
    outer loop
      vertex -22.5167 -15.2 0
      vertex -23.0861 -15.125 2.99
      vertex -22.5167 -15.2 2.99
    endloop
  endfacet
  facet normal 0.13059 0.991437 0
    outer loop
      vertex -23.0861 -15.125 2.99
      vertex -22.5167 -15.2 0
      vertex -23.0861 -15.125 0
    endloop
  endfacet
  facet normal 0.793348 -0.608768 0
    outer loop
      vertex -24.4219 -11.9 2.99
      vertex -24.0723 -11.4444 0
      vertex -24.0723 -11.4444 2.99
    endloop
  endfacet
  facet normal 0.793348 -0.608768 0
    outer loop
      vertex -24.0723 -11.4444 0
      vertex -24.4219 -11.9 2.99
      vertex -24.4219 -11.9 0
    endloop
  endfacet
  facet normal -0.13059 -0.991437 0
    outer loop
      vertex -22.5167 -10.8 0
      vertex -21.9473 -10.875 2.99
      vertex -22.5167 -10.8 2.99
    endloop
  endfacet
  facet normal -0.13059 -0.991437 -0
    outer loop
      vertex -21.9473 -10.875 2.99
      vertex -22.5167 -10.8 0
      vertex -21.9473 -10.875 0
    endloop
  endfacet
  facet normal -0.991459 -0.130418 0
    outer loop
      vertex -20.3167 -13 0
      vertex -20.3916 -12.4306 2.99
      vertex -20.3916 -12.4306 0
    endloop
  endfacet
  facet normal -0.991459 -0.130418 0
    outer loop
      vertex -20.3916 -12.4306 2.99
      vertex -20.3167 -13 0
      vertex -20.3167 -13 2.99
    endloop
  endfacet
  facet normal 0.528083 0.849193 -0
    outer loop
      vertex -24.2858 -16.5875 2.99
      vertex -24.9517 -16.1734 6
      vertex -24.2858 -16.5875 6
    endloop
  endfacet
  facet normal 0.528083 0.849193 0
    outer loop
      vertex -24.9517 -16.1734 6
      vertex -24.2858 -16.5875 2.99
      vertex -24.9517 -16.1734 2.99
    endloop
  endfacet
  facet normal -0.683587 -0.729869 0
    outer loop
      vertex -20.0816 -9.82659 2.99
      vertex -19.5093 -10.3626 6
      vertex -20.0816 -9.82659 6
    endloop
  endfacet
  facet normal -0.683587 -0.729869 -0
    outer loop
      vertex -19.5093 -10.3626 6
      vertex -20.0816 -9.82659 2.99
      vertex -19.5093 -10.3626 2.99
    endloop
  endfacet
  facet normal 0.68358 0.729875 -0
    outer loop
      vertex -24.9517 -16.1734 2.99
      vertex -25.524 -15.6374 6
      vertex -24.9517 -16.1734 6
    endloop
  endfacet
  facet normal 0.68358 0.729875 0
    outer loop
      vertex -25.524 -15.6374 6
      vertex -24.9517 -16.1734 2.99
      vertex -25.524 -15.6374 2.99
    endloop
  endfacet
  facet normal -0.81288 -0.582432 0
    outer loop
      vertex -19.0526 -11 2.99
      vertex -19.5093 -10.3626 6
      vertex -19.5093 -10.3626 2.99
    endloop
  endfacet
  facet normal -0.81288 -0.582432 0
    outer loop
      vertex -19.5093 -10.3626 6
      vertex -19.0526 -11 2.99
      vertex -19.0526 -11 6
    endloop
  endfacet
  facet normal 0.910864 0.412707 0
    outer loop
      vertex -25.9808 -15 6
      vertex -26.3044 -14.2858 2.99
      vertex -26.3044 -14.2858 6
    endloop
  endfacet
  facet normal 0.910864 0.412707 0
    outer loop
      vertex -26.3044 -14.2858 2.99
      vertex -25.9808 -15 6
      vertex -25.9808 -15 2.99
    endloop
  endfacet
  facet normal 0.973897 0.226992 0
    outer loop
      vertex -26.3044 -14.2858 6
      vertex -26.4824 -13.5221 2.99
      vertex -26.4824 -13.5221 6
    endloop
  endfacet
  facet normal 0.973897 0.226992 0
    outer loop
      vertex -26.4824 -13.5221 2.99
      vertex -26.3044 -14.2858 6
      vertex -26.3044 -14.2858 2.99
    endloop
  endfacet
  facet normal -0.0326481 0.999467 0
    outer loop
      vertex -21.9946 -16.9658 2.99
      vertex -22.7783 -16.9914 6
      vertex -21.9946 -16.9658 6
    endloop
  endfacet
  facet normal -0.0326481 0.999467 0
    outer loop
      vertex -22.7783 -16.9914 6
      vertex -21.9946 -16.9658 2.99
      vertex -22.7783 -16.9914 2.99
    endloop
  endfacet
  facet normal -0.582432 0.81288 0
    outer loop
      vertex -19.8793 -16.0074 2.99
      vertex -20.5167 -16.4641 6
      vertex -19.8793 -16.0074 6
    endloop
  endfacet
  facet normal -0.582432 0.81288 0
    outer loop
      vertex -20.5167 -16.4641 6
      vertex -19.8793 -16.0074 2.99
      vertex -20.5167 -16.4641 2.99
    endloop
  endfacet
  facet normal 0.352227 0.935915 -0
    outer loop
      vertex -23.5519 -16.8637 2.99
      vertex -24.2858 -16.5875 6
      vertex -23.5519 -16.8637 6
    endloop
  endfacet
  facet normal 0.352227 0.935915 0
    outer loop
      vertex -24.2858 -16.5875 6
      vertex -23.5519 -16.8637 2.99
      vertex -24.2858 -16.5875 2.99
    endloop
  endfacet
  facet normal 0.986651 -0.162848 0
    outer loop
      vertex -26.5081 -12.7384 6
      vertex -26.3804 -11.9647 2.99
      vertex -26.3804 -11.9647 6
    endloop
  endfacet
  facet normal 0.986651 -0.162848 0
    outer loop
      vertex -26.3804 -11.9647 2.99
      vertex -26.5081 -12.7384 6
      vertex -26.5081 -12.7384 2.99
    endloop
  endfacet
  facet normal -0.162918 -0.98664 0
    outer loop
      vertex -22.255 -9.00856 2.99
      vertex -21.4814 -9.1363 6
      vertex -22.255 -9.00856 6
    endloop
  endfacet
  facet normal -0.162918 -0.98664 -0
    outer loop
      vertex -21.4814 -9.1363 6
      vertex -22.255 -9.00856 2.99
      vertex -21.4814 -9.1363 2.99
    endloop
  endfacet
  facet normal 0.849157 -0.52814 0
    outer loop
      vertex -26.1042 -11.2308 6
      vertex -25.6901 -10.565 2.99
      vertex -25.6901 -10.565 6
    endloop
  endfacet
  facet normal 0.849157 -0.52814 0
    outer loop
      vertex -25.6901 -10.565 2.99
      vertex -26.1042 -11.2308 6
      vertex -26.1042 -11.2308 2.99
    endloop
  endfacet
  facet normal 0.812819 0.582516 0
    outer loop
      vertex -25.524 -15.6374 6
      vertex -25.9808 -15 2.99
      vertex -25.9808 -15 6
    endloop
  endfacet
  facet normal 0.812819 0.582516 0
    outer loop
      vertex -25.9808 -15 2.99
      vertex -25.524 -15.6374 6
      vertex -25.524 -15.6374 2.99
    endloop
  endfacet
  facet normal -0.849214 0.528048 0
    outer loop
      vertex -19.3432 -15.435 2.99
      vertex -18.9292 -14.7692 6
      vertex -18.9292 -14.7692 2.99
    endloop
  endfacet
  facet normal -0.849214 0.528048 0
    outer loop
      vertex -18.9292 -14.7692 6
      vertex -19.3432 -15.435 2.99
      vertex -19.3432 -15.435 6
    endloop
  endfacet
  facet normal -0.973897 -0.226992 0
    outer loop
      vertex -18.5509 -12.4779 2.99
      vertex -18.7289 -11.7142 6
      vertex -18.7289 -11.7142 2.99
    endloop
  endfacet
  facet normal -0.973897 -0.226992 0
    outer loop
      vertex -18.7289 -11.7142 6
      vertex -18.5509 -12.4779 2.99
      vertex -18.5509 -12.4779 6
    endloop
  endfacet
  facet normal -0.412707 0.910864 0
    outer loop
      vertex -20.5167 -16.4641 2.99
      vertex -21.2309 -16.7877 6
      vertex -20.5167 -16.4641 6
    endloop
  endfacet
  facet normal -0.412707 0.910864 0
    outer loop
      vertex -21.2309 -16.7877 6
      vertex -20.5167 -16.4641 2.99
      vertex -21.2309 -16.7877 2.99
    endloop
  endfacet
  facet normal -0.528065 -0.849204 0
    outer loop
      vertex -20.7475 -9.41251 2.99
      vertex -20.0816 -9.82659 6
      vertex -20.7475 -9.41251 6
    endloop
  endfacet
  facet normal -0.528065 -0.849204 -0
    outer loop
      vertex -20.0816 -9.82659 6
      vertex -20.7475 -9.41251 2.99
      vertex -20.0816 -9.82659 2.99
    endloop
  endfacet
  facet normal -0.986631 0.162972 0
    outer loop
      vertex -18.653 -14.0353 2.99
      vertex -18.5252 -13.2616 6
      vertex -18.5252 -13.2616 2.99
    endloop
  endfacet
  facet normal -0.986631 0.162972 0
    outer loop
      vertex -18.5252 -13.2616 6
      vertex -18.653 -14.0353 2.99
      vertex -18.653 -14.0353 6
    endloop
  endfacet
  facet normal 0.41268 -0.910876 0
    outer loop
      vertex -24.5167 -9.5359 2.99
      vertex -23.8024 -9.21228 6
      vertex -24.5167 -9.5359 6
    endloop
  endfacet
  facet normal 0.41268 -0.910876 0
    outer loop
      vertex -23.8024 -9.21228 6
      vertex -24.5167 -9.5359 2.99
      vertex -23.8024 -9.21228 2.99
    endloop
  endfacet
  facet normal 0.582526 -0.812812 0
    outer loop
      vertex -25.154 -9.99264 2.99
      vertex -24.5167 -9.5359 6
      vertex -25.154 -9.99264 6
    endloop
  endfacet
  facet normal 0.582526 -0.812812 0
    outer loop
      vertex -24.5167 -9.5359 6
      vertex -25.154 -9.99264 2.99
      vertex -24.5167 -9.5359 2.99
    endloop
  endfacet
  facet normal -0.352238 -0.93591 0
    outer loop
      vertex -21.4814 -9.1363 2.99
      vertex -20.7475 -9.41251 6
      vertex -21.4814 -9.1363 6
    endloop
  endfacet
  facet normal -0.352238 -0.93591 -0
    outer loop
      vertex -20.7475 -9.41251 6
      vertex -21.4814 -9.1363 2.99
      vertex -20.7475 -9.41251 2.99
    endloop
  endfacet
  facet normal -0.227113 0.973868 0
    outer loop
      vertex -21.2309 -16.7877 2.99
      vertex -21.9946 -16.9658 6
      vertex -21.2309 -16.7877 6
    endloop
  endfacet
  facet normal -0.227113 0.973868 0
    outer loop
      vertex -21.9946 -16.9658 6
      vertex -21.2309 -16.7877 2.99
      vertex -21.9946 -16.9658 2.99
    endloop
  endfacet
  facet normal -0.910816 -0.412813 0
    outer loop
      vertex -18.7289 -11.7142 2.99
      vertex -19.0526 -11 6
      vertex -19.0526 -11 2.99
    endloop
  endfacet
  facet normal -0.910816 -0.412813 0
    outer loop
      vertex -19.0526 -11 6
      vertex -18.7289 -11.7142 2.99
      vertex -18.7289 -11.7142 6
    endloop
  endfacet
  facet normal 0.162868 0.986648 -0
    outer loop
      vertex -22.7783 -16.9914 2.99
      vertex -23.5519 -16.8637 6
      vertex -22.7783 -16.9914 6
    endloop
  endfacet
  facet normal 0.162868 0.986648 0
    outer loop
      vertex -23.5519 -16.8637 6
      vertex -22.7783 -16.9914 2.99
      vertex -23.5519 -16.8637 2.99
    endloop
  endfacet
  facet normal 0.729847 -0.68361 0
    outer loop
      vertex -25.6901 -10.565 6
      vertex -25.154 -9.99264 2.99
      vertex -25.154 -9.99264 6
    endloop
  endfacet
  facet normal 0.729847 -0.68361 0
    outer loop
      vertex -25.154 -9.99264 2.99
      vertex -25.6901 -10.565 6
      vertex -25.6901 -10.565 2.99
    endloop
  endfacet
  facet normal 0.0327204 -0.999465 0
    outer loop
      vertex -23.0388 -9.03422 2.99
      vertex -22.255 -9.00856 6
      vertex -23.0388 -9.03422 6
    endloop
  endfacet
  facet normal 0.0327204 -0.999465 0
    outer loop
      vertex -22.255 -9.00856 6
      vertex -23.0388 -9.03422 2.99
      vertex -22.255 -9.00856 2.99
    endloop
  endfacet
  facet normal -0.729871 0.683585 0
    outer loop
      vertex -19.8793 -16.0074 2.99
      vertex -19.3432 -15.435 6
      vertex -19.3432 -15.435 2.99
    endloop
  endfacet
  facet normal -0.729871 0.683585 0
    outer loop
      vertex -19.3432 -15.435 6
      vertex -19.8793 -16.0074 2.99
      vertex -19.8793 -16.0074 6
    endloop
  endfacet
  facet normal -0.935915 0.352227 0
    outer loop
      vertex -18.9292 -14.7692 2.99
      vertex -18.653 -14.0353 6
      vertex -18.653 -14.0353 2.99
    endloop
  endfacet
  facet normal -0.935915 0.352227 0
    outer loop
      vertex -18.653 -14.0353 6
      vertex -18.9292 -14.7692 2.99
      vertex -18.9292 -14.7692 6
    endloop
  endfacet
  facet normal 0 0 1
    outer loop
      vertex -18.5509 -12.4779 2.99
      vertex -20.3916 -12.4306 2.99
      vertex -20.3167 -13 2.99
    endloop
  endfacet
  facet normal 0 0 1
    outer loop
      vertex -19.5093 -10.3626 2.99
      vertex -20.6114 -11.9 2.99
      vertex -20.3916 -12.4306 2.99
    endloop
  endfacet
  facet normal 0 0 1
    outer loop
      vertex -21.4167 -11.0947 2.99
      vertex -20.0816 -9.82659 2.99
      vertex -20.7475 -9.41251 2.99
    endloop
  endfacet
  facet normal 0 0 1
    outer loop
      vertex -19.5093 -10.3626 2.99
      vertex -20.961 -11.4444 2.99
      vertex -20.6114 -11.9 2.99
    endloop
  endfacet
  facet normal 0 0 1
    outer loop
      vertex -20.0816 -9.82659 2.99
      vertex -21.4167 -11.0947 2.99
      vertex -20.961 -11.4444 2.99
    endloop
  endfacet
  facet normal 0 0 1
    outer loop
      vertex -21.9473 -10.875 2.99
      vertex -20.7475 -9.41251 2.99
      vertex -21.4814 -9.1363 2.99
    endloop
  endfacet
  facet normal 0 0 1
    outer loop
      vertex -20.7475 -9.41251 2.99
      vertex -21.9473 -10.875 2.99
      vertex -21.4167 -11.0947 2.99
    endloop
  endfacet
  facet normal 0 0 1
    outer loop
      vertex -22.255 -9.00856 2.99
      vertex -21.9473 -10.875 2.99
      vertex -21.4814 -9.1363 2.99
    endloop
  endfacet
  facet normal 0 0 1
    outer loop
      vertex -22.255 -9.00856 2.99
      vertex -22.5167 -10.8 2.99
      vertex -21.9473 -10.875 2.99
    endloop
  endfacet
  facet normal -0 0 1
    outer loop
      vertex -23.0388 -9.03422 2.99
      vertex -22.5167 -10.8 2.99
      vertex -22.255 -9.00856 2.99
    endloop
  endfacet
  facet normal 0 0 1
    outer loop
      vertex -23.0388 -9.03422 2.99
      vertex -23.0861 -10.875 2.99
      vertex -22.5167 -10.8 2.99
    endloop
  endfacet
  facet normal -0 0 1
    outer loop
      vertex -23.8024 -9.21228 2.99
      vertex -23.0861 -10.875 2.99
      vertex -23.0388 -9.03422 2.99
    endloop
  endfacet
  facet normal 0 0 1
    outer loop
      vertex -23.0861 -10.875 2.99
      vertex -23.8024 -9.21228 2.99
      vertex -23.6167 -11.0947 2.99
    endloop
  endfacet
  facet normal -0 0 1
    outer loop
      vertex -24.5167 -9.5359 2.99
      vertex -23.6167 -11.0947 2.99
      vertex -23.8024 -9.21228 2.99
    endloop
  endfacet
  facet normal -0 0 1
    outer loop
      vertex -25.154 -9.99264 2.99
      vertex -23.6167 -11.0947 2.99
      vertex -24.5167 -9.5359 2.99
    endloop
  endfacet
  facet normal 0 0 1
    outer loop
      vertex -23.6167 -11.0947 2.99
      vertex -25.154 -9.99264 2.99
      vertex -24.0723 -11.4444 2.99
    endloop
  endfacet
  facet normal -0 0 1
    outer loop
      vertex -25.6901 -10.565 2.99
      vertex -24.0723 -11.4444 2.99
      vertex -25.154 -9.99264 2.99
    endloop
  endfacet
  facet normal 0 0 1
    outer loop
      vertex -24.0723 -11.4444 2.99
      vertex -25.6901 -10.565 2.99
      vertex -24.4219 -11.9 2.99
    endloop
  endfacet
  facet normal -0 0 1
    outer loop
      vertex -26.1042 -11.2308 2.99
      vertex -24.4219 -11.9 2.99
      vertex -25.6901 -10.565 2.99
    endloop
  endfacet
  facet normal 0 0 1
    outer loop
      vertex -24.4219 -11.9 2.99
      vertex -26.1042 -11.2308 2.99
      vertex -24.6417 -12.4306 2.99
    endloop
  endfacet
  facet normal 0 0 1
    outer loop
      vertex -24.7167 -13 2.99
      vertex -25.524 -15.6374 2.99
      vertex -24.9517 -16.1734 2.99
    endloop
  endfacet
  facet normal -0 0 1
    outer loop
      vertex -26.3804 -11.9647 2.99
      vertex -24.6417 -12.4306 2.99
      vertex -26.1042 -11.2308 2.99
    endloop
  endfacet
  facet normal 0 0 1
    outer loop
      vertex -24.7167 -13 2.99
      vertex -25.9808 -15 2.99
      vertex -25.524 -15.6374 2.99
    endloop
  endfacet
  facet normal 0 0 1
    outer loop
      vertex -26.5081 -12.7384 2.99
      vertex -24.6417 -12.4306 2.99
      vertex -26.3804 -11.9647 2.99
    endloop
  endfacet
  facet normal 0 0 1
    outer loop
      vertex -24.7167 -13 2.99
      vertex -26.3044 -14.2858 2.99
      vertex -25.9808 -15 2.99
    endloop
  endfacet
  facet normal 0 0 1
    outer loop
      vertex -24.6417 -12.4306 2.99
      vertex -26.5081 -12.7384 2.99
      vertex -24.7167 -13 2.99
    endloop
  endfacet
  facet normal 0 0 1
    outer loop
      vertex -24.7167 -13 2.99
      vertex -26.4824 -13.5221 2.99
      vertex -26.3044 -14.2858 2.99
    endloop
  endfacet
  facet normal 0 0 1
    outer loop
      vertex -24.7167 -13 2.99
      vertex -26.5081 -12.7384 2.99
      vertex -26.4824 -13.5221 2.99
    endloop
  endfacet
  facet normal -0 0 1
    outer loop
      vertex -20.3167 -13 2.99
      vertex -18.5252 -13.2616 2.99
      vertex -18.5509 -12.4779 2.99
    endloop
  endfacet
  facet normal -0 0 1
    outer loop
      vertex -20.3916 -12.4306 2.99
      vertex -18.5509 -12.4779 2.99
      vertex -18.7289 -11.7142 2.99
    endloop
  endfacet
  facet normal 0 0 1
    outer loop
      vertex -20.3916 -13.5694 2.99
      vertex -18.5252 -13.2616 2.99
      vertex -20.3167 -13 2.99
    endloop
  endfacet
  facet normal 0 0 1
    outer loop
      vertex -20.3916 -12.4306 2.99
      vertex -18.7289 -11.7142 2.99
      vertex -19.0526 -11 2.99
    endloop
  endfacet
  facet normal 0 0 1
    outer loop
      vertex -18.5252 -13.2616 2.99
      vertex -20.3916 -13.5694 2.99
      vertex -18.653 -14.0353 2.99
    endloop
  endfacet
  facet normal 0 0 1
    outer loop
      vertex -20.3916 -12.4306 2.99
      vertex -19.0526 -11 2.99
      vertex -19.5093 -10.3626 2.99
    endloop
  endfacet
  facet normal 0 0 1
    outer loop
      vertex -18.653 -14.0353 2.99
      vertex -20.3916 -13.5694 2.99
      vertex -18.9292 -14.7692 2.99
    endloop
  endfacet
  facet normal 0 0 1
    outer loop
      vertex -20.961 -11.4444 2.99
      vertex -19.5093 -10.3626 2.99
      vertex -20.0816 -9.82659 2.99
    endloop
  endfacet
  facet normal -0 0 1
    outer loop
      vertex -20.6114 -14.1 2.99
      vertex -18.9292 -14.7692 2.99
      vertex -20.3916 -13.5694 2.99
    endloop
  endfacet
  facet normal 0 0 1
    outer loop
      vertex -18.9292 -14.7692 2.99
      vertex -20.6114 -14.1 2.99
      vertex -19.3432 -15.435 2.99
    endloop
  endfacet
  facet normal -0 0 1
    outer loop
      vertex -20.961 -14.5556 2.99
      vertex -19.3432 -15.435 2.99
      vertex -20.6114 -14.1 2.99
    endloop
  endfacet
  facet normal 0 0 1
    outer loop
      vertex -19.3432 -15.435 2.99
      vertex -20.961 -14.5556 2.99
      vertex -19.8793 -16.0074 2.99
    endloop
  endfacet
  facet normal -0 0 1
    outer loop
      vertex -21.4167 -14.9053 2.99
      vertex -19.8793 -16.0074 2.99
      vertex -20.961 -14.5556 2.99
    endloop
  endfacet
  facet normal 0 0 1
    outer loop
      vertex -19.8793 -16.0074 2.99
      vertex -21.4167 -14.9053 2.99
      vertex -20.5167 -16.4641 2.99
    endloop
  endfacet
  facet normal 0 0 1
    outer loop
      vertex -20.5167 -16.4641 2.99
      vertex -21.4167 -14.9053 2.99
      vertex -21.2309 -16.7877 2.99
    endloop
  endfacet
  facet normal -0 0 1
    outer loop
      vertex -21.9473 -15.125 2.99
      vertex -21.2309 -16.7877 2.99
      vertex -21.4167 -14.9053 2.99
    endloop
  endfacet
  facet normal 0 0 1
    outer loop
      vertex -21.9473 -15.125 2.99
      vertex -21.9946 -16.9658 2.99
      vertex -21.2309 -16.7877 2.99
    endloop
  endfacet
  facet normal -0 0 1
    outer loop
      vertex -22.5167 -15.2 2.99
      vertex -21.9946 -16.9658 2.99
      vertex -21.9473 -15.125 2.99
    endloop
  endfacet
  facet normal 0 0 1
    outer loop
      vertex -22.5167 -15.2 2.99
      vertex -22.7783 -16.9914 2.99
      vertex -21.9946 -16.9658 2.99
    endloop
  endfacet
  facet normal 0 0 1
    outer loop
      vertex -23.0861 -15.125 2.99
      vertex -22.7783 -16.9914 2.99
      vertex -22.5167 -15.2 2.99
    endloop
  endfacet
  facet normal 0 0 1
    outer loop
      vertex -23.0861 -15.125 2.99
      vertex -23.5519 -16.8637 2.99
      vertex -22.7783 -16.9914 2.99
    endloop
  endfacet
  facet normal 0 0 1
    outer loop
      vertex -24.2858 -16.5875 2.99
      vertex -23.0861 -15.125 2.99
      vertex -23.6167 -14.9053 2.99
    endloop
  endfacet
  facet normal 0 0 1
    outer loop
      vertex -24.9517 -16.1734 2.99
      vertex -23.6167 -14.9053 2.99
      vertex -24.0723 -14.5556 2.99
    endloop
  endfacet
  facet normal 0 0 1
    outer loop
      vertex -23.0861 -15.125 2.99
      vertex -24.2858 -16.5875 2.99
      vertex -23.5519 -16.8637 2.99
    endloop
  endfacet
  facet normal 0 0 1
    outer loop
      vertex -24.9517 -16.1734 2.99
      vertex -24.0723 -14.5556 2.99
      vertex -24.4219 -14.1 2.99
    endloop
  endfacet
  facet normal 0 0 1
    outer loop
      vertex -24.9517 -16.1734 2.99
      vertex -24.4219 -14.1 2.99
      vertex -24.6417 -13.5694 2.99
    endloop
  endfacet
  facet normal 0 0 1
    outer loop
      vertex -24.9517 -16.1734 2.99
      vertex -24.6417 -13.5694 2.99
      vertex -24.7167 -13 2.99
    endloop
  endfacet
  facet normal 0 0 1
    outer loop
      vertex -23.6167 -14.9053 2.99
      vertex -24.9517 -16.1734 2.99
      vertex -24.2858 -16.5875 2.99
    endloop
  endfacet
  facet normal 0.935915 -0.352227 0
    outer loop
      vertex -26.3804 -11.9647 6
      vertex -26.1042 -11.2308 2.99
      vertex -26.1042 -11.2308 6
    endloop
  endfacet
  facet normal 0.935915 -0.352227 0
    outer loop
      vertex -26.1042 -11.2308 2.99
      vertex -26.3804 -11.9647 6
      vertex -26.3804 -11.9647 2.99
    endloop
  endfacet
  facet normal 0.227093 -0.973873 0
    outer loop
      vertex -23.8024 -9.21228 2.99
      vertex -23.0388 -9.03422 6
      vertex -23.8024 -9.21228 6
    endloop
  endfacet
  facet normal 0.227093 -0.973873 0
    outer loop
      vertex -23.0388 -9.03422 6
      vertex -23.8024 -9.21228 2.99
      vertex -23.0388 -9.03422 2.99
    endloop
  endfacet
  facet normal 0.999463 0.0327755 0
    outer loop
      vertex -26.4824 -13.5221 6
      vertex -26.5081 -12.7384 2.99
      vertex -26.5081 -12.7384 6
    endloop
  endfacet
  facet normal 0.999463 0.0327755 0
    outer loop
      vertex -26.5081 -12.7384 2.99
      vertex -26.4824 -13.5221 6
      vertex -26.4824 -13.5221 2.99
    endloop
  endfacet
  facet normal -0.999463 -0.0327755 0
    outer loop
      vertex -18.5252 -13.2616 2.99
      vertex -18.5509 -12.4779 6
      vertex -18.5509 -12.4779 2.99
    endloop
  endfacet
  facet normal -0.999463 -0.0327755 0
    outer loop
      vertex -18.5509 -12.4779 6
      vertex -18.5252 -13.2616 2.99
      vertex -18.5252 -13.2616 6
    endloop
  endfacet
  facet normal 0.923868 -0.382711 0
    outer loop
      vertex 20.3916 -12.4306 2.99
      vertex 20.6114 -11.9 0
      vertex 20.6114 -11.9 2.99
    endloop
  endfacet
  facet normal 0.923868 -0.382711 0
    outer loop
      vertex 20.6114 -11.9 0
      vertex 20.3916 -12.4306 2.99
      vertex 20.3916 -12.4306 0
    endloop
  endfacet
  facet normal -0.991437 0.13059 0
    outer loop
      vertex 24.6417 -13.5694 0
      vertex 24.7167 -13 2.99
      vertex 24.7167 -13 0
    endloop
  endfacet
  facet normal -0.991437 0.13059 0
    outer loop
      vertex 24.7167 -13 2.99
      vertex 24.6417 -13.5694 0
      vertex 24.6417 -13.5694 2.99
    endloop
  endfacet
  facet normal 0.793348 -0.608768 0
    outer loop
      vertex 20.6114 -11.9 2.99
      vertex 20.961 -11.4444 0
      vertex 20.961 -11.4444 2.99
    endloop
  endfacet
  facet normal 0.793348 -0.608768 0
    outer loop
      vertex 20.961 -11.4444 0
      vertex 20.6114 -11.9 2.99
      vertex 20.6114 -11.9 0
    endloop
  endfacet
  facet normal 0.382562 0.92393 -0
    outer loop
      vertex 21.9473 -15.125 0
      vertex 21.4167 -14.9053 2.99
      vertex 21.9473 -15.125 2.99
    endloop
  endfacet
  facet normal 0.382562 0.92393 0
    outer loop
      vertex 21.4167 -14.9053 2.99
      vertex 21.9473 -15.125 0
      vertex 21.4167 -14.9053 0
    endloop
  endfacet
  facet normal -0.382562 -0.92393 0
    outer loop
      vertex 23.0861 -10.875 0
      vertex 23.6167 -11.0947 2.99
      vertex 23.0861 -10.875 2.99
    endloop
  endfacet
  facet normal -0.382562 -0.92393 -0
    outer loop
      vertex 23.6167 -11.0947 2.99
      vertex 23.0861 -10.875 0
      vertex 23.6167 -11.0947 0
    endloop
  endfacet
  facet normal -0.793348 0.608768 0
    outer loop
      vertex 24.0723 -14.5556 0
      vertex 24.4219 -14.1 2.99
      vertex 24.4219 -14.1 0
    endloop
  endfacet
  facet normal -0.793348 0.608768 0
    outer loop
      vertex 24.4219 -14.1 2.99
      vertex 24.0723 -14.5556 0
      vertex 24.0723 -14.5556 2.99
    endloop
  endfacet
  facet normal -0.923868 0.382711 0
    outer loop
      vertex 24.4219 -14.1 0
      vertex 24.6417 -13.5694 2.99
      vertex 24.6417 -13.5694 0
    endloop
  endfacet
  facet normal -0.923868 0.382711 0
    outer loop
      vertex 24.6417 -13.5694 2.99
      vertex 24.4219 -14.1 0
      vertex 24.4219 -14.1 2.99
    endloop
  endfacet
  facet normal -0.991437 -0.13059 0
    outer loop
      vertex 24.7167 -13 0
      vertex 24.6417 -12.4306 2.99
      vertex 24.6417 -12.4306 0
    endloop
  endfacet
  facet normal -0.991437 -0.13059 0
    outer loop
      vertex 24.6417 -12.4306 2.99
      vertex 24.7167 -13 0
      vertex 24.7167 -13 2.99
    endloop
  endfacet
  facet normal -0.382562 0.92393 0
    outer loop
      vertex 23.6167 -14.9053 0
      vertex 23.0861 -15.125 2.99
      vertex 23.6167 -14.9053 2.99
    endloop
  endfacet
  facet normal -0.382562 0.92393 0
    outer loop
      vertex 23.0861 -15.125 2.99
      vertex 23.6167 -14.9053 0
      vertex 23.0861 -15.125 0
    endloop
  endfacet
  facet normal 0.382562 -0.92393 0
    outer loop
      vertex 21.4167 -11.0947 0
      vertex 21.9473 -10.875 2.99
      vertex 21.4167 -11.0947 2.99
    endloop
  endfacet
  facet normal 0.382562 -0.92393 0
    outer loop
      vertex 21.9473 -10.875 2.99
      vertex 21.4167 -11.0947 0
      vertex 21.9473 -10.875 0
    endloop
  endfacet
  facet normal 0.991459 -0.130418 0
    outer loop
      vertex 20.3167 -13 2.99
      vertex 20.3916 -12.4306 0
      vertex 20.3916 -12.4306 2.99
    endloop
  endfacet
  facet normal 0.991459 -0.130418 0
    outer loop
      vertex 20.3916 -12.4306 0
      vertex 20.3167 -13 2.99
      vertex 20.3167 -13 0
    endloop
  endfacet
  facet normal -0.608877 -0.793264 0
    outer loop
      vertex 23.6167 -11.0947 0
      vertex 24.0723 -11.4444 2.99
      vertex 23.6167 -11.0947 2.99
    endloop
  endfacet
  facet normal -0.608877 -0.793264 -0
    outer loop
      vertex 24.0723 -11.4444 2.99
      vertex 23.6167 -11.0947 0
      vertex 24.0723 -11.4444 0
    endloop
  endfacet
  facet normal -0.793348 -0.608768 0
    outer loop
      vertex 24.4219 -11.9 0
      vertex 24.0723 -11.4444 2.99
      vertex 24.0723 -11.4444 0
    endloop
  endfacet
  facet normal -0.793348 -0.608768 0
    outer loop
      vertex 24.0723 -11.4444 2.99
      vertex 24.4219 -11.9 0
      vertex 24.4219 -11.9 2.99
    endloop
  endfacet
  facet normal -0.608877 0.793264 0
    outer loop
      vertex 24.0723 -14.5556 0
      vertex 23.6167 -14.9053 2.99
      vertex 24.0723 -14.5556 2.99
    endloop
  endfacet
  facet normal -0.608877 0.793264 0
    outer loop
      vertex 23.6167 -14.9053 2.99
      vertex 24.0723 -14.5556 0
      vertex 23.6167 -14.9053 0
    endloop
  endfacet
  facet normal 0.793348 0.608768 0
    outer loop
      vertex 20.961 -14.5556 2.99
      vertex 20.6114 -14.1 0
      vertex 20.6114 -14.1 2.99
    endloop
  endfacet
  facet normal 0.793348 0.608768 0
    outer loop
      vertex 20.6114 -14.1 0
      vertex 20.961 -14.5556 2.99
      vertex 20.961 -14.5556 0
    endloop
  endfacet
  facet normal -0.13059 -0.991437 0
    outer loop
      vertex 22.5167 -10.8 0
      vertex 23.0861 -10.875 2.99
      vertex 22.5167 -10.8 2.99
    endloop
  endfacet
  facet normal -0.13059 -0.991437 -0
    outer loop
      vertex 23.0861 -10.875 2.99
      vertex 22.5167 -10.8 0
      vertex 23.0861 -10.875 0
    endloop
  endfacet
  facet normal 0.608793 0.793329 -0
    outer loop
      vertex 21.4167 -14.9053 0
      vertex 20.961 -14.5556 2.99
      vertex 21.4167 -14.9053 2.99
    endloop
  endfacet
  facet normal 0.608793 0.793329 0
    outer loop
      vertex 20.961 -14.5556 2.99
      vertex 21.4167 -14.9053 0
      vertex 20.961 -14.5556 0
    endloop
  endfacet
  facet normal -0.13059 0.991437 0
    outer loop
      vertex 23.0861 -15.125 0
      vertex 22.5167 -15.2 2.99
      vertex 23.0861 -15.125 2.99
    endloop
  endfacet
  facet normal -0.13059 0.991437 0
    outer loop
      vertex 22.5167 -15.2 2.99
      vertex 23.0861 -15.125 0
      vertex 22.5167 -15.2 0
    endloop
  endfacet
  facet normal 0.991459 0.130418 0
    outer loop
      vertex 20.3916 -13.5694 2.99
      vertex 20.3167 -13 0
      vertex 20.3167 -13 2.99
    endloop
  endfacet
  facet normal 0.991459 0.130418 0
    outer loop
      vertex 20.3167 -13 0
      vertex 20.3916 -13.5694 2.99
      vertex 20.3916 -13.5694 0
    endloop
  endfacet
  facet normal 0.13059 -0.991437 0
    outer loop
      vertex 21.9473 -10.875 0
      vertex 22.5167 -10.8 2.99
      vertex 21.9473 -10.875 2.99
    endloop
  endfacet
  facet normal 0.13059 -0.991437 0
    outer loop
      vertex 22.5167 -10.8 2.99
      vertex 21.9473 -10.875 0
      vertex 22.5167 -10.8 0
    endloop
  endfacet
  facet normal -0.923868 -0.382711 0
    outer loop
      vertex 24.6417 -12.4306 0
      vertex 24.4219 -11.9 2.99
      vertex 24.4219 -11.9 0
    endloop
  endfacet
  facet normal -0.923868 -0.382711 0
    outer loop
      vertex 24.4219 -11.9 2.99
      vertex 24.6417 -12.4306 0
      vertex 24.6417 -12.4306 2.99
    endloop
  endfacet
  facet normal 0.13059 0.991437 -0
    outer loop
      vertex 22.5167 -15.2 0
      vertex 21.9473 -15.125 2.99
      vertex 22.5167 -15.2 2.99
    endloop
  endfacet
  facet normal 0.13059 0.991437 0
    outer loop
      vertex 21.9473 -15.125 2.99
      vertex 22.5167 -15.2 0
      vertex 21.9473 -15.125 0
    endloop
  endfacet
  facet normal 0.923868 0.382711 0
    outer loop
      vertex 20.6114 -14.1 2.99
      vertex 20.3916 -13.5694 0
      vertex 20.3916 -13.5694 2.99
    endloop
  endfacet
  facet normal 0.923868 0.382711 0
    outer loop
      vertex 20.3916 -13.5694 0
      vertex 20.6114 -14.1 2.99
      vertex 20.6114 -14.1 0
    endloop
  endfacet
  facet normal 0.608793 -0.793329 0
    outer loop
      vertex 20.961 -11.4444 0
      vertex 21.4167 -11.0947 2.99
      vertex 20.961 -11.4444 2.99
    endloop
  endfacet
  facet normal 0.608793 -0.793329 0
    outer loop
      vertex 21.4167 -11.0947 2.99
      vertex 20.961 -11.4444 0
      vertex 21.4167 -11.0947 0
    endloop
  endfacet
  facet normal -0.999463 0.0327755 0
    outer loop
      vertex 26.4824 -13.5221 2.99
      vertex 26.5081 -12.7384 6
      vertex 26.5081 -12.7384 2.99
    endloop
  endfacet
  facet normal -0.999463 0.0327755 0
    outer loop
      vertex 26.5081 -12.7384 6
      vertex 26.4824 -13.5221 2.99
      vertex 26.4824 -13.5221 6
    endloop
  endfacet
  facet normal 0.973897 -0.226992 0
    outer loop
      vertex 18.5509 -12.4779 2.99
      vertex 18.7289 -11.7142 12.3474
      vertex 18.5509 -12.4779 13.06
    endloop
  endfacet
  facet normal 0.973897 -0.226992 0
    outer loop
      vertex 18.7289 -11.7142 12.3474
      vertex 18.5509 -12.4779 2.99
      vertex 18.7289 -11.7142 2.99
    endloop
  endfacet
  facet normal -0.973897 0.226992 0
    outer loop
      vertex 26.3044 -14.2858 2.99
      vertex 26.4824 -13.5221 6
      vertex 26.4824 -13.5221 2.99
    endloop
  endfacet
  facet normal -0.973897 0.226992 0
    outer loop
      vertex 26.4824 -13.5221 6
      vertex 26.3044 -14.2858 2.99
      vertex 26.3044 -14.2858 6
    endloop
  endfacet
  facet normal 0.910816 -0.412813 0
    outer loop
      vertex 18.7289 -11.7142 2.99
      vertex 19.0526 -11 11.0523
      vertex 18.7289 -11.7142 12.3474
    endloop
  endfacet
  facet normal 0.910816 -0.412813 0
    outer loop
      vertex 19.0526 -11 11.0523
      vertex 18.7289 -11.7142 2.99
      vertex 19.0526 -11 2.99
    endloop
  endfacet
  facet normal -0.812819 0.582516 0
    outer loop
      vertex 25.524 -15.6374 2.99
      vertex 25.9808 -15 6
      vertex 25.9808 -15 2.99
    endloop
  endfacet
  facet normal -0.812819 0.582516 0
    outer loop
      vertex 25.9808 -15 6
      vertex 25.524 -15.6374 2.99
      vertex 25.524 -15.6374 6
    endloop
  endfacet
  facet normal -0.68358 0.729875 0
    outer loop
      vertex 25.524 -15.6374 2.99
      vertex 24.9517 -16.1734 6
      vertex 25.524 -15.6374 6
    endloop
  endfacet
  facet normal -0.68358 0.729875 0
    outer loop
      vertex 24.9517 -16.1734 6
      vertex 25.524 -15.6374 2.99
      vertex 24.9517 -16.1734 2.99
    endloop
  endfacet
  facet normal -0.849157 -0.52814 0
    outer loop
      vertex 26.1042 -11.2308 2.99
      vertex 25.6901 -10.565 6
      vertex 25.6901 -10.565 2.99
    endloop
  endfacet
  facet normal -0.849157 -0.52814 0
    outer loop
      vertex 25.6901 -10.565 6
      vertex 26.1042 -11.2308 2.99
      vertex 26.1042 -11.2308 6
    endloop
  endfacet
  facet normal -0.41268 -0.910876 0
    outer loop
      vertex 23.8024 -9.21228 2.99
      vertex 24.5167 -9.5359 6
      vertex 23.8024 -9.21228 6
    endloop
  endfacet
  facet normal -0.41268 -0.910876 -0
    outer loop
      vertex 24.5167 -9.5359 6
      vertex 23.8024 -9.21228 2.99
      vertex 24.5167 -9.5359 2.99
    endloop
  endfacet
  facet normal -0.986651 -0.162848 0
    outer loop
      vertex 26.5081 -12.7384 2.99
      vertex 26.3804 -11.9647 6
      vertex 26.3804 -11.9647 2.99
    endloop
  endfacet
  facet normal -0.986651 -0.162848 0
    outer loop
      vertex 26.3804 -11.9647 6
      vertex 26.5081 -12.7384 2.99
      vertex 26.5081 -12.7384 6
    endloop
  endfacet
  facet normal -0.352227 0.935915 0
    outer loop
      vertex 24.2858 -16.5875 2.99
      vertex 23.5519 -16.8637 6
      vertex 24.2858 -16.5875 6
    endloop
  endfacet
  facet normal -0.352227 0.935915 0
    outer loop
      vertex 23.5519 -16.8637 6
      vertex 24.2858 -16.5875 2.99
      vertex 23.5519 -16.8637 2.99
    endloop
  endfacet
  facet normal 0.935915 0.352227 0
    outer loop
      vertex 18.9292 -14.7692 11.5461
      vertex 18.653 -14.0353 2.99
      vertex 18.653 -14.0353 12.6515
    endloop
  endfacet
  facet normal 0.935915 0.352227 0
    outer loop
      vertex 18.653 -14.0353 2.99
      vertex 18.9292 -14.7692 11.5461
      vertex 18.9292 -14.7692 2.99
    endloop
  endfacet
  facet normal 0.0326481 0.999467 -0
    outer loop
      vertex 22.7783 -16.9914 2.99
      vertex 21.9946 -16.9658 6
      vertex 22.7783 -16.9914 6
    endloop
  endfacet
  facet normal 0.0326481 0.999467 0
    outer loop
      vertex 21.9946 -16.9658 6
      vertex 22.7783 -16.9914 2.99
      vertex 21.9946 -16.9658 2.99
    endloop
  endfacet
  facet normal -0.910864 0.412707 0
    outer loop
      vertex 25.9808 -15 2.99
      vertex 26.3044 -14.2858 6
      vertex 26.3044 -14.2858 2.99
    endloop
  endfacet
  facet normal -0.910864 0.412707 0
    outer loop
      vertex 26.3044 -14.2858 6
      vertex 25.9808 -15 2.99
      vertex 25.9808 -15 6
    endloop
  endfacet
  facet normal -0.0327204 -0.999465 0
    outer loop
      vertex 22.255 -9.00856 2.99
      vertex 23.0388 -9.03422 6
      vertex 22.255 -9.00856 6
    endloop
  endfacet
  facet normal -0.0327204 -0.999465 -0
    outer loop
      vertex 23.0388 -9.03422 6
      vertex 22.255 -9.00856 2.99
      vertex 23.0388 -9.03422 2.99
    endloop
  endfacet
  facet normal 0.683587 -0.729869 0
    outer loop
      vertex 19.5093 -10.3626 2.99
      vertex 20.0816 -9.82659 6.93401
      vertex 19.5093 -10.3626 9.2244
    endloop
  endfacet
  facet normal 0.683587 -0.729869 0
    outer loop
      vertex 20.0816 -9.82659 6.93401
      vertex 19.5093 -10.3626 2.99
      vertex 20.0816 -9.82659 2.99
    endloop
  endfacet
  facet normal -0.582526 -0.812812 0
    outer loop
      vertex 24.5167 -9.5359 2.99
      vertex 25.154 -9.99264 6
      vertex 24.5167 -9.5359 6
    endloop
  endfacet
  facet normal -0.582526 -0.812812 -0
    outer loop
      vertex 25.154 -9.99264 6
      vertex 24.5167 -9.5359 2.99
      vertex 25.154 -9.99264 2.99
    endloop
  endfacet
  facet normal 0.999463 -0.0327755 0
    outer loop
      vertex 18.5252 -13.2616 2.99
      vertex 18.5509 -12.4779 13.06
      vertex 18.5252 -13.2616 13.1627
    endloop
  endfacet
  facet normal 0.999463 -0.0327755 0
    outer loop
      vertex 18.5509 -12.4779 13.06
      vertex 18.5252 -13.2616 2.99
      vertex 18.5509 -12.4779 2.99
    endloop
  endfacet
  facet normal 0.352238 -0.93591 0
    outer loop
      vertex 20.7475 -9.41251 2.99
      vertex 21.4814 -9.1363 6
      vertex 20.7475 -9.41251 6
    endloop
  endfacet
  facet normal 0.352238 -0.93591 0
    outer loop
      vertex 21.4814 -9.1363 6
      vertex 20.7475 -9.41251 2.99
      vertex 21.4814 -9.1363 2.99
    endloop
  endfacet
  facet normal 0.582381 0.812916 0
    outer loop
      vertex 20.5167 -16.4641 6
      vertex 20.5167 -16.4641 2.99
      vertex 20.315 -16.3196 6
    endloop
  endfacet
  facet normal 0.582432 0.81288 5.12241e-06
    outer loop
      vertex 19.8793 -16.0074 2.99
      vertex 20.315 -16.3196 6
      vertex 20.5167 -16.4641 2.99
    endloop
  endfacet
  facet normal 0.582455 0.812863 0
    outer loop
      vertex 20.315 -16.3196 6
      vertex 19.8793 -16.0074 2.99
      vertex 19.8793 -16.0074 7.74376
    endloop
  endfacet
  facet normal 0.412707 0.910864 -0
    outer loop
      vertex 21.2309 -16.7877 2.99
      vertex 20.5167 -16.4641 6
      vertex 21.2309 -16.7877 6
    endloop
  endfacet
  facet normal 0.412707 0.910864 0
    outer loop
      vertex 20.5167 -16.4641 6
      vertex 21.2309 -16.7877 2.99
      vertex 20.5167 -16.4641 2.99
    endloop
  endfacet
  facet normal 0.986631 0.162972 0
    outer loop
      vertex 18.653 -14.0353 12.6515
      vertex 18.5252 -13.2616 2.99
      vertex 18.5252 -13.2616 13.1627
    endloop
  endfacet
  facet normal 0.986631 0.162972 0
    outer loop
      vertex 18.5252 -13.2616 2.99
      vertex 18.653 -14.0353 12.6515
      vertex 18.653 -14.0353 2.99
    endloop
  endfacet
  facet normal -0.729847 -0.68361 0
    outer loop
      vertex 25.6901 -10.565 2.99
      vertex 25.154 -9.99264 6
      vertex 25.154 -9.99264 2.99
    endloop
  endfacet
  facet normal -0.729847 -0.68361 0
    outer loop
      vertex 25.154 -9.99264 6
      vertex 25.6901 -10.565 2.99
      vertex 25.6901 -10.565 6
    endloop
  endfacet
  facet normal 0.81288 -0.582432 0
    outer loop
      vertex 19.0526 -11 2.99
      vertex 19.5093 -10.3626 9.2244
      vertex 19.0526 -11 11.0523
    endloop
  endfacet
  facet normal 0.81288 -0.582432 0
    outer loop
      vertex 19.5093 -10.3626 9.2244
      vertex 19.0526 -11 2.99
      vertex 19.5093 -10.3626 2.99
    endloop
  endfacet
  facet normal -0.935915 -0.352227 0
    outer loop
      vertex 26.3804 -11.9647 2.99
      vertex 26.1042 -11.2308 6
      vertex 26.1042 -11.2308 2.99
    endloop
  endfacet
  facet normal -0.935915 -0.352227 0
    outer loop
      vertex 26.1042 -11.2308 6
      vertex 26.3804 -11.9647 2.99
      vertex 26.3804 -11.9647 6
    endloop
  endfacet
  facet normal 0.227113 0.973868 -0
    outer loop
      vertex 21.9946 -16.9658 2.99
      vertex 21.2309 -16.7877 6
      vertex 21.9946 -16.9658 6
    endloop
  endfacet
  facet normal 0.227113 0.973868 0
    outer loop
      vertex 21.2309 -16.7877 6
      vertex 21.9946 -16.9658 2.99
      vertex 21.2309 -16.7877 2.99
    endloop
  endfacet
  facet normal 0.849214 0.528048 0
    outer loop
      vertex 19.3432 -15.435 9.88895
      vertex 18.9292 -14.7692 2.99
      vertex 18.9292 -14.7692 11.5461
    endloop
  endfacet
  facet normal 0.849214 0.528048 0
    outer loop
      vertex 18.9292 -14.7692 2.99
      vertex 19.3432 -15.435 9.88895
      vertex 19.3432 -15.435 2.99
    endloop
  endfacet
  facet normal -0.227093 -0.973873 0
    outer loop
      vertex 23.0388 -9.03422 2.99
      vertex 23.8024 -9.21228 6
      vertex 23.0388 -9.03422 6
    endloop
  endfacet
  facet normal -0.227093 -0.973873 -0
    outer loop
      vertex 23.8024 -9.21228 6
      vertex 23.0388 -9.03422 2.99
      vertex 23.8024 -9.21228 2.99
    endloop
  endfacet
  facet normal 0.162918 -0.98664 0
    outer loop
      vertex 21.4814 -9.1363 2.99
      vertex 22.255 -9.00856 6
      vertex 21.4814 -9.1363 6
    endloop
  endfacet
  facet normal 0.162918 -0.98664 0
    outer loop
      vertex 22.255 -9.00856 6
      vertex 21.4814 -9.1363 2.99
      vertex 22.255 -9.00856 2.99
    endloop
  endfacet
  facet normal -0 0 1
    outer loop
      vertex 24.6417 -12.4306 2.99
      vertex 26.5081 -12.7384 2.99
      vertex 26.3804 -11.9647 2.99
    endloop
  endfacet
  facet normal 0 0 1
    outer loop
      vertex 26.5081 -12.7384 2.99
      vertex 24.7167 -13 2.99
      vertex 26.4824 -13.5221 2.99
    endloop
  endfacet
  facet normal 0 0 1
    outer loop
      vertex 24.6417 -12.4306 2.99
      vertex 26.3804 -11.9647 2.99
      vertex 26.1042 -11.2308 2.99
    endloop
  endfacet
  facet normal 0 0 1
    outer loop
      vertex 24.6417 -13.5694 2.99
      vertex 26.4824 -13.5221 2.99
      vertex 24.7167 -13 2.99
    endloop
  endfacet
  facet normal 0 0 1
    outer loop
      vertex 24.4219 -11.9 2.99
      vertex 26.1042 -11.2308 2.99
      vertex 25.6901 -10.565 2.99
    endloop
  endfacet
  facet normal 0 0 1
    outer loop
      vertex 26.4824 -13.5221 2.99
      vertex 24.6417 -13.5694 2.99
      vertex 26.3044 -14.2858 2.99
    endloop
  endfacet
  facet normal 0 0 1
    outer loop
      vertex 24.0723 -11.4444 2.99
      vertex 25.6901 -10.565 2.99
      vertex 25.154 -9.99264 2.99
    endloop
  endfacet
  facet normal -0 0 1
    outer loop
      vertex 24.4219 -14.1 2.99
      vertex 26.3044 -14.2858 2.99
      vertex 24.6417 -13.5694 2.99
    endloop
  endfacet
  facet normal 0 0 1
    outer loop
      vertex 26.3044 -14.2858 2.99
      vertex 24.4219 -14.1 2.99
      vertex 25.9808 -15 2.99
    endloop
  endfacet
  facet normal 0 0 1
    outer loop
      vertex 26.5081 -12.7384 2.99
      vertex 24.6417 -12.4306 2.99
      vertex 24.7167 -13 2.99
    endloop
  endfacet
  facet normal 0 0 1
    outer loop
      vertex 23.6167 -11.0947 2.99
      vertex 25.154 -9.99264 2.99
      vertex 24.5167 -9.5359 2.99
    endloop
  endfacet
  facet normal 0 0 1
    outer loop
      vertex 26.1042 -11.2308 2.99
      vertex 24.4219 -11.9 2.99
      vertex 24.6417 -12.4306 2.99
    endloop
  endfacet
  facet normal 0 0 1
    outer loop
      vertex 25.6901 -10.565 2.99
      vertex 24.0723 -11.4444 2.99
      vertex 24.4219 -11.9 2.99
    endloop
  endfacet
  facet normal 0 0 1
    outer loop
      vertex 23.6167 -11.0947 2.99
      vertex 24.5167 -9.5359 2.99
      vertex 23.8024 -9.21228 2.99
    endloop
  endfacet
  facet normal 0 0 1
    outer loop
      vertex 25.154 -9.99264 2.99
      vertex 23.6167 -11.0947 2.99
      vertex 24.0723 -11.4444 2.99
    endloop
  endfacet
  facet normal 0 0 1
    outer loop
      vertex 23.8024 -9.21228 2.99
      vertex 23.0861 -10.875 2.99
      vertex 23.6167 -11.0947 2.99
    endloop
  endfacet
  facet normal 0 0 1
    outer loop
      vertex 23.0388 -9.03422 2.99
      vertex 23.0861 -10.875 2.99
      vertex 23.8024 -9.21228 2.99
    endloop
  endfacet
  facet normal 0 0 1
    outer loop
      vertex 23.0388 -9.03422 2.99
      vertex 22.5167 -10.8 2.99
      vertex 23.0861 -10.875 2.99
    endloop
  endfacet
  facet normal 0 0 1
    outer loop
      vertex 22.255 -9.00856 2.99
      vertex 22.5167 -10.8 2.99
      vertex 23.0388 -9.03422 2.99
    endloop
  endfacet
  facet normal 0 0 1
    outer loop
      vertex 22.255 -9.00856 2.99
      vertex 21.9473 -10.875 2.99
      vertex 22.5167 -10.8 2.99
    endloop
  endfacet
  facet normal -0 0 1
    outer loop
      vertex 21.4814 -9.1363 2.99
      vertex 21.9473 -10.875 2.99
      vertex 22.255 -9.00856 2.99
    endloop
  endfacet
  facet normal -0 0 1
    outer loop
      vertex 20.7475 -9.41251 2.99
      vertex 21.9473 -10.875 2.99
      vertex 21.4814 -9.1363 2.99
    endloop
  endfacet
  facet normal 0 0 1
    outer loop
      vertex 21.9473 -10.875 2.99
      vertex 20.7475 -9.41251 2.99
      vertex 21.4167 -11.0947 2.99
    endloop
  endfacet
  facet normal -0 0 1
    outer loop
      vertex 20.0816 -9.82659 2.99
      vertex 21.4167 -11.0947 2.99
      vertex 20.7475 -9.41251 2.99
    endloop
  endfacet
  facet normal 0 0 1
    outer loop
      vertex 21.4167 -11.0947 2.99
      vertex 20.0816 -9.82659 2.99
      vertex 20.961 -11.4444 2.99
    endloop
  endfacet
  facet normal -0 0 1
    outer loop
      vertex 19.5093 -10.3626 2.99
      vertex 20.961 -11.4444 2.99
      vertex 20.0816 -9.82659 2.99
    endloop
  endfacet
  facet normal 0 0 1
    outer loop
      vertex 20.961 -11.4444 2.99
      vertex 19.5093 -10.3626 2.99
      vertex 20.6114 -11.9 2.99
    endloop
  endfacet
  facet normal -0 0 1
    outer loop
      vertex 19.0526 -11 2.99
      vertex 20.6114 -11.9 2.99
      vertex 19.5093 -10.3626 2.99
    endloop
  endfacet
  facet normal 0 0 1
    outer loop
      vertex 25.9808 -15 2.99
      vertex 24.4219 -14.1 2.99
      vertex 25.524 -15.6374 2.99
    endloop
  endfacet
  facet normal -0 0 1
    outer loop
      vertex 24.0723 -14.5556 2.99
      vertex 25.524 -15.6374 2.99
      vertex 24.4219 -14.1 2.99
    endloop
  endfacet
  facet normal 0 0 1
    outer loop
      vertex 25.524 -15.6374 2.99
      vertex 24.0723 -14.5556 2.99
      vertex 24.9517 -16.1734 2.99
    endloop
  endfacet
  facet normal -0 0 1
    outer loop
      vertex 23.6167 -14.9053 2.99
      vertex 24.9517 -16.1734 2.99
      vertex 24.0723 -14.5556 2.99
    endloop
  endfacet
  facet normal 0 0 1
    outer loop
      vertex 24.9517 -16.1734 2.99
      vertex 23.6167 -14.9053 2.99
      vertex 24.2858 -16.5875 2.99
    endloop
  endfacet
  facet normal -0 0 1
    outer loop
      vertex 23.0861 -15.125 2.99
      vertex 24.2858 -16.5875 2.99
      vertex 23.6167 -14.9053 2.99
    endloop
  endfacet
  facet normal 0 0 1
    outer loop
      vertex 24.2858 -16.5875 2.99
      vertex 23.0861 -15.125 2.99
      vertex 23.5519 -16.8637 2.99
    endloop
  endfacet
  facet normal 0 0 1
    outer loop
      vertex 23.0861 -15.125 2.99
      vertex 22.7783 -16.9914 2.99
      vertex 23.5519 -16.8637 2.99
    endloop
  endfacet
  facet normal -0 0 1
    outer loop
      vertex 22.5167 -15.2 2.99
      vertex 22.7783 -16.9914 2.99
      vertex 23.0861 -15.125 2.99
    endloop
  endfacet
  facet normal 0 0 1
    outer loop
      vertex 22.5167 -15.2 2.99
      vertex 21.9946 -16.9658 2.99
      vertex 22.7783 -16.9914 2.99
    endloop
  endfacet
  facet normal 0 0 1
    outer loop
      vertex 21.9473 -15.125 2.99
      vertex 21.9946 -16.9658 2.99
      vertex 22.5167 -15.2 2.99
    endloop
  endfacet
  facet normal 0 0 1
    outer loop
      vertex 21.2309 -16.7877 2.99
      vertex 21.9473 -15.125 2.99
      vertex 21.4167 -14.9053 2.99
    endloop
  endfacet
  facet normal 0 0 1
    outer loop
      vertex 21.9473 -15.125 2.99
      vertex 21.2309 -16.7877 2.99
      vertex 21.9946 -16.9658 2.99
    endloop
  endfacet
  facet normal 0 0 1
    outer loop
      vertex 19.8793 -16.0074 2.99
      vertex 21.4167 -14.9053 2.99
      vertex 20.961 -14.5556 2.99
    endloop
  endfacet
  facet normal 0 0 1
    outer loop
      vertex 19.3432 -15.435 2.99
      vertex 20.961 -14.5556 2.99
      vertex 20.6114 -14.1 2.99
    endloop
  endfacet
  facet normal 0 0 1
    outer loop
      vertex 21.4167 -14.9053 2.99
      vertex 20.5167 -16.4641 2.99
      vertex 21.2309 -16.7877 2.99
    endloop
  endfacet
  facet normal 0 0 1
    outer loop
      vertex 18.9292 -14.7692 2.99
      vertex 20.6114 -14.1 2.99
      vertex 20.3916 -13.5694 2.99
    endloop
  endfacet
  facet normal -0 0 1
    outer loop
      vertex 18.5252 -13.2616 2.99
      vertex 20.3916 -13.5694 2.99
      vertex 20.3167 -13 2.99
    endloop
  endfacet
  facet normal -0 0 1
    outer loop
      vertex 18.7289 -11.7142 2.99
      vertex 20.6114 -11.9 2.99
      vertex 19.0526 -11 2.99
    endloop
  endfacet
  facet normal 0 0 1
    outer loop
      vertex 21.4167 -14.9053 2.99
      vertex 19.8793 -16.0074 2.99
      vertex 20.5167 -16.4641 2.99
    endloop
  endfacet
  facet normal 0 0 1
    outer loop
      vertex 20.6114 -11.9 2.99
      vertex 18.7289 -11.7142 2.99
      vertex 20.3916 -12.4306 2.99
    endloop
  endfacet
  facet normal 0 0 1
    outer loop
      vertex 20.961 -14.5556 2.99
      vertex 19.3432 -15.435 2.99
      vertex 19.8793 -16.0074 2.99
    endloop
  endfacet
  facet normal 0 0 1
    outer loop
      vertex 18.5509 -12.4779 2.99
      vertex 20.3916 -12.4306 2.99
      vertex 18.7289 -11.7142 2.99
    endloop
  endfacet
  facet normal 0 0 1
    outer loop
      vertex 20.6114 -14.1 2.99
      vertex 18.9292 -14.7692 2.99
      vertex 19.3432 -15.435 2.99
    endloop
  endfacet
  facet normal 0 0 1
    outer loop
      vertex 20.3916 -12.4306 2.99
      vertex 18.5509 -12.4779 2.99
      vertex 20.3167 -13 2.99
    endloop
  endfacet
  facet normal 0 0 1
    outer loop
      vertex 20.3916 -13.5694 2.99
      vertex 18.653 -14.0353 2.99
      vertex 18.9292 -14.7692 2.99
    endloop
  endfacet
  facet normal 0 0 1
    outer loop
      vertex 18.5252 -13.2616 2.99
      vertex 20.3167 -13 2.99
      vertex 18.5509 -12.4779 2.99
    endloop
  endfacet
  facet normal 0 0 1
    outer loop
      vertex 20.3916 -13.5694 2.99
      vertex 18.5252 -13.2616 2.99
      vertex 18.653 -14.0353 2.99
    endloop
  endfacet
  facet normal -0.162868 0.986648 0
    outer loop
      vertex 23.5519 -16.8637 2.99
      vertex 22.7783 -16.9914 6
      vertex 23.5519 -16.8637 6
    endloop
  endfacet
  facet normal -0.162868 0.986648 0
    outer loop
      vertex 22.7783 -16.9914 6
      vertex 23.5519 -16.8637 2.99
      vertex 22.7783 -16.9914 2.99
    endloop
  endfacet
  facet normal 0.729871 0.683585 0
    outer loop
      vertex 19.8793 -16.0074 7.74376
      vertex 19.3432 -15.435 2.99
      vertex 19.3432 -15.435 9.88895
    endloop
  endfacet
  facet normal 0.729871 0.683585 0
    outer loop
      vertex 19.3432 -15.435 2.99
      vertex 19.8793 -16.0074 7.74376
      vertex 19.8793 -16.0074 2.99
    endloop
  endfacet
  facet normal -0.528083 0.849193 0
    outer loop
      vertex 24.9517 -16.1734 2.99
      vertex 24.2858 -16.5875 6
      vertex 24.9517 -16.1734 6
    endloop
  endfacet
  facet normal -0.528083 0.849193 0
    outer loop
      vertex 24.2858 -16.5875 6
      vertex 24.9517 -16.1734 2.99
      vertex 24.2858 -16.5875 2.99
    endloop
  endfacet
  facet normal 0.528048 -0.849214 0
    outer loop
      vertex 20.0816 -9.82659 2.99
      vertex 20.315 -9.68146 6
      vertex 20.0816 -9.82659 6.93401
    endloop
  endfacet
  facet normal 0.528065 -0.849204 -1.78157e-06
    outer loop
      vertex 20.7475 -9.41251 2.99
      vertex 20.315 -9.68146 6
      vertex 20.0816 -9.82659 2.99
    endloop
  endfacet
  facet normal 0.528074 -0.849198 0
    outer loop
      vertex 20.315 -9.68146 6
      vertex 20.7475 -9.41251 2.99
      vertex 20.7475 -9.41251 6
    endloop
  endfacet
  facet normal -0.866015 0.500019 0
    outer loop
      vertex 9.965 -8.31391 74.4
      vertex 10.8391 -6.8 79
      vertex 10.8391 -6.8 74.4
    endloop
  endfacet
  facet normal -0.866015 0.500019 0
    outer loop
      vertex 10.8391 -6.8 79
      vertex 9.965 -8.31391 74.4
      vertex 9.965 -8.31391 79
    endloop
  endfacet
  facet normal 0 -1 0
    outer loop
      vertex 1.05297 -1.15 74.4
      vertex 7.57703 -1.15 79
      vertex 1.05297 -1.15 79
    endloop
  endfacet
  facet normal 0 -1 -0
    outer loop
      vertex 7.57703 -1.15 79
      vertex 1.05297 -1.15 74.4
      vertex 7.57703 -1.15 74.4
    endloop
  endfacet
  facet normal -0.866023 -0.500005 0
    outer loop
      vertex 10.8391 -6.8 74.4
      vertex 7.57703 -1.15 79
      vertex 7.57703 -1.15 74.4
    endloop
  endfacet
  facet normal -0.866023 -0.500005 0
    outer loop
      vertex 7.57703 -1.15 79
      vertex 10.8391 -6.8 74.4
      vertex 10.8391 -6.8 79
    endloop
  endfacet
  facet normal 0.866025 -0.5 0
    outer loop
      vertex -2.20906 -6.8 79
      vertex 1.05297 -1.15 74.4
      vertex 1.05297 -1.15 79
    endloop
  endfacet
  facet normal 0.866025 -0.5 0
    outer loop
      vertex 1.05297 -1.15 74.4
      vertex -2.20906 -6.8 79
      vertex -2.20906 -6.8 74.4
    endloop
  endfacet
  facet normal 0.866024 0.500002 0
    outer loop
      vertex -1.335 -8.31391 79
      vertex -2.20906 -6.8 74.4
      vertex -2.20906 -6.8 79
    endloop
  endfacet
  facet normal 0.866024 0.500002 0
    outer loop
      vertex -2.20906 -6.8 74.4
      vertex -1.335 -8.31391 79
      vertex -1.335 -8.31391 74.4
    endloop
  endfacet
  facet normal 0 0 -1
    outer loop
      vertex 6.71916 -9.20416 79
      vertex 9.965 -8.31391 79
      vertex 9.965 -17.8 79
    endloop
  endfacet
  facet normal 0 0 -1
    outer loop
      vertex 9.965 -8.31391 79
      vertex 7.64967 -7.46331 79
      vertex 7.715 -6.8 79
    endloop
  endfacet
  facet normal 0 0 -1
    outer loop
      vertex 9.965 -8.31391 79
      vertex 7.45619 -8.10112 79
      vertex 7.64967 -7.46331 79
    endloop
  endfacet
  facet normal -0 0 -1
    outer loop
      vertex 9.965 -8.31391 79
      vertex 7.142 -8.68894 79
      vertex 7.45619 -8.10112 79
    endloop
  endfacet
  facet normal 0 0 -1
    outer loop
      vertex 9.965 -8.31391 79
      vertex 6.71916 -9.20416 79
      vertex 7.142 -8.68894 79
    endloop
  endfacet
  facet normal 0 0 -1
    outer loop
      vertex 9.965 -17.8 79
      vertex 6.20394 -9.627 79
      vertex 6.71916 -9.20416 79
    endloop
  endfacet
  facet normal 0 0 -1
    outer loop
      vertex 9.965 -17.8 79
      vertex 5.61612 -9.94119 79
      vertex 6.20394 -9.627 79
    endloop
  endfacet
  facet normal 0 0 -1
    outer loop
      vertex 9.965 -17.8 79
      vertex 4.97831 -10.1347 79
      vertex 5.61612 -9.94119 79
    endloop
  endfacet
  facet normal 0 0 -1
    outer loop
      vertex 9.965 -17.8 79
      vertex 4.315 -10.2 79
      vertex 4.97831 -10.1347 79
    endloop
  endfacet
  facet normal 0 0 -1
    outer loop
      vertex -1.335 -17.8 79
      vertex 4.315 -10.2 79
      vertex 9.965 -17.8 79
    endloop
  endfacet
  facet normal -0 0 -1
    outer loop
      vertex 4.315 -10.2 79
      vertex -1.335 -17.8 79
      vertex 3.65169 -10.1347 79
    endloop
  endfacet
  facet normal -0 0 -1
    outer loop
      vertex 3.65169 -10.1347 79
      vertex -1.335 -17.8 79
      vertex 3.01388 -9.94119 79
    endloop
  endfacet
  facet normal -0 0 -1
    outer loop
      vertex 3.01388 -9.94119 79
      vertex -1.335 -17.8 79
      vertex 2.42606 -9.627 79
    endloop
  endfacet
  facet normal -0 0 -1
    outer loop
      vertex 1.17381 -8.10112 79
      vertex -1.335 -8.31391 79
      vertex 0.980331 -7.46331 79
    endloop
  endfacet
  facet normal 0 0 -1
    outer loop
      vertex 1.488 -8.68894 79
      vertex -1.335 -8.31391 79
      vertex 1.17381 -8.10112 79
    endloop
  endfacet
  facet normal 0 0 -1
    outer loop
      vertex 1.91084 -9.20416 79
      vertex -1.335 -8.31391 79
      vertex 1.488 -8.68894 79
    endloop
  endfacet
  facet normal 0 0 -1
    outer loop
      vertex -1.335 -8.31391 79
      vertex 1.91084 -9.20416 79
      vertex -1.335 -17.8 79
    endloop
  endfacet
  facet normal -0 0 -1
    outer loop
      vertex 2.42606 -9.627 79
      vertex -1.335 -17.8 79
      vertex 1.91084 -9.20416 79
    endloop
  endfacet
  facet normal 0 0 -1
    outer loop
      vertex 7.715 -6.8 79
      vertex 10.8391 -6.8 79
      vertex 9.965 -8.31391 79
    endloop
  endfacet
  facet normal 0 0 -1
    outer loop
      vertex 7.64967 -6.13669 79
      vertex 10.8391 -6.8 79
      vertex 7.715 -6.8 79
    endloop
  endfacet
  facet normal 0 0 -1
    outer loop
      vertex 7.45619 -5.49888 79
      vertex 10.8391 -6.8 79
      vertex 7.64967 -6.13669 79
    endloop
  endfacet
  facet normal 0 0 -1
    outer loop
      vertex 7.142 -4.91106 79
      vertex 10.8391 -6.8 79
      vertex 7.45619 -5.49888 79
    endloop
  endfacet
  facet normal 0 0 -1
    outer loop
      vertex 10.8391 -6.8 79
      vertex 7.142 -4.91106 79
      vertex 7.57703 -1.15 79
    endloop
  endfacet
  facet normal 0 0 -1
    outer loop
      vertex 6.71916 -4.39584 79
      vertex 7.57703 -1.15 79
      vertex 7.142 -4.91106 79
    endloop
  endfacet
  facet normal 0 0 -1
    outer loop
      vertex 6.20394 -3.973 79
      vertex 7.57703 -1.15 79
      vertex 6.71916 -4.39584 79
    endloop
  endfacet
  facet normal 0 0 -1
    outer loop
      vertex 5.61612 -3.65881 79
      vertex 7.57703 -1.15 79
      vertex 6.20394 -3.973 79
    endloop
  endfacet
  facet normal 0 0 -1
    outer loop
      vertex 4.97831 -3.46533 79
      vertex 7.57703 -1.15 79
      vertex 5.61612 -3.65881 79
    endloop
  endfacet
  facet normal 0 0 -1
    outer loop
      vertex 4.315 -3.4 79
      vertex 7.57703 -1.15 79
      vertex 4.97831 -3.46533 79
    endloop
  endfacet
  facet normal 0 0 -1
    outer loop
      vertex 1.05297 -1.15 79
      vertex 4.315 -3.4 79
      vertex 3.65169 -3.46533 79
    endloop
  endfacet
  facet normal 0 0 -1
    outer loop
      vertex 1.05297 -1.15 79
      vertex 3.65169 -3.46533 79
      vertex 3.01388 -3.65881 79
    endloop
  endfacet
  facet normal 0 0 -1
    outer loop
      vertex 1.05297 -1.15 79
      vertex 3.01388 -3.65881 79
      vertex 2.42606 -3.973 79
    endloop
  endfacet
  facet normal 0 0 -1
    outer loop
      vertex 4.315 -3.4 79
      vertex 1.05297 -1.15 79
      vertex 7.57703 -1.15 79
    endloop
  endfacet
  facet normal 0 0 -1
    outer loop
      vertex 1.91084 -4.39584 79
      vertex 1.05297 -1.15 79
      vertex 2.42606 -3.973 79
    endloop
  endfacet
  facet normal 0 0 -1
    outer loop
      vertex 1.488 -4.91106 79
      vertex 1.05297 -1.15 79
      vertex 1.91084 -4.39584 79
    endloop
  endfacet
  facet normal 0 0 -1
    outer loop
      vertex -2.20906 -6.8 79
      vertex 1.488 -4.91106 79
      vertex 1.17381 -5.49888 79
    endloop
  endfacet
  facet normal 0 0 -1
    outer loop
      vertex -2.20906 -6.8 79
      vertex 1.17381 -5.49888 79
      vertex 0.980331 -6.13669 79
    endloop
  endfacet
  facet normal 0 0 -1
    outer loop
      vertex -2.20906 -6.8 79
      vertex 0.980331 -6.13669 79
      vertex 0.915 -6.8 79
    endloop
  endfacet
  facet normal -0 0 -1
    outer loop
      vertex 0.980331 -7.46331 79
      vertex -1.335 -8.31391 79
      vertex 0.915 -6.8 79
    endloop
  endfacet
  facet normal 0 0 -1
    outer loop
      vertex -2.20906 -6.8 79
      vertex 0.915 -6.8 79
      vertex -1.335 -8.31391 79
    endloop
  endfacet
  facet normal -0 0 -1
    outer loop
      vertex 1.488 -4.91106 79
      vertex -2.20906 -6.8 79
      vertex 1.05297 -1.15 79
    endloop
  endfacet
  facet normal 0 0 1
    outer loop
      vertex 1.05297 -1.15 74.4
      vertex -2.20906 -6.8 74.4
      vertex -1.335 -8.31391 74.4
    endloop
  endfacet
  facet normal 0 0 1
    outer loop
      vertex 7.57703 -1.15 74.4
      vertex 9.965 -8.31391 74.4
      vertex 10.8391 -6.8 74.4
    endloop
  endfacet
  facet normal 0 0 1
    outer loop
      vertex -1.335 -8.31391 74.4
      vertex 9.965 -8.31391 74.4
      vertex 7.57703 -1.15 74.4
    endloop
  endfacet
  facet normal 0 0 1
    outer loop
      vertex -1.335 -8.31391 74.4
      vertex 7.57703 -1.15 74.4
      vertex 1.05297 -1.15 74.4
    endloop
  endfacet
  facet normal 0 0 1
    outer loop
      vertex 9.965 -8.31391 74.4
      vertex -1.335 -8.31391 74.4
      vertex 9.965 -17.8 74.4
    endloop
  endfacet
  facet normal 0 0 1
    outer loop
      vertex 9.965 -17.8 74.4
      vertex -1.335 -8.31391 74.4
      vertex -1.335 -17.8 74.4
    endloop
  endfacet
  facet normal -1 0 0
    outer loop
      vertex 9.965 -17.8 74.4
      vertex 9.965 -8.31391 79
      vertex 9.965 -8.31391 74.4
    endloop
  endfacet
  facet normal -1 -0 0
    outer loop
      vertex 9.965 -8.31391 79
      vertex 9.965 -17.8 74.4
      vertex 9.965 -17.8 79
    endloop
  endfacet
  facet normal 1 -0 0
    outer loop
      vertex -1.335 -17.8 79
      vertex -1.335 -8.31391 74.4
      vertex -1.335 -8.31391 79
    endloop
  endfacet
  facet normal 1 0 0
    outer loop
      vertex -1.335 -8.31391 74.4
      vertex -1.335 -17.8 79
      vertex -1.335 -17.8 74.4
    endloop
  endfacet
  facet normal 0.881925 -0.471389 0
    outer loop
      vertex 1.17381 -5.49888 83
      vertex 1.488 -4.91106 79
      vertex 1.488 -4.91106 83
    endloop
  endfacet
  facet normal 0.881925 -0.471389 0
    outer loop
      vertex 1.488 -4.91106 79
      vertex 1.17381 -5.49888 83
      vertex 1.17381 -5.49888 79
    endloop
  endfacet
  facet normal -0.956939 -0.290288 0
    outer loop
      vertex 7.64967 -6.13669 79
      vertex 7.45619 -5.49888 83
      vertex 7.45619 -5.49888 79
    endloop
  endfacet
  facet normal -0.956939 -0.290288 0
    outer loop
      vertex 7.45619 -5.49888 83
      vertex 7.64967 -6.13669 79
      vertex 7.64967 -6.13669 83
    endloop
  endfacet
  facet normal -0.995185 -0.0980166 0
    outer loop
      vertex 7.715 -6.8 79
      vertex 7.64967 -6.13669 83
      vertex 7.64967 -6.13669 79
    endloop
  endfacet
  facet normal -0.995185 -0.0980166 0
    outer loop
      vertex 7.64967 -6.13669 83
      vertex 7.715 -6.8 79
      vertex 7.715 -6.8 83
    endloop
  endfacet
  facet normal -0.290329 0.956927 0
    outer loop
      vertex 5.61612 -9.94119 79
      vertex 4.97831 -10.1347 83
      vertex 5.61612 -9.94119 83
    endloop
  endfacet
  facet normal -0.290329 0.956927 0
    outer loop
      vertex 4.97831 -10.1347 83
      vertex 5.61612 -9.94119 79
      vertex 4.97831 -10.1347 79
    endloop
  endfacet
  facet normal 0.95694 0.290287 0
    outer loop
      vertex 1.17381 -8.10112 83
      vertex 0.980331 -7.46331 79
      vertex 0.980331 -7.46331 83
    endloop
  endfacet
  facet normal 0.95694 0.290287 0
    outer loop
      vertex 0.980331 -7.46331 79
      vertex 1.17381 -8.10112 83
      vertex 1.17381 -8.10112 79
    endloop
  endfacet
  facet normal -0.773003 0.634402 0
    outer loop
      vertex 6.71916 -9.20416 79
      vertex 7.142 -8.68894 83
      vertex 7.142 -8.68894 79
    endloop
  endfacet
  facet normal -0.773003 0.634402 0
    outer loop
      vertex 7.142 -8.68894 83
      vertex 6.71916 -9.20416 79
      vertex 6.71916 -9.20416 83
    endloop
  endfacet
  facet normal -0.881925 -0.471389 0
    outer loop
      vertex 7.45619 -5.49888 79
      vertex 7.142 -4.91106 83
      vertex 7.142 -4.91106 79
    endloop
  endfacet
  facet normal -0.881925 -0.471389 0
    outer loop
      vertex 7.142 -4.91106 83
      vertex 7.45619 -5.49888 79
      vertex 7.45619 -5.49888 83
    endloop
  endfacet
  facet normal -0.634402 -0.773003 0
    outer loop
      vertex 6.20394 -3.973 79
      vertex 6.71916 -4.39584 83
      vertex 6.20394 -3.973 83
    endloop
  endfacet
  facet normal -0.634402 -0.773003 -0
    outer loop
      vertex 6.71916 -4.39584 83
      vertex 6.20394 -3.973 79
      vertex 6.71916 -4.39584 79
    endloop
  endfacet
  facet normal -0.290288 -0.956939 0
    outer loop
      vertex 4.97831 -3.46533 79
      vertex 5.61612 -3.65881 83
      vertex 4.97831 -3.46533 83
    endloop
  endfacet
  facet normal -0.290288 -0.956939 -0
    outer loop
      vertex 5.61612 -3.65881 83
      vertex 4.97831 -3.46533 79
      vertex 5.61612 -3.65881 79
    endloop
  endfacet
  facet normal 0.881925 0.471389 0
    outer loop
      vertex 1.488 -8.68894 83
      vertex 1.17381 -8.10112 79
      vertex 1.17381 -8.10112 83
    endloop
  endfacet
  facet normal 0.881925 0.471389 0
    outer loop
      vertex 1.17381 -8.10112 79
      vertex 1.488 -8.68894 83
      vertex 1.488 -8.68894 79
    endloop
  endfacet
  facet normal -0.773003 -0.634402 0
    outer loop
      vertex 7.142 -4.91106 79
      vertex 6.71916 -4.39584 83
      vertex 6.71916 -4.39584 79
    endloop
  endfacet
  facet normal -0.773003 -0.634402 0
    outer loop
      vertex 6.71916 -4.39584 83
      vertex 7.142 -4.91106 79
      vertex 7.142 -4.91106 83
    endloop
  endfacet
  facet normal -0.0980166 -0.995185 0
    outer loop
      vertex 4.315 -3.4 79
      vertex 4.97831 -3.46533 83
      vertex 4.315 -3.4 83
    endloop
  endfacet
  facet normal -0.0980166 -0.995185 -0
    outer loop
      vertex 4.97831 -3.46533 83
      vertex 4.315 -3.4 79
      vertex 4.97831 -3.46533 79
    endloop
  endfacet
  facet normal 0.290288 -0.956939 0
    outer loop
      vertex 3.01388 -3.65881 79
      vertex 3.65169 -3.46533 83
      vertex 3.01388 -3.65881 83
    endloop
  endfacet
  facet normal 0.290288 -0.956939 0
    outer loop
      vertex 3.65169 -3.46533 83
      vertex 3.01388 -3.65881 79
      vertex 3.65169 -3.46533 79
    endloop
  endfacet
  facet normal 0.634402 0.773003 -0
    outer loop
      vertex 2.42606 -9.627 79
      vertex 1.91084 -9.20416 83
      vertex 2.42606 -9.627 83
    endloop
  endfacet
  facet normal 0.634402 0.773003 0
    outer loop
      vertex 1.91084 -9.20416 83
      vertex 2.42606 -9.627 79
      vertex 1.91084 -9.20416 79
    endloop
  endfacet
  facet normal -0.471389 -0.881925 0
    outer loop
      vertex 5.61612 -3.65881 79
      vertex 6.20394 -3.973 83
      vertex 5.61612 -3.65881 83
    endloop
  endfacet
  facet normal -0.471389 -0.881925 -0
    outer loop
      vertex 6.20394 -3.973 83
      vertex 5.61612 -3.65881 79
      vertex 6.20394 -3.973 79
    endloop
  endfacet
  facet normal 0.995185 -0.0980181 0
    outer loop
      vertex 0.915 -6.8 83
      vertex 0.980331 -6.13669 79
      vertex 0.980331 -6.13669 83
    endloop
  endfacet
  facet normal 0.995185 -0.0980181 0
    outer loop
      vertex 0.980331 -6.13669 79
      vertex 0.915 -6.8 83
      vertex 0.915 -6.8 79
    endloop
  endfacet
  facet normal -0.881925 0.471389 0
    outer loop
      vertex 7.142 -8.68894 79
      vertex 7.45619 -8.10112 83
      vertex 7.45619 -8.10112 79
    endloop
  endfacet
  facet normal -0.881925 0.471389 0
    outer loop
      vertex 7.45619 -8.10112 83
      vertex 7.142 -8.68894 79
      vertex 7.142 -8.68894 83
    endloop
  endfacet
  facet normal -0.471389 0.881925 0
    outer loop
      vertex 6.20394 -9.627 79
      vertex 5.61612 -9.94119 83
      vertex 6.20394 -9.627 83
    endloop
  endfacet
  facet normal -0.471389 0.881925 0
    outer loop
      vertex 5.61612 -9.94119 83
      vertex 6.20394 -9.627 79
      vertex 5.61612 -9.94119 79
    endloop
  endfacet
  facet normal 0.634402 -0.773003 0
    outer loop
      vertex 1.91084 -4.39584 79
      vertex 2.42606 -3.973 83
      vertex 1.91084 -4.39584 83
    endloop
  endfacet
  facet normal 0.634402 -0.773003 0
    outer loop
      vertex 2.42606 -3.973 83
      vertex 1.91084 -4.39584 79
      vertex 2.42606 -3.973 79
    endloop
  endfacet
  facet normal 0.471389 -0.881925 0
    outer loop
      vertex 2.42606 -3.973 79
      vertex 3.01388 -3.65881 83
      vertex 2.42606 -3.973 83
    endloop
  endfacet
  facet normal 0.471389 -0.881925 0
    outer loop
      vertex 3.01388 -3.65881 83
      vertex 2.42606 -3.973 79
      vertex 3.01388 -3.65881 79
    endloop
  endfacet
  facet normal -0.0979721 0.995189 0
    outer loop
      vertex 4.97831 -10.1347 79
      vertex 4.315 -10.2 83
      vertex 4.97831 -10.1347 83
    endloop
  endfacet
  facet normal -0.0979721 0.995189 0
    outer loop
      vertex 4.315 -10.2 83
      vertex 4.97831 -10.1347 79
      vertex 4.315 -10.2 79
    endloop
  endfacet
  facet normal 0.471389 0.881925 -0
    outer loop
      vertex 3.01388 -9.94119 79
      vertex 2.42606 -9.627 83
      vertex 3.01388 -9.94119 83
    endloop
  endfacet
  facet normal 0.471389 0.881925 0
    outer loop
      vertex 2.42606 -9.627 83
      vertex 3.01388 -9.94119 79
      vertex 2.42606 -9.627 79
    endloop
  endfacet
  facet normal 0.95694 -0.290287 0
    outer loop
      vertex 0.980331 -6.13669 83
      vertex 1.17381 -5.49888 79
      vertex 1.17381 -5.49888 83
    endloop
  endfacet
  facet normal 0.95694 -0.290287 0
    outer loop
      vertex 1.17381 -5.49888 79
      vertex 0.980331 -6.13669 83
      vertex 0.980331 -6.13669 79
    endloop
  endfacet
  facet normal -0.956939 0.290288 0
    outer loop
      vertex 7.45619 -8.10112 79
      vertex 7.64967 -7.46331 83
      vertex 7.64967 -7.46331 79
    endloop
  endfacet
  facet normal -0.956939 0.290288 0
    outer loop
      vertex 7.64967 -7.46331 83
      vertex 7.45619 -8.10112 79
      vertex 7.45619 -8.10112 83
    endloop
  endfacet
  facet normal 0.0980166 -0.995185 0
    outer loop
      vertex 3.65169 -3.46533 79
      vertex 4.315 -3.4 83
      vertex 3.65169 -3.46533 83
    endloop
  endfacet
  facet normal 0.0980166 -0.995185 0
    outer loop
      vertex 4.315 -3.4 83
      vertex 3.65169 -3.46533 79
      vertex 4.315 -3.4 79
    endloop
  endfacet
  facet normal 0.773003 -0.634402 0
    outer loop
      vertex 1.488 -4.91106 83
      vertex 1.91084 -4.39584 79
      vertex 1.91084 -4.39584 83
    endloop
  endfacet
  facet normal 0.773003 -0.634402 0
    outer loop
      vertex 1.91084 -4.39584 79
      vertex 1.488 -4.91106 83
      vertex 1.488 -4.91106 79
    endloop
  endfacet
  facet normal -0.995185 0.0980166 0
    outer loop
      vertex 7.64967 -7.46331 79
      vertex 7.715 -6.8 83
      vertex 7.715 -6.8 79
    endloop
  endfacet
  facet normal -0.995185 0.0980166 0
    outer loop
      vertex 7.715 -6.8 83
      vertex 7.64967 -7.46331 79
      vertex 7.64967 -7.46331 83
    endloop
  endfacet
  facet normal 0.773003 0.634402 0
    outer loop
      vertex 1.91084 -9.20416 83
      vertex 1.488 -8.68894 79
      vertex 1.488 -8.68894 83
    endloop
  endfacet
  facet normal 0.773003 0.634402 0
    outer loop
      vertex 1.488 -8.68894 79
      vertex 1.91084 -9.20416 83
      vertex 1.91084 -9.20416 79
    endloop
  endfacet
  facet normal -0.634402 0.773003 0
    outer loop
      vertex 6.71916 -9.20416 79
      vertex 6.20394 -9.627 83
      vertex 6.71916 -9.20416 83
    endloop
  endfacet
  facet normal -0.634402 0.773003 0
    outer loop
      vertex 6.20394 -9.627 83
      vertex 6.71916 -9.20416 79
      vertex 6.20394 -9.627 79
    endloop
  endfacet
  facet normal 0.995185 0.0980181 0
    outer loop
      vertex 0.980331 -7.46331 83
      vertex 0.915 -6.8 79
      vertex 0.915 -6.8 83
    endloop
  endfacet
  facet normal 0.995185 0.0980181 0
    outer loop
      vertex 0.915 -6.8 79
      vertex 0.980331 -7.46331 83
      vertex 0.980331 -7.46331 79
    endloop
  endfacet
  facet normal 0.0979721 0.995189 -0
    outer loop
      vertex 4.315 -10.2 79
      vertex 3.65169 -10.1347 83
      vertex 4.315 -10.2 83
    endloop
  endfacet
  facet normal 0.0979721 0.995189 0
    outer loop
      vertex 3.65169 -10.1347 83
      vertex 4.315 -10.2 79
      vertex 3.65169 -10.1347 79
    endloop
  endfacet
  facet normal 0.290329 0.956927 -0
    outer loop
      vertex 3.65169 -10.1347 79
      vertex 3.01388 -9.94119 83
      vertex 3.65169 -10.1347 83
    endloop
  endfacet
  facet normal 0.290329 0.956927 0
    outer loop
      vertex 3.01388 -9.94119 83
      vertex 3.65169 -10.1347 79
      vertex 3.01388 -9.94119 79
    endloop
  endfacet
  facet normal 0 0 1
    outer loop
      vertex 15.3117 2.3 82.5
      vertex 15.315 1.7 82.5
      vertex 15.315 2.2 82.5
    endloop
  endfacet
  facet normal -0 0 1
    outer loop
      vertex -6.68172 2.3 82.5
      vertex 15.315 1.7 82.5
      vertex 15.3117 2.3 82.5
    endloop
  endfacet
  facet normal -0 0 1
    outer loop
      vertex -6.685 2.2 82.5
      vertex 15.315 1.7 82.5
      vertex -6.68172 2.3 82.5
    endloop
  endfacet
  facet normal 0 0 1
    outer loop
      vertex 15.315 1.7 82.5
      vertex -6.685 2.2 82.5
      vertex -6.685 1.7 82.5
    endloop
  endfacet
  facet normal 0 -1 0
    outer loop
      vertex -6.68172 2.3 82.5
      vertex 15.3117 2.3 83
      vertex -6.68172 2.3 83
    endloop
  endfacet
  facet normal 0 -1 -0
    outer loop
      vertex 15.3117 2.3 83
      vertex -6.68172 2.3 82.5
      vertex 15.3117 2.3 82.5
    endloop
  endfacet
  facet normal 0 1 -0
    outer loop
      vertex 15.315 1.7 82.5
      vertex -6.685 1.7 83
      vertex 15.315 1.7 83
    endloop
  endfacet
  facet normal 0 1 0
    outer loop
      vertex -6.685 1.7 83
      vertex 15.315 1.7 82.5
      vertex -6.685 1.7 82.5
    endloop
  endfacet
endsolid OpenSCAD_Model
