solid OpenSCAD_Model
  facet normal 0.382823 0.923822 -0
    outer loop
      vertex 61.7854 60.5833 1.79
      vertex 61.3754 60.7532 3
      vertex 61.7854 60.5833 3
    endloop
  endfacet
  facet normal 0.382823 0.923822 0
    outer loop
      vertex 61.3754 60.7532 3
      vertex 61.7854 60.5833 1.79
      vertex 61.3754 60.7532 1.79
    endloop
  endfacet
  facet normal -0.382823 -0.923822 0
    outer loop
      vertex 62.6654 63.8675 1.79
      vertex 63.0754 63.6976 3
      vertex 62.6654 63.8675 3
    endloop
  endfacet
  facet normal -0.382823 -0.923822 -0
    outer loop
      vertex 63.0754 63.6976 3
      vertex 62.6654 63.8675 1.79
      vertex 63.0754 63.6976 1.79
    endloop
  endfacet
  facet normal -0.608654 -0.793436 0
    outer loop
      vertex 63.0754 63.6976 1.79
      vertex 63.4275 63.4275 3
      vertex 63.0754 63.6976 3
    endloop
  endfacet
  facet normal -0.608654 -0.793436 -0
    outer loop
      vertex 63.4275 63.4275 3
      vertex 63.0754 63.6976 1.79
      vertex 63.4275 63.4275 1.79
    endloop
  endfacet
  facet normal -0.130466 -0.991453 0
    outer loop
      vertex 62.2254 63.9254 1.79
      vertex 62.6654 63.8675 3
      vertex 62.2254 63.9254 3
    endloop
  endfacet
  facet normal -0.130466 -0.991453 -0
    outer loop
      vertex 62.6654 63.8675 3
      vertex 62.2254 63.9254 1.79
      vertex 62.6654 63.8675 1.79
    endloop
  endfacet
  facet normal 0.130466 -0.991453 0
    outer loop
      vertex 61.7854 63.8675 1.79
      vertex 62.2254 63.9254 3
      vertex 61.7854 63.8675 3
    endloop
  endfacet
  facet normal 0.130466 -0.991453 0
    outer loop
      vertex 62.2254 63.9254 3
      vertex 61.7854 63.8675 1.79
      vertex 62.2254 63.9254 1.79
    endloop
  endfacet
  facet normal 0.608654 -0.793436 0
    outer loop
      vertex 61.0233 63.4275 1.79
      vertex 61.3754 63.6976 3
      vertex 61.0233 63.4275 3
    endloop
  endfacet
  facet normal 0.608654 -0.793436 0
    outer loop
      vertex 61.3754 63.6976 3
      vertex 61.0233 63.4275 1.79
      vertex 61.3754 63.6976 1.79
    endloop
  endfacet
  facet normal 0.793436 0.608654 0
    outer loop
      vertex 61.0233 61.0233 3
      vertex 60.7532 61.3754 1.79
      vertex 60.7532 61.3754 3
    endloop
  endfacet
  facet normal 0.793436 0.608654 0
    outer loop
      vertex 60.7532 61.3754 1.79
      vertex 61.0233 61.0233 3
      vertex 61.0233 61.0233 1.79
    endloop
  endfacet
  facet normal -0.382823 0.923822 0
    outer loop
      vertex 63.0754 60.7532 1.79
      vertex 62.6654 60.5833 3
      vertex 63.0754 60.7532 3
    endloop
  endfacet
  facet normal -0.382823 0.923822 0
    outer loop
      vertex 62.6654 60.5833 3
      vertex 63.0754 60.7532 1.79
      vertex 62.6654 60.5833 1.79
    endloop
  endfacet
  facet normal -0.923822 0.382823 0
    outer loop
      vertex 63.6976 61.3754 1.79
      vertex 63.8675 61.7854 3
      vertex 63.8675 61.7854 1.79
    endloop
  endfacet
  facet normal -0.923822 0.382823 0
    outer loop
      vertex 63.8675 61.7854 3
      vertex 63.6976 61.3754 1.79
      vertex 63.6976 61.3754 3
    endloop
  endfacet
  facet normal 0.991453 0.130466 0
    outer loop
      vertex 60.5833 61.7854 3
      vertex 60.5254 62.2254 1.79
      vertex 60.5254 62.2254 3
    endloop
  endfacet
  facet normal 0.991453 0.130466 0
    outer loop
      vertex 60.5254 62.2254 1.79
      vertex 60.5833 61.7854 3
      vertex 60.5833 61.7854 1.79
    endloop
  endfacet
  facet normal 0.991453 -0.130466 0
    outer loop
      vertex 60.5254 62.2254 3
      vertex 60.5833 62.6654 1.79
      vertex 60.5833 62.6654 3
    endloop
  endfacet
  facet normal 0.991453 -0.130466 0
    outer loop
      vertex 60.5833 62.6654 1.79
      vertex 60.5254 62.2254 3
      vertex 60.5254 62.2254 1.79
    endloop
  endfacet
  facet normal 0.382823 -0.923822 0
    outer loop
      vertex 61.3754 63.6976 1.79
      vertex 61.7854 63.8675 3
      vertex 61.3754 63.6976 3
    endloop
  endfacet
  facet normal 0.382823 -0.923822 0
    outer loop
      vertex 61.7854 63.8675 3
      vertex 61.3754 63.6976 1.79
      vertex 61.7854 63.8675 1.79
    endloop
  endfacet
  facet normal -0.793436 -0.608654 0
    outer loop
      vertex 63.6976 63.0754 1.79
      vertex 63.4275 63.4275 3
      vertex 63.4275 63.4275 1.79
    endloop
  endfacet
  facet normal -0.793436 -0.608654 0
    outer loop
      vertex 63.4275 63.4275 3
      vertex 63.6976 63.0754 1.79
      vertex 63.6976 63.0754 3
    endloop
  endfacet
  facet normal 0.793436 -0.608654 0
    outer loop
      vertex 60.7532 63.0754 3
      vertex 61.0233 63.4275 1.79
      vertex 61.0233 63.4275 3
    endloop
  endfacet
  facet normal 0.793436 -0.608654 0
    outer loop
      vertex 61.0233 63.4275 1.79
      vertex 60.7532 63.0754 3
      vertex 60.7532 63.0754 1.79
    endloop
  endfacet
  facet normal 0.923822 -0.382823 0
    outer loop
      vertex 60.5833 62.6654 3
      vertex 60.7532 63.0754 1.79
      vertex 60.7532 63.0754 3
    endloop
  endfacet
  facet normal 0.923822 -0.382823 0
    outer loop
      vertex 60.7532 63.0754 1.79
      vertex 60.5833 62.6654 3
      vertex 60.5833 62.6654 1.79
    endloop
  endfacet
  facet normal -0.991453 -0.130466 0
    outer loop
      vertex 63.9254 62.2254 1.79
      vertex 63.8675 62.6654 3
      vertex 63.8675 62.6654 1.79
    endloop
  endfacet
  facet normal -0.991453 -0.130466 0
    outer loop
      vertex 63.8675 62.6654 3
      vertex 63.9254 62.2254 1.79
      vertex 63.9254 62.2254 3
    endloop
  endfacet
  facet normal 0.923822 0.382823 0
    outer loop
      vertex 60.7532 61.3754 3
      vertex 60.5833 61.7854 1.79
      vertex 60.5833 61.7854 3
    endloop
  endfacet
  facet normal 0.923822 0.382823 0
    outer loop
      vertex 60.5833 61.7854 1.79
      vertex 60.7532 61.3754 3
      vertex 60.7532 61.3754 1.79
    endloop
  endfacet
  facet normal -0.793436 0.608654 0
    outer loop
      vertex 63.4275 61.0233 1.79
      vertex 63.6976 61.3754 3
      vertex 63.6976 61.3754 1.79
    endloop
  endfacet
  facet normal -0.793436 0.608654 0
    outer loop
      vertex 63.6976 61.3754 3
      vertex 63.4275 61.0233 1.79
      vertex 63.4275 61.0233 3
    endloop
  endfacet
  facet normal -0.130466 0.991453 0
    outer loop
      vertex 62.6654 60.5833 1.79
      vertex 62.2254 60.5254 3
      vertex 62.6654 60.5833 3
    endloop
  endfacet
  facet normal -0.130466 0.991453 0
    outer loop
      vertex 62.2254 60.5254 3
      vertex 62.6654 60.5833 1.79
      vertex 62.2254 60.5254 1.79
    endloop
  endfacet
  facet normal 0.608654 0.793436 -0
    outer loop
      vertex 61.3754 60.7532 1.79
      vertex 61.0233 61.0233 3
      vertex 61.3754 60.7532 3
    endloop
  endfacet
  facet normal 0.608654 0.793436 0
    outer loop
      vertex 61.0233 61.0233 3
      vertex 61.3754 60.7532 1.79
      vertex 61.0233 61.0233 1.79
    endloop
  endfacet
  facet normal -0.991453 0.130466 0
    outer loop
      vertex 63.8675 61.7854 1.79
      vertex 63.9254 62.2254 3
      vertex 63.9254 62.2254 1.79
    endloop
  endfacet
  facet normal -0.991453 0.130466 0
    outer loop
      vertex 63.9254 62.2254 3
      vertex 63.8675 61.7854 1.79
      vertex 63.8675 61.7854 3
    endloop
  endfacet
  facet normal 0.130466 0.991453 -0
    outer loop
      vertex 62.2254 60.5254 1.79
      vertex 61.7854 60.5833 3
      vertex 62.2254 60.5254 3
    endloop
  endfacet
  facet normal 0.130466 0.991453 0
    outer loop
      vertex 61.7854 60.5833 3
      vertex 62.2254 60.5254 1.79
      vertex 61.7854 60.5833 1.79
    endloop
  endfacet
  facet normal -0.923822 -0.382823 0
    outer loop
      vertex 63.8675 62.6654 1.79
      vertex 63.6976 63.0754 3
      vertex 63.6976 63.0754 1.79
    endloop
  endfacet
  facet normal -0.923822 -0.382823 0
    outer loop
      vertex 63.6976 63.0754 3
      vertex 63.8675 62.6654 1.79
      vertex 63.8675 62.6654 3
    endloop
  endfacet
  facet normal -0.608654 0.793436 0
    outer loop
      vertex 63.4275 61.0233 1.79
      vertex 63.0754 60.7532 3
      vertex 63.4275 61.0233 3
    endloop
  endfacet
  facet normal -0.608654 0.793436 0
    outer loop
      vertex 63.0754 60.7532 3
      vertex 63.4275 61.0233 1.79
      vertex 63.0754 60.7532 1.79
    endloop
  endfacet
  facet normal 0.291158 0.702617 -0.649273
    outer loop
      vertex 61.3865 59.0945 0
      vertex 61.3754 60.7532 1.79
      vertex 61.7854 60.5833 1.79
    endloop
  endfacet
  facet normal 0.27619 0.705819 -0.652333
    outer loop
      vertex 61.3754 60.7532 1.79
      vertex 61.3865 59.0945 0
      vertex 61.3842 59.0954 0
    endloop
  endfacet
  facet normal -0.456614 -0.608819 -0.648724
    outer loop
      vertex 63.4275 63.4275 1.79
      vertex 64.5154 64.5189 0
      vertex 64.5174 64.5174 0
    endloop
  endfacet
  facet normal -0.462913 -0.603449 -0.649278
    outer loop
      vertex 64.5154 64.5189 0
      vertex 63.4275 63.4275 1.79
      vertex 63.0754 63.6976 1.79
    endloop
  endfacet
  facet normal -0.462997 -0.603357 -0.649303
    outer loop
      vertex 63.8461 65.0325 0
      vertex 64.5154 64.5189 0
      vertex 63.0754 63.6976 1.79
    endloop
  endfacet
  facet normal 0.462952 -0.603388 -0.649307
    outer loop
      vertex 60.6047 65.0325 0
      vertex 61.3754 63.6976 1.79
      vertex 59.9353 64.5189 0
    endloop
  endfacet
  facet normal 0.603449 -0.462913 -0.649278
    outer loop
      vertex 59.9319 64.5154 0
      vertex 61.0233 63.4275 1.79
      vertex 60.7532 63.0754 1.79
    endloop
  endfacet
  facet normal 0.608819 -0.456614 -0.648724
    outer loop
      vertex 61.0233 63.4275 1.79
      vertex 59.9319 64.5154 0
      vertex 59.9334 64.5174 0
    endloop
  endfacet
  facet normal 0.702629 -0.291057 -0.649306
    outer loop
      vertex 59.4183 63.8461 0
      vertex 60.7532 63.0754 1.79
      vertex 59.0954 63.0666 0
    endloop
  endfacet
  facet normal -0.705819 -0.27619 -0.652333
    outer loop
      vertex 65.3563 63.0643 0
      vertex 63.6976 63.0754 1.79
      vertex 65.3554 63.0666 0
    endloop
  endfacet
  facet normal -0.702617 -0.291158 -0.649273
    outer loop
      vertex 63.6976 63.0754 1.79
      vertex 65.3563 63.0643 0
      vertex 63.8675 62.6654 1.79
    endloop
  endfacet
  facet normal 0.702617 0.291158 -0.649273
    outer loop
      vertex 60.7532 61.3754 1.79
      vertex 59.0945 61.3865 0
      vertex 60.5833 61.7854 1.79
    endloop
  endfacet
  facet normal 0.705819 0.27619 -0.652333
    outer loop
      vertex 59.0945 61.3865 0
      vertex 60.7532 61.3754 1.79
      vertex 59.0954 61.3842 0
    endloop
  endfacet
  facet normal -0.75439 -0.0942987 -0.649618
    outer loop
      vertex 63.9254 62.2254 1.79
      vertex 65.4665 62.2278 0
      vertex 65.4668 62.2254 0
    endloop
  endfacet
  facet normal -0.754024 -0.0992227 -0.64931
    outer loop
      vertex 65.4665 62.2278 0
      vertex 63.9254 62.2254 1.79
      vertex 63.8675 62.6654 1.79
    endloop
  endfacet
  facet normal 0.0992227 -0.754024 -0.64931
    outer loop
      vertex 62.223 65.4665 0
      vertex 62.2254 63.9254 1.79
      vertex 61.7854 63.8675 1.79
    endloop
  endfacet
  facet normal 0.0942987 -0.75439 -0.649618
    outer loop
      vertex 62.2254 63.9254 1.79
      vertex 62.223 65.4665 0
      vertex 62.2254 65.4668 0
    endloop
  endfacet
  facet normal 0.0993353 -0.754029 -0.649287
    outer loop
      vertex 62.223 65.4665 0
      vertex 61.7854 63.8675 1.79
      vertex 61.3865 65.3563 0
    endloop
  endfacet
  facet normal -0.702629 -0.291057 -0.649306
    outer loop
      vertex 65.0325 63.8461 0
      vertex 65.3554 63.0666 0
      vertex 63.6976 63.0754 1.79
    endloop
  endfacet
  facet normal -0.702629 0.291057 -0.649306
    outer loop
      vertex 65.3554 61.3842 0
      vertex 65.0325 60.6047 0
      vertex 63.6976 61.3754 1.79
    endloop
  endfacet
  facet normal -0.291158 -0.702617 -0.649273
    outer loop
      vertex 63.0643 65.3563 0
      vertex 63.0754 63.6976 1.79
      vertex 62.6654 63.8675 1.79
    endloop
  endfacet
  facet normal -0.27619 -0.705819 -0.652333
    outer loop
      vertex 63.0754 63.6976 1.79
      vertex 63.0643 65.3563 0
      vertex 63.0666 65.3554 0
    endloop
  endfacet
  facet normal -0.291057 -0.702629 -0.649306
    outer loop
      vertex 63.8461 65.0325 0
      vertex 63.0754 63.6976 1.79
      vertex 63.0666 65.3554 0
    endloop
  endfacet
  facet normal -0.754029 0.0993353 -0.649287
    outer loop
      vertex 65.4665 62.223 0
      vertex 65.3563 61.3865 0
      vertex 63.8675 61.7854 1.79
    endloop
  endfacet
  facet normal 0.462905 -0.603439 -0.649292
    outer loop
      vertex 61.0233 63.4275 1.79
      vertex 59.9353 64.5189 0
      vertex 61.3754 63.6976 1.79
    endloop
  endfacet
  facet normal 0.470923 -0.596502 -0.649936
    outer loop
      vertex 59.9353 64.5189 0
      vertex 61.0233 63.4275 1.79
      vertex 59.9334 64.5174 0
    endloop
  endfacet
  facet normal 0.75439 0.0942987 -0.649618
    outer loop
      vertex 60.5254 62.2254 1.79
      vertex 58.9843 62.223 0
      vertex 58.984 62.2254 0
    endloop
  endfacet
  facet normal 0.754024 0.0992227 -0.64931
    outer loop
      vertex 58.9843 62.223 0
      vertex 60.5254 62.2254 1.79
      vertex 60.5833 61.7854 1.79
    endloop
  endfacet
  facet normal 0.291057 0.702629 -0.649306
    outer loop
      vertex 61.3754 60.7532 1.79
      vertex 61.3842 59.0954 0
      vertex 60.6047 59.4183 0
    endloop
  endfacet
  facet normal -0.0993353 0.754029 -0.649287
    outer loop
      vertex 62.6654 60.5833 1.79
      vertex 63.0643 59.0945 0
      vertex 62.2278 58.9843 0
    endloop
  endfacet
  facet normal 0.0993353 0.754029 -0.649287
    outer loop
      vertex 61.7854 60.5833 1.79
      vertex 62.223 58.9843 0
      vertex 61.3865 59.0945 0
    endloop
  endfacet
  facet normal 0.291057 -0.702629 -0.649306
    outer loop
      vertex 61.3842 65.3554 0
      vertex 61.3754 63.6976 1.79
      vertex 60.6047 65.0325 0
    endloop
  endfacet
  facet normal 0.462952 0.603388 -0.649307
    outer loop
      vertex 61.3754 60.7532 1.79
      vertex 60.6047 59.4183 0
      vertex 59.9353 59.9319 0
    endloop
  endfacet
  facet normal -0.754029 -0.0993353 -0.649287
    outer loop
      vertex 65.3563 63.0643 0
      vertex 65.4665 62.2278 0
      vertex 63.8675 62.6654 1.79
    endloop
  endfacet
  facet normal -0.0942987 -0.75439 -0.649618
    outer loop
      vertex 62.2278 65.4665 0
      vertex 62.2254 63.9254 1.79
      vertex 62.2254 65.4668 0
    endloop
  endfacet
  facet normal -0.0992227 -0.754024 -0.64931
    outer loop
      vertex 62.2254 63.9254 1.79
      vertex 62.2278 65.4665 0
      vertex 62.6654 63.8675 1.79
    endloop
  endfacet
  facet normal -0.705819 0.27619 -0.652333
    outer loop
      vertex 63.6976 61.3754 1.79
      vertex 65.3563 61.3865 0
      vertex 65.3554 61.3842 0
    endloop
  endfacet
  facet normal -0.702617 0.291158 -0.649273
    outer loop
      vertex 65.3563 61.3865 0
      vertex 63.6976 61.3754 1.79
      vertex 63.8675 61.7854 1.79
    endloop
  endfacet
  facet normal 0.754029 -0.0993353 -0.649287
    outer loop
      vertex 59.0945 63.0643 0
      vertex 60.5833 62.6654 1.79
      vertex 58.9843 62.2278 0
    endloop
  endfacet
  facet normal -0.0992227 0.754024 -0.64931
    outer loop
      vertex 62.2278 58.9843 0
      vertex 62.2254 60.5254 1.79
      vertex 62.6654 60.5833 1.79
    endloop
  endfacet
  facet normal -0.0942987 0.75439 -0.649618
    outer loop
      vertex 62.2254 60.5254 1.79
      vertex 62.2278 58.9843 0
      vertex 62.2254 58.984 0
    endloop
  endfacet
  facet normal 0.603357 -0.462997 -0.649303
    outer loop
      vertex 59.9319 64.5154 0
      vertex 60.7532 63.0754 1.79
      vertex 59.4183 63.8461 0
    endloop
  endfacet
  facet normal -0.291057 0.702629 -0.649306
    outer loop
      vertex 63.0754 60.7532 1.79
      vertex 63.8461 59.4183 0
      vertex 63.0666 59.0954 0
    endloop
  endfacet
  facet normal -0.596502 0.470923 -0.649936
    outer loop
      vertex 63.4275 61.0233 1.79
      vertex 64.5189 59.9353 0
      vertex 64.5174 59.9334 0
    endloop
  endfacet
  facet normal -0.603439 0.462905 -0.649292
    outer loop
      vertex 64.5189 59.9353 0
      vertex 63.4275 61.0233 1.79
      vertex 63.6976 61.3754 1.79
    endloop
  endfacet
  facet normal -0.603388 0.462952 -0.649307
    outer loop
      vertex 65.0325 60.6047 0
      vertex 64.5189 59.9353 0
      vertex 63.6976 61.3754 1.79
    endloop
  endfacet
  facet normal -0.27619 0.705819 -0.652333
    outer loop
      vertex 63.0643 59.0945 0
      vertex 63.0754 60.7532 1.79
      vertex 63.0666 59.0954 0
    endloop
  endfacet
  facet normal -0.291158 0.702617 -0.649273
    outer loop
      vertex 63.0754 60.7532 1.79
      vertex 63.0643 59.0945 0
      vertex 62.6654 60.5833 1.79
    endloop
  endfacet
  facet normal 0.0942987 0.75439 -0.649618
    outer loop
      vertex 62.223 58.9843 0
      vertex 62.2254 60.5254 1.79
      vertex 62.2254 58.984 0
    endloop
  endfacet
  facet normal 0.0992227 0.754024 -0.64931
    outer loop
      vertex 62.2254 60.5254 1.79
      vertex 62.223 58.9843 0
      vertex 61.7854 60.5833 1.79
    endloop
  endfacet
  facet normal 0.754029 0.0993353 -0.649287
    outer loop
      vertex 60.5833 61.7854 1.79
      vertex 59.0945 61.3865 0
      vertex 58.9843 62.223 0
    endloop
  endfacet
  facet normal -0.456614 0.608819 -0.648724
    outer loop
      vertex 64.5154 59.9319 0
      vertex 63.4275 61.0233 1.79
      vertex 64.5174 59.9334 0
    endloop
  endfacet
  facet normal -0.462913 0.603449 -0.649278
    outer loop
      vertex 63.4275 61.0233 1.79
      vertex 64.5154 59.9319 0
      vertex 63.0754 60.7532 1.79
    endloop
  endfacet
  facet normal -0.0993353 -0.754029 -0.649287
    outer loop
      vertex 63.0643 65.3563 0
      vertex 62.6654 63.8675 1.79
      vertex 62.2278 65.4665 0
    endloop
  endfacet
  facet normal -0.603357 -0.462997 -0.649303
    outer loop
      vertex 64.5189 64.5154 0
      vertex 65.0325 63.8461 0
      vertex 63.6976 63.0754 1.79
    endloop
  endfacet
  facet normal -0.603449 -0.462913 -0.649278
    outer loop
      vertex 63.4275 63.4275 1.79
      vertex 64.5189 64.5154 0
      vertex 63.6976 63.0754 1.79
    endloop
  endfacet
  facet normal -0.608819 -0.456614 -0.648724
    outer loop
      vertex 64.5189 64.5154 0
      vertex 63.4275 63.4275 1.79
      vertex 64.5174 64.5174 0
    endloop
  endfacet
  facet normal 0.596502 0.470923 -0.649936
    outer loop
      vertex 59.9319 59.9353 0
      vertex 61.0233 61.0233 1.79
      vertex 59.9334 59.9334 0
    endloop
  endfacet
  facet normal 0.603439 0.462905 -0.649292
    outer loop
      vertex 61.0233 61.0233 1.79
      vertex 59.9319 59.9353 0
      vertex 60.7532 61.3754 1.79
    endloop
  endfacet
  facet normal 0.462905 0.603439 -0.649292
    outer loop
      vertex 59.9353 59.9319 0
      vertex 61.0233 61.0233 1.79
      vertex 61.3754 60.7532 1.79
    endloop
  endfacet
  facet normal 0.470923 0.596502 -0.649936
    outer loop
      vertex 61.0233 61.0233 1.79
      vertex 59.9353 59.9319 0
      vertex 59.9334 59.9334 0
    endloop
  endfacet
  facet normal -0.75439 0.0942987 -0.649618
    outer loop
      vertex 65.4665 62.223 0
      vertex 63.9254 62.2254 1.79
      vertex 65.4668 62.2254 0
    endloop
  endfacet
  facet normal -0.754024 0.0992227 -0.64931
    outer loop
      vertex 63.9254 62.2254 1.79
      vertex 65.4665 62.223 0
      vertex 63.8675 61.7854 1.79
    endloop
  endfacet
  facet normal -0.462997 0.603357 -0.649303
    outer loop
      vertex 64.5154 59.9319 0
      vertex 63.8461 59.4183 0
      vertex 63.0754 60.7532 1.79
    endloop
  endfacet
  facet normal 0.27619 -0.705819 -0.652333
    outer loop
      vertex 61.3865 65.3563 0
      vertex 61.3754 63.6976 1.79
      vertex 61.3842 65.3554 0
    endloop
  endfacet
  facet normal 0.291158 -0.702617 -0.649273
    outer loop
      vertex 61.3754 63.6976 1.79
      vertex 61.3865 65.3563 0
      vertex 61.7854 63.8675 1.79
    endloop
  endfacet
  facet normal 0.603388 0.462952 -0.649307
    outer loop
      vertex 60.7532 61.3754 1.79
      vertex 59.9319 59.9353 0
      vertex 59.4183 60.6047 0
    endloop
  endfacet
  facet normal 0.702629 0.291057 -0.649306
    outer loop
      vertex 60.7532 61.3754 1.79
      vertex 59.4183 60.6047 0
      vertex 59.0954 61.3842 0
    endloop
  endfacet
  facet normal 0.754024 -0.0992227 -0.64931
    outer loop
      vertex 60.5254 62.2254 1.79
      vertex 58.9843 62.2278 0
      vertex 60.5833 62.6654 1.79
    endloop
  endfacet
  facet normal 0.75439 -0.0942987 -0.649618
    outer loop
      vertex 58.9843 62.2278 0
      vertex 60.5254 62.2254 1.79
      vertex 58.984 62.2254 0
    endloop
  endfacet
  facet normal 0.705819 -0.27619 -0.652333
    outer loop
      vertex 60.7532 63.0754 1.79
      vertex 59.0945 63.0643 0
      vertex 59.0954 63.0666 0
    endloop
  endfacet
  facet normal 0.702617 -0.291158 -0.649273
    outer loop
      vertex 59.0945 63.0643 0
      vertex 60.7532 63.0754 1.79
      vertex 60.5833 62.6654 1.79
    endloop
  endfacet
  facet normal -0.923822 0.382823 0
    outer loop
      vertex -60.7532 61.3754 1.79
      vertex -60.5833 61.7854 3
      vertex -60.5833 61.7854 1.79
    endloop
  endfacet
  facet normal -0.923822 0.382823 0
    outer loop
      vertex -60.5833 61.7854 3
      vertex -60.7532 61.3754 1.79
      vertex -60.7532 61.3754 3
    endloop
  endfacet
  facet normal 0.923822 -0.382823 0
    outer loop
      vertex -63.8675 62.6654 3
      vertex -63.6976 63.0754 1.79
      vertex -63.6976 63.0754 3
    endloop
  endfacet
  facet normal 0.923822 -0.382823 0
    outer loop
      vertex -63.6976 63.0754 1.79
      vertex -63.8675 62.6654 3
      vertex -63.8675 62.6654 1.79
    endloop
  endfacet
  facet normal 0.793436 -0.608654 0
    outer loop
      vertex -63.6976 63.0754 3
      vertex -63.4275 63.4275 1.79
      vertex -63.4275 63.4275 3
    endloop
  endfacet
  facet normal 0.793436 -0.608654 0
    outer loop
      vertex -63.4275 63.4275 1.79
      vertex -63.6976 63.0754 3
      vertex -63.6976 63.0754 1.79
    endloop
  endfacet
  facet normal 0.991453 -0.130466 0
    outer loop
      vertex -63.9254 62.2254 3
      vertex -63.8675 62.6654 1.79
      vertex -63.8675 62.6654 3
    endloop
  endfacet
  facet normal 0.991453 -0.130466 0
    outer loop
      vertex -63.8675 62.6654 1.79
      vertex -63.9254 62.2254 3
      vertex -63.9254 62.2254 1.79
    endloop
  endfacet
  facet normal 0.991453 0.130466 0
    outer loop
      vertex -63.8675 61.7854 3
      vertex -63.9254 62.2254 1.79
      vertex -63.9254 62.2254 3
    endloop
  endfacet
  facet normal 0.991453 0.130466 0
    outer loop
      vertex -63.9254 62.2254 1.79
      vertex -63.8675 61.7854 3
      vertex -63.8675 61.7854 1.79
    endloop
  endfacet
  facet normal 0.793436 0.608654 0
    outer loop
      vertex -63.4275 61.0233 3
      vertex -63.6976 61.3754 1.79
      vertex -63.6976 61.3754 3
    endloop
  endfacet
  facet normal 0.793436 0.608654 0
    outer loop
      vertex -63.6976 61.3754 1.79
      vertex -63.4275 61.0233 3
      vertex -63.4275 61.0233 1.79
    endloop
  endfacet
  facet normal -0.608654 0.793436 0
    outer loop
      vertex -61.0233 61.0233 1.79
      vertex -61.3754 60.7532 3
      vertex -61.0233 61.0233 3
    endloop
  endfacet
  facet normal -0.608654 0.793436 0
    outer loop
      vertex -61.3754 60.7532 3
      vertex -61.0233 61.0233 1.79
      vertex -61.3754 60.7532 1.79
    endloop
  endfacet
  facet normal -0.923822 -0.382823 0
    outer loop
      vertex -60.5833 62.6654 1.79
      vertex -60.7532 63.0754 3
      vertex -60.7532 63.0754 1.79
    endloop
  endfacet
  facet normal -0.923822 -0.382823 0
    outer loop
      vertex -60.7532 63.0754 3
      vertex -60.5833 62.6654 1.79
      vertex -60.5833 62.6654 3
    endloop
  endfacet
  facet normal -0.382823 -0.923822 0
    outer loop
      vertex -61.7854 63.8675 1.79
      vertex -61.3754 63.6976 3
      vertex -61.7854 63.8675 3
    endloop
  endfacet
  facet normal -0.382823 -0.923822 -0
    outer loop
      vertex -61.3754 63.6976 3
      vertex -61.7854 63.8675 1.79
      vertex -61.3754 63.6976 1.79
    endloop
  endfacet
  facet normal -0.130466 0.991453 0
    outer loop
      vertex -61.7854 60.5833 1.79
      vertex -62.2254 60.5254 3
      vertex -61.7854 60.5833 3
    endloop
  endfacet
  facet normal -0.130466 0.991453 0
    outer loop
      vertex -62.2254 60.5254 3
      vertex -61.7854 60.5833 1.79
      vertex -62.2254 60.5254 1.79
    endloop
  endfacet
  facet normal 0.130466 0.991453 -0
    outer loop
      vertex -62.2254 60.5254 1.79
      vertex -62.6654 60.5833 3
      vertex -62.2254 60.5254 3
    endloop
  endfacet
  facet normal 0.130466 0.991453 0
    outer loop
      vertex -62.6654 60.5833 3
      vertex -62.2254 60.5254 1.79
      vertex -62.6654 60.5833 1.79
    endloop
  endfacet
  facet normal 0.923822 0.382823 0
    outer loop
      vertex -63.6976 61.3754 3
      vertex -63.8675 61.7854 1.79
      vertex -63.8675 61.7854 3
    endloop
  endfacet
  facet normal 0.923822 0.382823 0
    outer loop
      vertex -63.8675 61.7854 1.79
      vertex -63.6976 61.3754 3
      vertex -63.6976 61.3754 1.79
    endloop
  endfacet
  facet normal 0.608654 -0.793436 0
    outer loop
      vertex -63.4275 63.4275 1.79
      vertex -63.0754 63.6976 3
      vertex -63.4275 63.4275 3
    endloop
  endfacet
  facet normal 0.608654 -0.793436 0
    outer loop
      vertex -63.0754 63.6976 3
      vertex -63.4275 63.4275 1.79
      vertex -63.0754 63.6976 1.79
    endloop
  endfacet
  facet normal 0.608654 0.793436 -0
    outer loop
      vertex -63.0754 60.7532 1.79
      vertex -63.4275 61.0233 3
      vertex -63.0754 60.7532 3
    endloop
  endfacet
  facet normal 0.608654 0.793436 0
    outer loop
      vertex -63.4275 61.0233 3
      vertex -63.0754 60.7532 1.79
      vertex -63.4275 61.0233 1.79
    endloop
  endfacet
  facet normal 0.382823 0.923822 -0
    outer loop
      vertex -62.6654 60.5833 1.79
      vertex -63.0754 60.7532 3
      vertex -62.6654 60.5833 3
    endloop
  endfacet
  facet normal 0.382823 0.923822 0
    outer loop
      vertex -63.0754 60.7532 3
      vertex -62.6654 60.5833 1.79
      vertex -63.0754 60.7532 1.79
    endloop
  endfacet
  facet normal 0.130466 -0.991453 0
    outer loop
      vertex -62.6654 63.8675 1.79
      vertex -62.2254 63.9254 3
      vertex -62.6654 63.8675 3
    endloop
  endfacet
  facet normal 0.130466 -0.991453 0
    outer loop
      vertex -62.2254 63.9254 3
      vertex -62.6654 63.8675 1.79
      vertex -62.2254 63.9254 1.79
    endloop
  endfacet
  facet normal -0.382823 0.923822 0
    outer loop
      vertex -61.3754 60.7532 1.79
      vertex -61.7854 60.5833 3
      vertex -61.3754 60.7532 3
    endloop
  endfacet
  facet normal -0.382823 0.923822 0
    outer loop
      vertex -61.7854 60.5833 3
      vertex -61.3754 60.7532 1.79
      vertex -61.7854 60.5833 1.79
    endloop
  endfacet
  facet normal -0.608654 -0.793436 0
    outer loop
      vertex -61.3754 63.6976 1.79
      vertex -61.0233 63.4275 3
      vertex -61.3754 63.6976 3
    endloop
  endfacet
  facet normal -0.608654 -0.793436 -0
    outer loop
      vertex -61.0233 63.4275 3
      vertex -61.3754 63.6976 1.79
      vertex -61.0233 63.4275 1.79
    endloop
  endfacet
  facet normal -0.991453 -0.130466 0
    outer loop
      vertex -60.5254 62.2254 1.79
      vertex -60.5833 62.6654 3
      vertex -60.5833 62.6654 1.79
    endloop
  endfacet
  facet normal -0.991453 -0.130466 0
    outer loop
      vertex -60.5833 62.6654 3
      vertex -60.5254 62.2254 1.79
      vertex -60.5254 62.2254 3
    endloop
  endfacet
  facet normal -0.793436 0.608654 0
    outer loop
      vertex -61.0233 61.0233 1.79
      vertex -60.7532 61.3754 3
      vertex -60.7532 61.3754 1.79
    endloop
  endfacet
  facet normal -0.793436 0.608654 0
    outer loop
      vertex -60.7532 61.3754 3
      vertex -61.0233 61.0233 1.79
      vertex -61.0233 61.0233 3
    endloop
  endfacet
  facet normal -0.130466 -0.991453 0
    outer loop
      vertex -62.2254 63.9254 1.79
      vertex -61.7854 63.8675 3
      vertex -62.2254 63.9254 3
    endloop
  endfacet
  facet normal -0.130466 -0.991453 -0
    outer loop
      vertex -61.7854 63.8675 3
      vertex -62.2254 63.9254 1.79
      vertex -61.7854 63.8675 1.79
    endloop
  endfacet
  facet normal -0.991453 0.130466 0
    outer loop
      vertex -60.5833 61.7854 1.79
      vertex -60.5254 62.2254 3
      vertex -60.5254 62.2254 1.79
    endloop
  endfacet
  facet normal -0.991453 0.130466 0
    outer loop
      vertex -60.5254 62.2254 3
      vertex -60.5833 61.7854 1.79
      vertex -60.5833 61.7854 3
    endloop
  endfacet
  facet normal 0.382823 -0.923822 0
    outer loop
      vertex -63.0754 63.6976 1.79
      vertex -62.6654 63.8675 3
      vertex -63.0754 63.6976 3
    endloop
  endfacet
  facet normal 0.382823 -0.923822 0
    outer loop
      vertex -62.6654 63.8675 3
      vertex -63.0754 63.6976 1.79
      vertex -62.6654 63.8675 1.79
    endloop
  endfacet
  facet normal -0.793436 -0.608654 0
    outer loop
      vertex -60.7532 63.0754 1.79
      vertex -61.0233 63.4275 3
      vertex -61.0233 63.4275 1.79
    endloop
  endfacet
  facet normal -0.793436 -0.608654 0
    outer loop
      vertex -61.0233 63.4275 3
      vertex -60.7532 63.0754 1.79
      vertex -60.7532 63.0754 3
    endloop
  endfacet
  facet normal -0.705819 0.27619 -0.652333
    outer loop
      vertex -60.7532 61.3754 1.79
      vertex -59.0945 61.3865 0
      vertex -59.0954 61.3842 0
    endloop
  endfacet
  facet normal -0.702617 0.291158 -0.649273
    outer loop
      vertex -59.0945 61.3865 0
      vertex -60.7532 61.3754 1.79
      vertex -60.5833 61.7854 1.79
    endloop
  endfacet
  facet normal 0.603449 -0.462913 -0.649278
    outer loop
      vertex -64.5189 64.5154 0
      vertex -63.4275 63.4275 1.79
      vertex -63.6976 63.0754 1.79
    endloop
  endfacet
  facet normal 0.608819 -0.456614 -0.648724
    outer loop
      vertex -63.4275 63.4275 1.79
      vertex -64.5189 64.5154 0
      vertex -64.5174 64.5174 0
    endloop
  endfacet
  facet normal 0.603357 -0.462997 -0.649303
    outer loop
      vertex -64.5189 64.5154 0
      vertex -63.6976 63.0754 1.79
      vertex -65.0325 63.8461 0
    endloop
  endfacet
  facet normal 0.603388 0.462952 -0.649307
    outer loop
      vertex -63.6976 61.3754 1.79
      vertex -64.5189 59.9353 0
      vertex -65.0325 60.6047 0
    endloop
  endfacet
  facet normal 0.462913 0.603449 -0.649278
    outer loop
      vertex -64.5154 59.9319 0
      vertex -63.4275 61.0233 1.79
      vertex -63.0754 60.7532 1.79
    endloop
  endfacet
  facet normal 0.456614 0.608819 -0.648724
    outer loop
      vertex -63.4275 61.0233 1.79
      vertex -64.5154 59.9319 0
      vertex -64.5174 59.9334 0
    endloop
  endfacet
  facet normal 0.291057 0.702629 -0.649306
    outer loop
      vertex -63.0754 60.7532 1.79
      vertex -63.0666 59.0954 0
      vertex -63.8461 59.4183 0
    endloop
  endfacet
  facet normal 0.27619 -0.705819 -0.652333
    outer loop
      vertex -63.0643 65.3563 0
      vertex -63.0754 63.6976 1.79
      vertex -63.0666 65.3554 0
    endloop
  endfacet
  facet normal 0.291158 -0.702617 -0.649273
    outer loop
      vertex -63.0754 63.6976 1.79
      vertex -63.0643 65.3563 0
      vertex -62.6654 63.8675 1.79
    endloop
  endfacet
  facet normal -0.27619 0.705819 -0.652333
    outer loop
      vertex -61.3865 59.0945 0
      vertex -61.3754 60.7532 1.79
      vertex -61.3842 59.0954 0
    endloop
  endfacet
  facet normal -0.291158 0.702617 -0.649273
    outer loop
      vertex -61.3754 60.7532 1.79
      vertex -61.3865 59.0945 0
      vertex -61.7854 60.5833 1.79
    endloop
  endfacet
  facet normal 0.0992227 -0.754024 -0.64931
    outer loop
      vertex -62.2278 65.4665 0
      vertex -62.2254 63.9254 1.79
      vertex -62.6654 63.8675 1.79
    endloop
  endfacet
  facet normal 0.0942987 -0.75439 -0.649618
    outer loop
      vertex -62.2254 63.9254 1.79
      vertex -62.2278 65.4665 0
      vertex -62.2254 65.4668 0
    endloop
  endfacet
  facet normal 0.75439 0.0942987 -0.649618
    outer loop
      vertex -63.9254 62.2254 1.79
      vertex -65.4665 62.223 0
      vertex -65.4668 62.2254 0
    endloop
  endfacet
  facet normal 0.754024 0.0992227 -0.64931
    outer loop
      vertex -65.4665 62.223 0
      vertex -63.9254 62.2254 1.79
      vertex -63.8675 61.7854 1.79
    endloop
  endfacet
  facet normal 0.754029 0.0993353 -0.649287
    outer loop
      vertex -63.8675 61.7854 1.79
      vertex -65.3563 61.3865 0
      vertex -65.4665 62.223 0
    endloop
  endfacet
  facet normal 0.291057 -0.702629 -0.649306
    outer loop
      vertex -63.0666 65.3554 0
      vertex -63.0754 63.6976 1.79
      vertex -63.8461 65.0325 0
    endloop
  endfacet
  facet normal -0.291057 -0.702629 -0.649306
    outer loop
      vertex -60.6047 65.0325 0
      vertex -61.3754 63.6976 1.79
      vertex -61.3842 65.3554 0
    endloop
  endfacet
  facet normal 0.705819 -0.27619 -0.652333
    outer loop
      vertex -63.6976 63.0754 1.79
      vertex -65.3563 63.0643 0
      vertex -65.3554 63.0666 0
    endloop
  endfacet
  facet normal 0.702617 -0.291158 -0.649273
    outer loop
      vertex -65.3563 63.0643 0
      vertex -63.6976 63.0754 1.79
      vertex -63.8675 62.6654 1.79
    endloop
  endfacet
  facet normal 0.702629 -0.291057 -0.649306
    outer loop
      vertex -65.0325 63.8461 0
      vertex -63.6976 63.0754 1.79
      vertex -65.3554 63.0666 0
    endloop
  endfacet
  facet normal -0.0993353 -0.754029 -0.649287
    outer loop
      vertex -61.3865 65.3563 0
      vertex -61.7854 63.8675 1.79
      vertex -62.223 65.4665 0
    endloop
  endfacet
  facet normal 0.596502 0.470923 -0.649936
    outer loop
      vertex -64.5189 59.9353 0
      vertex -63.4275 61.0233 1.79
      vertex -64.5174 59.9334 0
    endloop
  endfacet
  facet normal 0.603439 0.462905 -0.649292
    outer loop
      vertex -63.4275 61.0233 1.79
      vertex -64.5189 59.9353 0
      vertex -63.6976 61.3754 1.79
    endloop
  endfacet
  facet normal -0.0992227 0.754024 -0.64931
    outer loop
      vertex -62.223 58.9843 0
      vertex -62.2254 60.5254 1.79
      vertex -61.7854 60.5833 1.79
    endloop
  endfacet
  facet normal -0.0942987 0.75439 -0.649618
    outer loop
      vertex -62.2254 60.5254 1.79
      vertex -62.223 58.9843 0
      vertex -62.2254 58.984 0
    endloop
  endfacet
  facet normal -0.702629 0.291057 -0.649306
    outer loop
      vertex -59.0954 61.3842 0
      vertex -59.4183 60.6047 0
      vertex -60.7532 61.3754 1.79
    endloop
  endfacet
  facet normal -0.754029 -0.0993353 -0.649287
    outer loop
      vertex -59.0945 63.0643 0
      vertex -58.9843 62.2278 0
      vertex -60.5833 62.6654 1.79
    endloop
  endfacet
  facet normal -0.754029 0.0993353 -0.649287
    outer loop
      vertex -58.9843 62.223 0
      vertex -59.0945 61.3865 0
      vertex -60.5833 61.7854 1.79
    endloop
  endfacet
  facet normal 0.702629 0.291057 -0.649306
    outer loop
      vertex -63.6976 61.3754 1.79
      vertex -65.0325 60.6047 0
      vertex -65.3554 61.3842 0
    endloop
  endfacet
  facet normal -0.603388 0.462952 -0.649307
    outer loop
      vertex -59.4183 60.6047 0
      vertex -59.9319 59.9353 0
      vertex -60.7532 61.3754 1.79
    endloop
  endfacet
  facet normal 0.0993353 -0.754029 -0.649287
    outer loop
      vertex -62.2278 65.4665 0
      vertex -62.6654 63.8675 1.79
      vertex -63.0643 65.3563 0
    endloop
  endfacet
  facet normal 0.754024 -0.0992227 -0.64931
    outer loop
      vertex -63.9254 62.2254 1.79
      vertex -65.4665 62.2278 0
      vertex -63.8675 62.6654 1.79
    endloop
  endfacet
  facet normal 0.75439 -0.0942987 -0.649618
    outer loop
      vertex -65.4665 62.2278 0
      vertex -63.9254 62.2254 1.79
      vertex -65.4668 62.2254 0
    endloop
  endfacet
  facet normal -0.291158 -0.702617 -0.649273
    outer loop
      vertex -61.3865 65.3563 0
      vertex -61.3754 63.6976 1.79
      vertex -61.7854 63.8675 1.79
    endloop
  endfacet
  facet normal -0.27619 -0.705819 -0.652333
    outer loop
      vertex -61.3754 63.6976 1.79
      vertex -61.3865 65.3563 0
      vertex -61.3842 65.3554 0
    endloop
  endfacet
  facet normal 0.0993353 0.754029 -0.649287
    outer loop
      vertex -62.6654 60.5833 1.79
      vertex -62.2278 58.9843 0
      vertex -63.0643 59.0945 0
    endloop
  endfacet
  facet normal -0.75439 -0.0942987 -0.649618
    outer loop
      vertex -60.5254 62.2254 1.79
      vertex -58.9843 62.2278 0
      vertex -58.984 62.2254 0
    endloop
  endfacet
  facet normal -0.754024 -0.0992227 -0.64931
    outer loop
      vertex -58.9843 62.2278 0
      vertex -60.5254 62.2254 1.79
      vertex -60.5833 62.6654 1.79
    endloop
  endfacet
  facet normal 0.462997 0.603357 -0.649303
    outer loop
      vertex -63.0754 60.7532 1.79
      vertex -63.8461 59.4183 0
      vertex -64.5154 59.9319 0
    endloop
  endfacet
  facet normal -0.702629 -0.291057 -0.649306
    outer loop
      vertex -59.4183 63.8461 0
      vertex -59.0954 63.0666 0
      vertex -60.7532 63.0754 1.79
    endloop
  endfacet
  facet normal -0.470923 -0.596502 -0.649936
    outer loop
      vertex -61.0233 63.4275 1.79
      vertex -59.9353 64.5189 0
      vertex -59.9334 64.5174 0
    endloop
  endfacet
  facet normal -0.462905 -0.603439 -0.649292
    outer loop
      vertex -59.9353 64.5189 0
      vertex -61.0233 63.4275 1.79
      vertex -61.3754 63.6976 1.79
    endloop
  endfacet
  facet normal -0.462952 -0.603388 -0.649307
    outer loop
      vertex -60.6047 65.0325 0
      vertex -59.9353 64.5189 0
      vertex -61.3754 63.6976 1.79
    endloop
  endfacet
  facet normal -0.705819 -0.27619 -0.652333
    outer loop
      vertex -59.0945 63.0643 0
      vertex -60.7532 63.0754 1.79
      vertex -59.0954 63.0666 0
    endloop
  endfacet
  facet normal -0.702617 -0.291158 -0.649273
    outer loop
      vertex -60.7532 63.0754 1.79
      vertex -59.0945 63.0643 0
      vertex -60.5833 62.6654 1.79
    endloop
  endfacet
  facet normal -0.75439 0.0942987 -0.649618
    outer loop
      vertex -58.9843 62.223 0
      vertex -60.5254 62.2254 1.79
      vertex -58.984 62.2254 0
    endloop
  endfacet
  facet normal -0.754024 0.0992227 -0.64931
    outer loop
      vertex -60.5254 62.2254 1.79
      vertex -58.9843 62.223 0
      vertex -60.5833 61.7854 1.79
    endloop
  endfacet
  facet normal -0.0993353 0.754029 -0.649287
    outer loop
      vertex -61.7854 60.5833 1.79
      vertex -61.3865 59.0945 0
      vertex -62.223 58.9843 0
    endloop
  endfacet
  facet normal -0.603449 -0.462913 -0.649278
    outer loop
      vertex -61.0233 63.4275 1.79
      vertex -59.9319 64.5154 0
      vertex -60.7532 63.0754 1.79
    endloop
  endfacet
  facet normal -0.608819 -0.456614 -0.648724
    outer loop
      vertex -59.9319 64.5154 0
      vertex -61.0233 63.4275 1.79
      vertex -59.9334 64.5174 0
    endloop
  endfacet
  facet normal 0.754029 -0.0993353 -0.649287
    outer loop
      vertex -65.3563 63.0643 0
      vertex -63.8675 62.6654 1.79
      vertex -65.4665 62.2278 0
    endloop
  endfacet
  facet normal 0.462997 -0.603357 -0.649303
    outer loop
      vertex -63.8461 65.0325 0
      vertex -63.0754 63.6976 1.79
      vertex -64.5154 64.5189 0
    endloop
  endfacet
  facet normal 0.462913 -0.603449 -0.649278
    outer loop
      vertex -63.4275 63.4275 1.79
      vertex -64.5154 64.5189 0
      vertex -63.0754 63.6976 1.79
    endloop
  endfacet
  facet normal 0.456614 -0.608819 -0.648724
    outer loop
      vertex -64.5154 64.5189 0
      vertex -63.4275 63.4275 1.79
      vertex -64.5174 64.5174 0
    endloop
  endfacet
  facet normal -0.470923 0.596502 -0.649936
    outer loop
      vertex -59.9353 59.9319 0
      vertex -61.0233 61.0233 1.79
      vertex -59.9334 59.9334 0
    endloop
  endfacet
  facet normal -0.462905 0.603439 -0.649292
    outer loop
      vertex -61.0233 61.0233 1.79
      vertex -59.9353 59.9319 0
      vertex -61.3754 60.7532 1.79
    endloop
  endfacet
  facet normal -0.596502 0.470923 -0.649936
    outer loop
      vertex -61.0233 61.0233 1.79
      vertex -59.9319 59.9353 0
      vertex -59.9334 59.9334 0
    endloop
  endfacet
  facet normal -0.603439 0.462905 -0.649292
    outer loop
      vertex -59.9319 59.9353 0
      vertex -61.0233 61.0233 1.79
      vertex -60.7532 61.3754 1.79
    endloop
  endfacet
  facet normal -0.0942987 -0.75439 -0.649618
    outer loop
      vertex -62.223 65.4665 0
      vertex -62.2254 63.9254 1.79
      vertex -62.2254 65.4668 0
    endloop
  endfacet
  facet normal -0.0992227 -0.754024 -0.64931
    outer loop
      vertex -62.2254 63.9254 1.79
      vertex -62.223 65.4665 0
      vertex -61.7854 63.8675 1.79
    endloop
  endfacet
  facet normal -0.603357 -0.462997 -0.649303
    outer loop
      vertex -59.9319 64.5154 0
      vertex -59.4183 63.8461 0
      vertex -60.7532 63.0754 1.79
    endloop
  endfacet
  facet normal 0.702617 0.291158 -0.649273
    outer loop
      vertex -63.6976 61.3754 1.79
      vertex -65.3563 61.3865 0
      vertex -63.8675 61.7854 1.79
    endloop
  endfacet
  facet normal 0.705819 0.27619 -0.652333
    outer loop
      vertex -65.3563 61.3865 0
      vertex -63.6976 61.3754 1.79
      vertex -65.3554 61.3842 0
    endloop
  endfacet
  facet normal -0.462952 0.603388 -0.649307
    outer loop
      vertex -59.9353 59.9319 0
      vertex -60.6047 59.4183 0
      vertex -61.3754 60.7532 1.79
    endloop
  endfacet
  facet normal -0.291057 0.702629 -0.649306
    outer loop
      vertex -61.3754 60.7532 1.79
      vertex -60.6047 59.4183 0
      vertex -61.3842 59.0954 0
    endloop
  endfacet
  facet normal 0.0942987 0.75439 -0.649618
    outer loop
      vertex -62.2278 58.9843 0
      vertex -62.2254 60.5254 1.79
      vertex -62.2254 58.984 0
    endloop
  endfacet
  facet normal 0.0992227 0.754024 -0.64931
    outer loop
      vertex -62.2254 60.5254 1.79
      vertex -62.2278 58.9843 0
      vertex -62.6654 60.5833 1.79
    endloop
  endfacet
  facet normal 0.291158 0.702617 -0.649273
    outer loop
      vertex -63.0643 59.0945 0
      vertex -63.0754 60.7532 1.79
      vertex -62.6654 60.5833 1.79
    endloop
  endfacet
  facet normal 0.27619 0.705819 -0.652333
    outer loop
      vertex -63.0754 60.7532 1.79
      vertex -63.0643 59.0945 0
      vertex -63.0666 59.0954 0
    endloop
  endfacet
  facet normal -0.382823 -0.923822 0
    outer loop
      vertex -61.7854 -60.5833 1.79
      vertex -61.3754 -60.7532 3
      vertex -61.7854 -60.5833 3
    endloop
  endfacet
  facet normal -0.382823 -0.923822 -0
    outer loop
      vertex -61.3754 -60.7532 3
      vertex -61.7854 -60.5833 1.79
      vertex -61.3754 -60.7532 1.79
    endloop
  endfacet
  facet normal 0.382823 0.923822 -0
    outer loop
      vertex -62.6654 -63.8675 1.79
      vertex -63.0754 -63.6976 3
      vertex -62.6654 -63.8675 3
    endloop
  endfacet
  facet normal 0.382823 0.923822 0
    outer loop
      vertex -63.0754 -63.6976 3
      vertex -62.6654 -63.8675 1.79
      vertex -63.0754 -63.6976 1.79
    endloop
  endfacet
  facet normal 0.608654 0.793436 -0
    outer loop
      vertex -63.0754 -63.6976 1.79
      vertex -63.4275 -63.4275 3
      vertex -63.0754 -63.6976 3
    endloop
  endfacet
  facet normal 0.608654 0.793436 0
    outer loop
      vertex -63.4275 -63.4275 3
      vertex -63.0754 -63.6976 1.79
      vertex -63.4275 -63.4275 1.79
    endloop
  endfacet
  facet normal 0.130466 0.991453 -0
    outer loop
      vertex -62.2254 -63.9254 1.79
      vertex -62.6654 -63.8675 3
      vertex -62.2254 -63.9254 3
    endloop
  endfacet
  facet normal 0.130466 0.991453 0
    outer loop
      vertex -62.6654 -63.8675 3
      vertex -62.2254 -63.9254 1.79
      vertex -62.6654 -63.8675 1.79
    endloop
  endfacet
  facet normal -0.130466 0.991453 0
    outer loop
      vertex -61.7854 -63.8675 1.79
      vertex -62.2254 -63.9254 3
      vertex -61.7854 -63.8675 3
    endloop
  endfacet
  facet normal -0.130466 0.991453 0
    outer loop
      vertex -62.2254 -63.9254 3
      vertex -61.7854 -63.8675 1.79
      vertex -62.2254 -63.9254 1.79
    endloop
  endfacet
  facet normal -0.608654 0.793436 0
    outer loop
      vertex -61.0233 -63.4275 1.79
      vertex -61.3754 -63.6976 3
      vertex -61.0233 -63.4275 3
    endloop
  endfacet
  facet normal -0.608654 0.793436 0
    outer loop
      vertex -61.3754 -63.6976 3
      vertex -61.0233 -63.4275 1.79
      vertex -61.3754 -63.6976 1.79
    endloop
  endfacet
  facet normal -0.793436 -0.608654 0
    outer loop
      vertex -60.7532 -61.3754 1.79
      vertex -61.0233 -61.0233 3
      vertex -61.0233 -61.0233 1.79
    endloop
  endfacet
  facet normal -0.793436 -0.608654 0
    outer loop
      vertex -61.0233 -61.0233 3
      vertex -60.7532 -61.3754 1.79
      vertex -60.7532 -61.3754 3
    endloop
  endfacet
  facet normal 0.382823 -0.923822 0
    outer loop
      vertex -63.0754 -60.7532 1.79
      vertex -62.6654 -60.5833 3
      vertex -63.0754 -60.7532 3
    endloop
  endfacet
  facet normal 0.382823 -0.923822 0
    outer loop
      vertex -62.6654 -60.5833 3
      vertex -63.0754 -60.7532 1.79
      vertex -62.6654 -60.5833 1.79
    endloop
  endfacet
  facet normal 0.923822 -0.382823 0
    outer loop
      vertex -63.8675 -61.7854 3
      vertex -63.6976 -61.3754 1.79
      vertex -63.6976 -61.3754 3
    endloop
  endfacet
  facet normal 0.923822 -0.382823 0
    outer loop
      vertex -63.6976 -61.3754 1.79
      vertex -63.8675 -61.7854 3
      vertex -63.8675 -61.7854 1.79
    endloop
  endfacet
  facet normal -0.991453 -0.130466 0
    outer loop
      vertex -60.5254 -62.2254 1.79
      vertex -60.5833 -61.7854 3
      vertex -60.5833 -61.7854 1.79
    endloop
  endfacet
  facet normal -0.991453 -0.130466 0
    outer loop
      vertex -60.5833 -61.7854 3
      vertex -60.5254 -62.2254 1.79
      vertex -60.5254 -62.2254 3
    endloop
  endfacet
  facet normal -0.991453 0.130466 0
    outer loop
      vertex -60.5833 -62.6654 1.79
      vertex -60.5254 -62.2254 3
      vertex -60.5254 -62.2254 1.79
    endloop
  endfacet
  facet normal -0.991453 0.130466 0
    outer loop
      vertex -60.5254 -62.2254 3
      vertex -60.5833 -62.6654 1.79
      vertex -60.5833 -62.6654 3
    endloop
  endfacet
  facet normal -0.382823 0.923822 0
    outer loop
      vertex -61.3754 -63.6976 1.79
      vertex -61.7854 -63.8675 3
      vertex -61.3754 -63.6976 3
    endloop
  endfacet
  facet normal -0.382823 0.923822 0
    outer loop
      vertex -61.7854 -63.8675 3
      vertex -61.3754 -63.6976 1.79
      vertex -61.7854 -63.8675 1.79
    endloop
  endfacet
  facet normal 0.793436 0.608654 0
    outer loop
      vertex -63.4275 -63.4275 3
      vertex -63.6976 -63.0754 1.79
      vertex -63.6976 -63.0754 3
    endloop
  endfacet
  facet normal 0.793436 0.608654 0
    outer loop
      vertex -63.6976 -63.0754 1.79
      vertex -63.4275 -63.4275 3
      vertex -63.4275 -63.4275 1.79
    endloop
  endfacet
  facet normal -0.793436 0.608654 0
    outer loop
      vertex -61.0233 -63.4275 1.79
      vertex -60.7532 -63.0754 3
      vertex -60.7532 -63.0754 1.79
    endloop
  endfacet
  facet normal -0.793436 0.608654 0
    outer loop
      vertex -60.7532 -63.0754 3
      vertex -61.0233 -63.4275 1.79
      vertex -61.0233 -63.4275 3
    endloop
  endfacet
  facet normal -0.923822 0.382823 0
    outer loop
      vertex -60.7532 -63.0754 1.79
      vertex -60.5833 -62.6654 3
      vertex -60.5833 -62.6654 1.79
    endloop
  endfacet
  facet normal -0.923822 0.382823 0
    outer loop
      vertex -60.5833 -62.6654 3
      vertex -60.7532 -63.0754 1.79
      vertex -60.7532 -63.0754 3
    endloop
  endfacet
  facet normal 0.991453 0.130466 0
    outer loop
      vertex -63.8675 -62.6654 3
      vertex -63.9254 -62.2254 1.79
      vertex -63.9254 -62.2254 3
    endloop
  endfacet
  facet normal 0.991453 0.130466 0
    outer loop
      vertex -63.9254 -62.2254 1.79
      vertex -63.8675 -62.6654 3
      vertex -63.8675 -62.6654 1.79
    endloop
  endfacet
  facet normal -0.923822 -0.382823 0
    outer loop
      vertex -60.5833 -61.7854 1.79
      vertex -60.7532 -61.3754 3
      vertex -60.7532 -61.3754 1.79
    endloop
  endfacet
  facet normal -0.923822 -0.382823 0
    outer loop
      vertex -60.7532 -61.3754 3
      vertex -60.5833 -61.7854 1.79
      vertex -60.5833 -61.7854 3
    endloop
  endfacet
  facet normal 0.793436 -0.608654 0
    outer loop
      vertex -63.6976 -61.3754 3
      vertex -63.4275 -61.0233 1.79
      vertex -63.4275 -61.0233 3
    endloop
  endfacet
  facet normal 0.793436 -0.608654 0
    outer loop
      vertex -63.4275 -61.0233 1.79
      vertex -63.6976 -61.3754 3
      vertex -63.6976 -61.3754 1.79
    endloop
  endfacet
  facet normal 0.130466 -0.991453 0
    outer loop
      vertex -62.6654 -60.5833 1.79
      vertex -62.2254 -60.5254 3
      vertex -62.6654 -60.5833 3
    endloop
  endfacet
  facet normal 0.130466 -0.991453 0
    outer loop
      vertex -62.2254 -60.5254 3
      vertex -62.6654 -60.5833 1.79
      vertex -62.2254 -60.5254 1.79
    endloop
  endfacet
  facet normal -0.608654 -0.793436 0
    outer loop
      vertex -61.3754 -60.7532 1.79
      vertex -61.0233 -61.0233 3
      vertex -61.3754 -60.7532 3
    endloop
  endfacet
  facet normal -0.608654 -0.793436 -0
    outer loop
      vertex -61.0233 -61.0233 3
      vertex -61.3754 -60.7532 1.79
      vertex -61.0233 -61.0233 1.79
    endloop
  endfacet
  facet normal 0.991453 -0.130466 0
    outer loop
      vertex -63.9254 -62.2254 3
      vertex -63.8675 -61.7854 1.79
      vertex -63.8675 -61.7854 3
    endloop
  endfacet
  facet normal 0.991453 -0.130466 0
    outer loop
      vertex -63.8675 -61.7854 1.79
      vertex -63.9254 -62.2254 3
      vertex -63.9254 -62.2254 1.79
    endloop
  endfacet
  facet normal -0.130466 -0.991453 0
    outer loop
      vertex -62.2254 -60.5254 1.79
      vertex -61.7854 -60.5833 3
      vertex -62.2254 -60.5254 3
    endloop
  endfacet
  facet normal -0.130466 -0.991453 -0
    outer loop
      vertex -61.7854 -60.5833 3
      vertex -62.2254 -60.5254 1.79
      vertex -61.7854 -60.5833 1.79
    endloop
  endfacet
  facet normal 0.923822 0.382823 0
    outer loop
      vertex -63.6976 -63.0754 3
      vertex -63.8675 -62.6654 1.79
      vertex -63.8675 -62.6654 3
    endloop
  endfacet
  facet normal 0.923822 0.382823 0
    outer loop
      vertex -63.8675 -62.6654 1.79
      vertex -63.6976 -63.0754 3
      vertex -63.6976 -63.0754 1.79
    endloop
  endfacet
  facet normal 0.608654 -0.793436 0
    outer loop
      vertex -63.4275 -61.0233 1.79
      vertex -63.0754 -60.7532 3
      vertex -63.4275 -61.0233 3
    endloop
  endfacet
  facet normal 0.608654 -0.793436 0
    outer loop
      vertex -63.0754 -60.7532 3
      vertex -63.4275 -61.0233 1.79
      vertex -63.0754 -60.7532 1.79
    endloop
  endfacet
  facet normal -0.291158 -0.702617 -0.649273
    outer loop
      vertex -61.3865 -59.0945 0
      vertex -61.3754 -60.7532 1.79
      vertex -61.7854 -60.5833 1.79
    endloop
  endfacet
  facet normal -0.27619 -0.705819 -0.652333
    outer loop
      vertex -61.3754 -60.7532 1.79
      vertex -61.3865 -59.0945 0
      vertex -61.3842 -59.0954 0
    endloop
  endfacet
  facet normal 0.462913 0.603449 -0.649278
    outer loop
      vertex -64.5154 -64.5189 0
      vertex -63.4275 -63.4275 1.79
      vertex -63.0754 -63.6976 1.79
    endloop
  endfacet
  facet normal 0.456614 0.608819 -0.648724
    outer loop
      vertex -63.4275 -63.4275 1.79
      vertex -64.5154 -64.5189 0
      vertex -64.5174 -64.5174 0
    endloop
  endfacet
  facet normal 0.462997 0.603357 -0.649303
    outer loop
      vertex -63.0754 -63.6976 1.79
      vertex -63.8461 -65.0325 0
      vertex -64.5154 -64.5189 0
    endloop
  endfacet
  facet normal -0.462952 0.603388 -0.649307
    outer loop
      vertex -59.9353 -64.5189 0
      vertex -60.6047 -65.0325 0
      vertex -61.3754 -63.6976 1.79
    endloop
  endfacet
  facet normal -0.608819 0.456614 -0.648724
    outer loop
      vertex -61.0233 -63.4275 1.79
      vertex -59.9319 -64.5154 0
      vertex -59.9334 -64.5174 0
    endloop
  endfacet
  facet normal -0.603449 0.462913 -0.649278
    outer loop
      vertex -59.9319 -64.5154 0
      vertex -61.0233 -63.4275 1.79
      vertex -60.7532 -63.0754 1.79
    endloop
  endfacet
  facet normal -0.702629 0.291057 -0.649306
    outer loop
      vertex -59.0954 -63.0666 0
      vertex -59.4183 -63.8461 0
      vertex -60.7532 -63.0754 1.79
    endloop
  endfacet
  facet normal 0.702617 0.291158 -0.649273
    outer loop
      vertex -63.6976 -63.0754 1.79
      vertex -65.3563 -63.0643 0
      vertex -63.8675 -62.6654 1.79
    endloop
  endfacet
  facet normal 0.705819 0.27619 -0.652333
    outer loop
      vertex -65.3563 -63.0643 0
      vertex -63.6976 -63.0754 1.79
      vertex -65.3554 -63.0666 0
    endloop
  endfacet
  facet normal -0.705819 -0.27619 -0.652333
    outer loop
      vertex -59.0945 -61.3865 0
      vertex -60.7532 -61.3754 1.79
      vertex -59.0954 -61.3842 0
    endloop
  endfacet
  facet normal -0.702617 -0.291158 -0.649273
    outer loop
      vertex -60.7532 -61.3754 1.79
      vertex -59.0945 -61.3865 0
      vertex -60.5833 -61.7854 1.79
    endloop
  endfacet
  facet normal 0.75439 0.0942987 -0.649618
    outer loop
      vertex -63.9254 -62.2254 1.79
      vertex -65.4665 -62.2278 0
      vertex -65.4668 -62.2254 0
    endloop
  endfacet
  facet normal 0.754024 0.0992227 -0.64931
    outer loop
      vertex -65.4665 -62.2278 0
      vertex -63.9254 -62.2254 1.79
      vertex -63.8675 -62.6654 1.79
    endloop
  endfacet
  facet normal -0.0992227 0.754024 -0.64931
    outer loop
      vertex -62.223 -65.4665 0
      vertex -62.2254 -63.9254 1.79
      vertex -61.7854 -63.8675 1.79
    endloop
  endfacet
  facet normal -0.0942987 0.75439 -0.649618
    outer loop
      vertex -62.2254 -63.9254 1.79
      vertex -62.223 -65.4665 0
      vertex -62.2254 -65.4668 0
    endloop
  endfacet
  facet normal -0.0993353 0.754029 -0.649287
    outer loop
      vertex -61.7854 -63.8675 1.79
      vertex -61.3865 -65.3563 0
      vertex -62.223 -65.4665 0
    endloop
  endfacet
  facet normal 0.702629 0.291057 -0.649306
    outer loop
      vertex -63.6976 -63.0754 1.79
      vertex -65.0325 -63.8461 0
      vertex -65.3554 -63.0666 0
    endloop
  endfacet
  facet normal 0.702629 -0.291057 -0.649306
    outer loop
      vertex -65.0325 -60.6047 0
      vertex -63.6976 -61.3754 1.79
      vertex -65.3554 -61.3842 0
    endloop
  endfacet
  facet normal 0.291158 0.702617 -0.649273
    outer loop
      vertex -63.0643 -65.3563 0
      vertex -63.0754 -63.6976 1.79
      vertex -62.6654 -63.8675 1.79
    endloop
  endfacet
  facet normal 0.27619 0.705819 -0.652333
    outer loop
      vertex -63.0754 -63.6976 1.79
      vertex -63.0643 -65.3563 0
      vertex -63.0666 -65.3554 0
    endloop
  endfacet
  facet normal 0.291057 0.702629 -0.649306
    outer loop
      vertex -63.0754 -63.6976 1.79
      vertex -63.0666 -65.3554 0
      vertex -63.8461 -65.0325 0
    endloop
  endfacet
  facet normal 0.754029 -0.0993353 -0.649287
    outer loop
      vertex -65.3563 -61.3865 0
      vertex -63.8675 -61.7854 1.79
      vertex -65.4665 -62.223 0
    endloop
  endfacet
  facet normal -0.470923 0.596502 -0.649936
    outer loop
      vertex -59.9353 -64.5189 0
      vertex -61.0233 -63.4275 1.79
      vertex -59.9334 -64.5174 0
    endloop
  endfacet
  facet normal -0.462905 0.603439 -0.649292
    outer loop
      vertex -61.0233 -63.4275 1.79
      vertex -59.9353 -64.5189 0
      vertex -61.3754 -63.6976 1.79
    endloop
  endfacet
  facet normal -0.75439 -0.0942987 -0.649618
    outer loop
      vertex -60.5254 -62.2254 1.79
      vertex -58.9843 -62.223 0
      vertex -58.984 -62.2254 0
    endloop
  endfacet
  facet normal -0.754024 -0.0992227 -0.64931
    outer loop
      vertex -58.9843 -62.223 0
      vertex -60.5254 -62.2254 1.79
      vertex -60.5833 -61.7854 1.79
    endloop
  endfacet
  facet normal -0.291057 -0.702629 -0.649306
    outer loop
      vertex -60.6047 -59.4183 0
      vertex -61.3754 -60.7532 1.79
      vertex -61.3842 -59.0954 0
    endloop
  endfacet
  facet normal 0.0993353 -0.754029 -0.649287
    outer loop
      vertex -62.2278 -58.9843 0
      vertex -62.6654 -60.5833 1.79
      vertex -63.0643 -59.0945 0
    endloop
  endfacet
  facet normal -0.0993353 -0.754029 -0.649287
    outer loop
      vertex -61.3865 -59.0945 0
      vertex -61.7854 -60.5833 1.79
      vertex -62.223 -58.9843 0
    endloop
  endfacet
  facet normal -0.291057 0.702629 -0.649306
    outer loop
      vertex -61.3754 -63.6976 1.79
      vertex -60.6047 -65.0325 0
      vertex -61.3842 -65.3554 0
    endloop
  endfacet
  facet normal -0.462952 -0.603388 -0.649307
    outer loop
      vertex -60.6047 -59.4183 0
      vertex -59.9353 -59.9319 0
      vertex -61.3754 -60.7532 1.79
    endloop
  endfacet
  facet normal 0.754029 0.0993353 -0.649287
    outer loop
      vertex -63.8675 -62.6654 1.79
      vertex -65.3563 -63.0643 0
      vertex -65.4665 -62.2278 0
    endloop
  endfacet
  facet normal 0.0942987 0.75439 -0.649618
    outer loop
      vertex -62.2278 -65.4665 0
      vertex -62.2254 -63.9254 1.79
      vertex -62.2254 -65.4668 0
    endloop
  endfacet
  facet normal 0.0992227 0.754024 -0.64931
    outer loop
      vertex -62.2254 -63.9254 1.79
      vertex -62.2278 -65.4665 0
      vertex -62.6654 -63.8675 1.79
    endloop
  endfacet
  facet normal 0.705819 -0.27619 -0.652333
    outer loop
      vertex -63.6976 -61.3754 1.79
      vertex -65.3563 -61.3865 0
      vertex -65.3554 -61.3842 0
    endloop
  endfacet
  facet normal 0.702617 -0.291158 -0.649273
    outer loop
      vertex -65.3563 -61.3865 0
      vertex -63.6976 -61.3754 1.79
      vertex -63.8675 -61.7854 1.79
    endloop
  endfacet
  facet normal -0.754029 0.0993353 -0.649287
    outer loop
      vertex -58.9843 -62.2278 0
      vertex -59.0945 -63.0643 0
      vertex -60.5833 -62.6654 1.79
    endloop
  endfacet
  facet normal 0.0992227 -0.754024 -0.64931
    outer loop
      vertex -62.2278 -58.9843 0
      vertex -62.2254 -60.5254 1.79
      vertex -62.6654 -60.5833 1.79
    endloop
  endfacet
  facet normal 0.0942987 -0.75439 -0.649618
    outer loop
      vertex -62.2254 -60.5254 1.79
      vertex -62.2278 -58.9843 0
      vertex -62.2254 -58.984 0
    endloop
  endfacet
  facet normal -0.603357 0.462997 -0.649303
    outer loop
      vertex -59.4183 -63.8461 0
      vertex -59.9319 -64.5154 0
      vertex -60.7532 -63.0754 1.79
    endloop
  endfacet
  facet normal 0.291057 -0.702629 -0.649306
    outer loop
      vertex -63.0666 -59.0954 0
      vertex -63.0754 -60.7532 1.79
      vertex -63.8461 -59.4183 0
    endloop
  endfacet
  facet normal 0.603439 -0.462905 -0.649292
    outer loop
      vertex -64.5189 -59.9353 0
      vertex -63.4275 -61.0233 1.79
      vertex -63.6976 -61.3754 1.79
    endloop
  endfacet
  facet normal 0.596502 -0.470923 -0.649936
    outer loop
      vertex -63.4275 -61.0233 1.79
      vertex -64.5189 -59.9353 0
      vertex -64.5174 -59.9334 0
    endloop
  endfacet
  facet normal 0.603388 -0.462952 -0.649307
    outer loop
      vertex -64.5189 -59.9353 0
      vertex -63.6976 -61.3754 1.79
      vertex -65.0325 -60.6047 0
    endloop
  endfacet
  facet normal 0.27619 -0.705819 -0.652333
    outer loop
      vertex -63.0643 -59.0945 0
      vertex -63.0754 -60.7532 1.79
      vertex -63.0666 -59.0954 0
    endloop
  endfacet
  facet normal 0.291158 -0.702617 -0.649273
    outer loop
      vertex -63.0754 -60.7532 1.79
      vertex -63.0643 -59.0945 0
      vertex -62.6654 -60.5833 1.79
    endloop
  endfacet
  facet normal -0.0942987 -0.75439 -0.649618
    outer loop
      vertex -62.223 -58.9843 0
      vertex -62.2254 -60.5254 1.79
      vertex -62.2254 -58.984 0
    endloop
  endfacet
  facet normal -0.0992227 -0.754024 -0.64931
    outer loop
      vertex -62.2254 -60.5254 1.79
      vertex -62.223 -58.9843 0
      vertex -61.7854 -60.5833 1.79
    endloop
  endfacet
  facet normal -0.754029 -0.0993353 -0.649287
    outer loop
      vertex -59.0945 -61.3865 0
      vertex -58.9843 -62.223 0
      vertex -60.5833 -61.7854 1.79
    endloop
  endfacet
  facet normal 0.462913 -0.603449 -0.649278
    outer loop
      vertex -63.4275 -61.0233 1.79
      vertex -64.5154 -59.9319 0
      vertex -63.0754 -60.7532 1.79
    endloop
  endfacet
  facet normal 0.456614 -0.608819 -0.648724
    outer loop
      vertex -64.5154 -59.9319 0
      vertex -63.4275 -61.0233 1.79
      vertex -64.5174 -59.9334 0
    endloop
  endfacet
  facet normal 0.0993353 0.754029 -0.649287
    outer loop
      vertex -62.6654 -63.8675 1.79
      vertex -62.2278 -65.4665 0
      vertex -63.0643 -65.3563 0
    endloop
  endfacet
  facet normal 0.603357 0.462997 -0.649303
    outer loop
      vertex -63.6976 -63.0754 1.79
      vertex -64.5189 -64.5154 0
      vertex -65.0325 -63.8461 0
    endloop
  endfacet
  facet normal 0.608819 0.456614 -0.648724
    outer loop
      vertex -64.5189 -64.5154 0
      vertex -63.4275 -63.4275 1.79
      vertex -64.5174 -64.5174 0
    endloop
  endfacet
  facet normal 0.603449 0.462913 -0.649278
    outer loop
      vertex -63.4275 -63.4275 1.79
      vertex -64.5189 -64.5154 0
      vertex -63.6976 -63.0754 1.79
    endloop
  endfacet
  facet normal -0.603439 -0.462905 -0.649292
    outer loop
      vertex -61.0233 -61.0233 1.79
      vertex -59.9319 -59.9353 0
      vertex -60.7532 -61.3754 1.79
    endloop
  endfacet
  facet normal -0.596502 -0.470923 -0.649936
    outer loop
      vertex -59.9319 -59.9353 0
      vertex -61.0233 -61.0233 1.79
      vertex -59.9334 -59.9334 0
    endloop
  endfacet
  facet normal -0.470923 -0.596502 -0.649936
    outer loop
      vertex -61.0233 -61.0233 1.79
      vertex -59.9353 -59.9319 0
      vertex -59.9334 -59.9334 0
    endloop
  endfacet
  facet normal -0.462905 -0.603439 -0.649292
    outer loop
      vertex -59.9353 -59.9319 0
      vertex -61.0233 -61.0233 1.79
      vertex -61.3754 -60.7532 1.79
    endloop
  endfacet
  facet normal 0.754024 -0.0992227 -0.64931
    outer loop
      vertex -63.9254 -62.2254 1.79
      vertex -65.4665 -62.223 0
      vertex -63.8675 -61.7854 1.79
    endloop
  endfacet
  facet normal 0.75439 -0.0942987 -0.649618
    outer loop
      vertex -65.4665 -62.223 0
      vertex -63.9254 -62.2254 1.79
      vertex -65.4668 -62.2254 0
    endloop
  endfacet
  facet normal 0.462997 -0.603357 -0.649303
    outer loop
      vertex -63.8461 -59.4183 0
      vertex -63.0754 -60.7532 1.79
      vertex -64.5154 -59.9319 0
    endloop
  endfacet
  facet normal -0.27619 0.705819 -0.652333
    outer loop
      vertex -61.3865 -65.3563 0
      vertex -61.3754 -63.6976 1.79
      vertex -61.3842 -65.3554 0
    endloop
  endfacet
  facet normal -0.291158 0.702617 -0.649273
    outer loop
      vertex -61.3754 -63.6976 1.79
      vertex -61.3865 -65.3563 0
      vertex -61.7854 -63.8675 1.79
    endloop
  endfacet
  facet normal -0.603388 -0.462952 -0.649307
    outer loop
      vertex -59.9319 -59.9353 0
      vertex -59.4183 -60.6047 0
      vertex -60.7532 -61.3754 1.79
    endloop
  endfacet
  facet normal -0.702629 -0.291057 -0.649306
    outer loop
      vertex -59.4183 -60.6047 0
      vertex -59.0954 -61.3842 0
      vertex -60.7532 -61.3754 1.79
    endloop
  endfacet
  facet normal -0.75439 0.0942987 -0.649618
    outer loop
      vertex -58.9843 -62.2278 0
      vertex -60.5254 -62.2254 1.79
      vertex -58.984 -62.2254 0
    endloop
  endfacet
  facet normal -0.754024 0.0992227 -0.64931
    outer loop
      vertex -60.5254 -62.2254 1.79
      vertex -58.9843 -62.2278 0
      vertex -60.5833 -62.6654 1.79
    endloop
  endfacet
  facet normal -0.705819 0.27619 -0.652333
    outer loop
      vertex -60.7532 -63.0754 1.79
      vertex -59.0945 -63.0643 0
      vertex -59.0954 -63.0666 0
    endloop
  endfacet
  facet normal -0.702617 0.291158 -0.649273
    outer loop
      vertex -59.0945 -63.0643 0
      vertex -60.7532 -63.0754 1.79
      vertex -60.5833 -62.6654 1.79
    endloop
  endfacet
  facet normal 0.923822 -0.382823 0
    outer loop
      vertex 60.5833 -61.7854 3
      vertex 60.7532 -61.3754 1.79
      vertex 60.7532 -61.3754 3
    endloop
  endfacet
  facet normal 0.923822 -0.382823 0
    outer loop
      vertex 60.7532 -61.3754 1.79
      vertex 60.5833 -61.7854 3
      vertex 60.5833 -61.7854 1.79
    endloop
  endfacet
  facet normal -0.923822 0.382823 0
    outer loop
      vertex 63.6976 -63.0754 1.79
      vertex 63.8675 -62.6654 3
      vertex 63.8675 -62.6654 1.79
    endloop
  endfacet
  facet normal -0.923822 0.382823 0
    outer loop
      vertex 63.8675 -62.6654 3
      vertex 63.6976 -63.0754 1.79
      vertex 63.6976 -63.0754 3
    endloop
  endfacet
  facet normal -0.793436 0.608654 0
    outer loop
      vertex 63.4275 -63.4275 1.79
      vertex 63.6976 -63.0754 3
      vertex 63.6976 -63.0754 1.79
    endloop
  endfacet
  facet normal -0.793436 0.608654 0
    outer loop
      vertex 63.6976 -63.0754 3
      vertex 63.4275 -63.4275 1.79
      vertex 63.4275 -63.4275 3
    endloop
  endfacet
  facet normal -0.991453 0.130466 0
    outer loop
      vertex 63.8675 -62.6654 1.79
      vertex 63.9254 -62.2254 3
      vertex 63.9254 -62.2254 1.79
    endloop
  endfacet
  facet normal -0.991453 0.130466 0
    outer loop
      vertex 63.9254 -62.2254 3
      vertex 63.8675 -62.6654 1.79
      vertex 63.8675 -62.6654 3
    endloop
  endfacet
  facet normal -0.991453 -0.130466 0
    outer loop
      vertex 63.9254 -62.2254 1.79
      vertex 63.8675 -61.7854 3
      vertex 63.8675 -61.7854 1.79
    endloop
  endfacet
  facet normal -0.991453 -0.130466 0
    outer loop
      vertex 63.8675 -61.7854 3
      vertex 63.9254 -62.2254 1.79
      vertex 63.9254 -62.2254 3
    endloop
  endfacet
  facet normal -0.793436 -0.608654 0
    outer loop
      vertex 63.6976 -61.3754 1.79
      vertex 63.4275 -61.0233 3
      vertex 63.4275 -61.0233 1.79
    endloop
  endfacet
  facet normal -0.793436 -0.608654 0
    outer loop
      vertex 63.4275 -61.0233 3
      vertex 63.6976 -61.3754 1.79
      vertex 63.6976 -61.3754 3
    endloop
  endfacet
  facet normal 0.608654 -0.793436 0
    outer loop
      vertex 61.0233 -61.0233 1.79
      vertex 61.3754 -60.7532 3
      vertex 61.0233 -61.0233 3
    endloop
  endfacet
  facet normal 0.608654 -0.793436 0
    outer loop
      vertex 61.3754 -60.7532 3
      vertex 61.0233 -61.0233 1.79
      vertex 61.3754 -60.7532 1.79
    endloop
  endfacet
  facet normal 0.923822 0.382823 0
    outer loop
      vertex 60.7532 -63.0754 3
      vertex 60.5833 -62.6654 1.79
      vertex 60.5833 -62.6654 3
    endloop
  endfacet
  facet normal 0.923822 0.382823 0
    outer loop
      vertex 60.5833 -62.6654 1.79
      vertex 60.7532 -63.0754 3
      vertex 60.7532 -63.0754 1.79
    endloop
  endfacet
  facet normal 0.382823 0.923822 -0
    outer loop
      vertex 61.7854 -63.8675 1.79
      vertex 61.3754 -63.6976 3
      vertex 61.7854 -63.8675 3
    endloop
  endfacet
  facet normal 0.382823 0.923822 0
    outer loop
      vertex 61.3754 -63.6976 3
      vertex 61.7854 -63.8675 1.79
      vertex 61.3754 -63.6976 1.79
    endloop
  endfacet
  facet normal 0.130466 -0.991453 0
    outer loop
      vertex 61.7854 -60.5833 1.79
      vertex 62.2254 -60.5254 3
      vertex 61.7854 -60.5833 3
    endloop
  endfacet
  facet normal 0.130466 -0.991453 0
    outer loop
      vertex 62.2254 -60.5254 3
      vertex 61.7854 -60.5833 1.79
      vertex 62.2254 -60.5254 1.79
    endloop
  endfacet
  facet normal -0.130466 -0.991453 0
    outer loop
      vertex 62.2254 -60.5254 1.79
      vertex 62.6654 -60.5833 3
      vertex 62.2254 -60.5254 3
    endloop
  endfacet
  facet normal -0.130466 -0.991453 -0
    outer loop
      vertex 62.6654 -60.5833 3
      vertex 62.2254 -60.5254 1.79
      vertex 62.6654 -60.5833 1.79
    endloop
  endfacet
  facet normal -0.923822 -0.382823 0
    outer loop
      vertex 63.8675 -61.7854 1.79
      vertex 63.6976 -61.3754 3
      vertex 63.6976 -61.3754 1.79
    endloop
  endfacet
  facet normal -0.923822 -0.382823 0
    outer loop
      vertex 63.6976 -61.3754 3
      vertex 63.8675 -61.7854 1.79
      vertex 63.8675 -61.7854 3
    endloop
  endfacet
  facet normal -0.608654 0.793436 0
    outer loop
      vertex 63.4275 -63.4275 1.79
      vertex 63.0754 -63.6976 3
      vertex 63.4275 -63.4275 3
    endloop
  endfacet
  facet normal -0.608654 0.793436 0
    outer loop
      vertex 63.0754 -63.6976 3
      vertex 63.4275 -63.4275 1.79
      vertex 63.0754 -63.6976 1.79
    endloop
  endfacet
  facet normal -0.608654 -0.793436 0
    outer loop
      vertex 63.0754 -60.7532 1.79
      vertex 63.4275 -61.0233 3
      vertex 63.0754 -60.7532 3
    endloop
  endfacet
  facet normal -0.608654 -0.793436 -0
    outer loop
      vertex 63.4275 -61.0233 3
      vertex 63.0754 -60.7532 1.79
      vertex 63.4275 -61.0233 1.79
    endloop
  endfacet
  facet normal -0.382823 -0.923822 0
    outer loop
      vertex 62.6654 -60.5833 1.79
      vertex 63.0754 -60.7532 3
      vertex 62.6654 -60.5833 3
    endloop
  endfacet
  facet normal -0.382823 -0.923822 -0
    outer loop
      vertex 63.0754 -60.7532 3
      vertex 62.6654 -60.5833 1.79
      vertex 63.0754 -60.7532 1.79
    endloop
  endfacet
  facet normal -0.130466 0.991453 0
    outer loop
      vertex 62.6654 -63.8675 1.79
      vertex 62.2254 -63.9254 3
      vertex 62.6654 -63.8675 3
    endloop
  endfacet
  facet normal -0.130466 0.991453 0
    outer loop
      vertex 62.2254 -63.9254 3
      vertex 62.6654 -63.8675 1.79
      vertex 62.2254 -63.9254 1.79
    endloop
  endfacet
  facet normal 0.382823 -0.923822 0
    outer loop
      vertex 61.3754 -60.7532 1.79
      vertex 61.7854 -60.5833 3
      vertex 61.3754 -60.7532 3
    endloop
  endfacet
  facet normal 0.382823 -0.923822 0
    outer loop
      vertex 61.7854 -60.5833 3
      vertex 61.3754 -60.7532 1.79
      vertex 61.7854 -60.5833 1.79
    endloop
  endfacet
  facet normal 0.608654 0.793436 -0
    outer loop
      vertex 61.3754 -63.6976 1.79
      vertex 61.0233 -63.4275 3
      vertex 61.3754 -63.6976 3
    endloop
  endfacet
  facet normal 0.608654 0.793436 0
    outer loop
      vertex 61.0233 -63.4275 3
      vertex 61.3754 -63.6976 1.79
      vertex 61.0233 -63.4275 1.79
    endloop
  endfacet
  facet normal 0.991453 0.130466 0
    outer loop
      vertex 60.5833 -62.6654 3
      vertex 60.5254 -62.2254 1.79
      vertex 60.5254 -62.2254 3
    endloop
  endfacet
  facet normal 0.991453 0.130466 0
    outer loop
      vertex 60.5254 -62.2254 1.79
      vertex 60.5833 -62.6654 3
      vertex 60.5833 -62.6654 1.79
    endloop
  endfacet
  facet normal 0.793436 -0.608654 0
    outer loop
      vertex 60.7532 -61.3754 3
      vertex 61.0233 -61.0233 1.79
      vertex 61.0233 -61.0233 3
    endloop
  endfacet
  facet normal 0.793436 -0.608654 0
    outer loop
      vertex 61.0233 -61.0233 1.79
      vertex 60.7532 -61.3754 3
      vertex 60.7532 -61.3754 1.79
    endloop
  endfacet
  facet normal 0.130466 0.991453 -0
    outer loop
      vertex 62.2254 -63.9254 1.79
      vertex 61.7854 -63.8675 3
      vertex 62.2254 -63.9254 3
    endloop
  endfacet
  facet normal 0.130466 0.991453 0
    outer loop
      vertex 61.7854 -63.8675 3
      vertex 62.2254 -63.9254 1.79
      vertex 61.7854 -63.8675 1.79
    endloop
  endfacet
  facet normal 0.991453 -0.130466 0
    outer loop
      vertex 60.5254 -62.2254 3
      vertex 60.5833 -61.7854 1.79
      vertex 60.5833 -61.7854 3
    endloop
  endfacet
  facet normal 0.991453 -0.130466 0
    outer loop
      vertex 60.5833 -61.7854 1.79
      vertex 60.5254 -62.2254 3
      vertex 60.5254 -62.2254 1.79
    endloop
  endfacet
  facet normal -0.382823 0.923822 0
    outer loop
      vertex 63.0754 -63.6976 1.79
      vertex 62.6654 -63.8675 3
      vertex 63.0754 -63.6976 3
    endloop
  endfacet
  facet normal -0.382823 0.923822 0
    outer loop
      vertex 62.6654 -63.8675 3
      vertex 63.0754 -63.6976 1.79
      vertex 62.6654 -63.8675 1.79
    endloop
  endfacet
  facet normal 0.793436 0.608654 0
    outer loop
      vertex 61.0233 -63.4275 3
      vertex 60.7532 -63.0754 1.79
      vertex 60.7532 -63.0754 3
    endloop
  endfacet
  facet normal 0.793436 0.608654 0
    outer loop
      vertex 60.7532 -63.0754 1.79
      vertex 61.0233 -63.4275 3
      vertex 61.0233 -63.4275 1.79
    endloop
  endfacet
  facet normal 0.705819 -0.27619 -0.652333
    outer loop
      vertex 60.7532 -61.3754 1.79
      vertex 59.0945 -61.3865 0
      vertex 59.0954 -61.3842 0
    endloop
  endfacet
  facet normal 0.702617 -0.291158 -0.649273
    outer loop
      vertex 59.0945 -61.3865 0
      vertex 60.7532 -61.3754 1.79
      vertex 60.5833 -61.7854 1.79
    endloop
  endfacet
  facet normal -0.608819 0.456614 -0.648724
    outer loop
      vertex 63.4275 -63.4275 1.79
      vertex 64.5189 -64.5154 0
      vertex 64.5174 -64.5174 0
    endloop
  endfacet
  facet normal -0.603449 0.462913 -0.649278
    outer loop
      vertex 64.5189 -64.5154 0
      vertex 63.4275 -63.4275 1.79
      vertex 63.6976 -63.0754 1.79
    endloop
  endfacet
  facet normal -0.603357 0.462997 -0.649303
    outer loop
      vertex 65.0325 -63.8461 0
      vertex 64.5189 -64.5154 0
      vertex 63.6976 -63.0754 1.79
    endloop
  endfacet
  facet normal -0.603388 -0.462952 -0.649307
    outer loop
      vertex 64.5189 -59.9353 0
      vertex 65.0325 -60.6047 0
      vertex 63.6976 -61.3754 1.79
    endloop
  endfacet
  facet normal -0.456614 -0.608819 -0.648724
    outer loop
      vertex 63.4275 -61.0233 1.79
      vertex 64.5154 -59.9319 0
      vertex 64.5174 -59.9334 0
    endloop
  endfacet
  facet normal -0.462913 -0.603449 -0.649278
    outer loop
      vertex 64.5154 -59.9319 0
      vertex 63.4275 -61.0233 1.79
      vertex 63.0754 -60.7532 1.79
    endloop
  endfacet
  facet normal -0.291057 -0.702629 -0.649306
    outer loop
      vertex 63.8461 -59.4183 0
      vertex 63.0754 -60.7532 1.79
      vertex 63.0666 -59.0954 0
    endloop
  endfacet
  facet normal -0.27619 0.705819 -0.652333
    outer loop
      vertex 63.0643 -65.3563 0
      vertex 63.0754 -63.6976 1.79
      vertex 63.0666 -65.3554 0
    endloop
  endfacet
  facet normal -0.291158 0.702617 -0.649273
    outer loop
      vertex 63.0754 -63.6976 1.79
      vertex 63.0643 -65.3563 0
      vertex 62.6654 -63.8675 1.79
    endloop
  endfacet
  facet normal 0.27619 -0.705819 -0.652333
    outer loop
      vertex 61.3865 -59.0945 0
      vertex 61.3754 -60.7532 1.79
      vertex 61.3842 -59.0954 0
    endloop
  endfacet
  facet normal 0.291158 -0.702617 -0.649273
    outer loop
      vertex 61.3754 -60.7532 1.79
      vertex 61.3865 -59.0945 0
      vertex 61.7854 -60.5833 1.79
    endloop
  endfacet
  facet normal -0.0992227 0.754024 -0.64931
    outer loop
      vertex 62.2278 -65.4665 0
      vertex 62.2254 -63.9254 1.79
      vertex 62.6654 -63.8675 1.79
    endloop
  endfacet
  facet normal -0.0942987 0.75439 -0.649618
    outer loop
      vertex 62.2254 -63.9254 1.79
      vertex 62.2278 -65.4665 0
      vertex 62.2254 -65.4668 0
    endloop
  endfacet
  facet normal -0.75439 -0.0942987 -0.649618
    outer loop
      vertex 63.9254 -62.2254 1.79
      vertex 65.4665 -62.223 0
      vertex 65.4668 -62.2254 0
    endloop
  endfacet
  facet normal -0.754024 -0.0992227 -0.64931
    outer loop
      vertex 65.4665 -62.223 0
      vertex 63.9254 -62.2254 1.79
      vertex 63.8675 -61.7854 1.79
    endloop
  endfacet
  facet normal -0.754029 -0.0993353 -0.649287
    outer loop
      vertex 65.3563 -61.3865 0
      vertex 65.4665 -62.223 0
      vertex 63.8675 -61.7854 1.79
    endloop
  endfacet
  facet normal -0.291057 0.702629 -0.649306
    outer loop
      vertex 63.0754 -63.6976 1.79
      vertex 63.8461 -65.0325 0
      vertex 63.0666 -65.3554 0
    endloop
  endfacet
  facet normal 0.291057 0.702629 -0.649306
    outer loop
      vertex 61.3754 -63.6976 1.79
      vertex 61.3842 -65.3554 0
      vertex 60.6047 -65.0325 0
    endloop
  endfacet
  facet normal -0.705819 0.27619 -0.652333
    outer loop
      vertex 63.6976 -63.0754 1.79
      vertex 65.3563 -63.0643 0
      vertex 65.3554 -63.0666 0
    endloop
  endfacet
  facet normal -0.702617 0.291158 -0.649273
    outer loop
      vertex 65.3563 -63.0643 0
      vertex 63.6976 -63.0754 1.79
      vertex 63.8675 -62.6654 1.79
    endloop
  endfacet
  facet normal -0.702629 0.291057 -0.649306
    outer loop
      vertex 65.3554 -63.0666 0
      vertex 65.0325 -63.8461 0
      vertex 63.6976 -63.0754 1.79
    endloop
  endfacet
  facet normal 0.0993353 0.754029 -0.649287
    outer loop
      vertex 61.7854 -63.8675 1.79
      vertex 62.223 -65.4665 0
      vertex 61.3865 -65.3563 0
    endloop
  endfacet
  facet normal -0.603439 -0.462905 -0.649292
    outer loop
      vertex 63.4275 -61.0233 1.79
      vertex 64.5189 -59.9353 0
      vertex 63.6976 -61.3754 1.79
    endloop
  endfacet
  facet normal -0.596502 -0.470923 -0.649936
    outer loop
      vertex 64.5189 -59.9353 0
      vertex 63.4275 -61.0233 1.79
      vertex 64.5174 -59.9334 0
    endloop
  endfacet
  facet normal 0.0992227 -0.754024 -0.64931
    outer loop
      vertex 62.223 -58.9843 0
      vertex 62.2254 -60.5254 1.79
      vertex 61.7854 -60.5833 1.79
    endloop
  endfacet
  facet normal 0.0942987 -0.75439 -0.649618
    outer loop
      vertex 62.2254 -60.5254 1.79
      vertex 62.223 -58.9843 0
      vertex 62.2254 -58.984 0
    endloop
  endfacet
  facet normal 0.702629 -0.291057 -0.649306
    outer loop
      vertex 59.4183 -60.6047 0
      vertex 60.7532 -61.3754 1.79
      vertex 59.0954 -61.3842 0
    endloop
  endfacet
  facet normal 0.754029 0.0993353 -0.649287
    outer loop
      vertex 60.5833 -62.6654 1.79
      vertex 59.0945 -63.0643 0
      vertex 58.9843 -62.2278 0
    endloop
  endfacet
  facet normal 0.754029 -0.0993353 -0.649287
    outer loop
      vertex 59.0945 -61.3865 0
      vertex 60.5833 -61.7854 1.79
      vertex 58.9843 -62.223 0
    endloop
  endfacet
  facet normal -0.702629 -0.291057 -0.649306
    outer loop
      vertex 65.0325 -60.6047 0
      vertex 65.3554 -61.3842 0
      vertex 63.6976 -61.3754 1.79
    endloop
  endfacet
  facet normal 0.603388 -0.462952 -0.649307
    outer loop
      vertex 59.9319 -59.9353 0
      vertex 60.7532 -61.3754 1.79
      vertex 59.4183 -60.6047 0
    endloop
  endfacet
  facet normal -0.0993353 0.754029 -0.649287
    outer loop
      vertex 62.6654 -63.8675 1.79
      vertex 63.0643 -65.3563 0
      vertex 62.2278 -65.4665 0
    endloop
  endfacet
  facet normal -0.75439 0.0942987 -0.649618
    outer loop
      vertex 65.4665 -62.2278 0
      vertex 63.9254 -62.2254 1.79
      vertex 65.4668 -62.2254 0
    endloop
  endfacet
  facet normal -0.754024 0.0992227 -0.64931
    outer loop
      vertex 63.9254 -62.2254 1.79
      vertex 65.4665 -62.2278 0
      vertex 63.8675 -62.6654 1.79
    endloop
  endfacet
  facet normal 0.291158 0.702617 -0.649273
    outer loop
      vertex 61.3865 -65.3563 0
      vertex 61.3754 -63.6976 1.79
      vertex 61.7854 -63.8675 1.79
    endloop
  endfacet
  facet normal 0.27619 0.705819 -0.652333
    outer loop
      vertex 61.3754 -63.6976 1.79
      vertex 61.3865 -65.3563 0
      vertex 61.3842 -65.3554 0
    endloop
  endfacet
  facet normal -0.0993353 -0.754029 -0.649287
    outer loop
      vertex 63.0643 -59.0945 0
      vertex 62.6654 -60.5833 1.79
      vertex 62.2278 -58.9843 0
    endloop
  endfacet
  facet normal 0.75439 0.0942987 -0.649618
    outer loop
      vertex 60.5254 -62.2254 1.79
      vertex 58.9843 -62.2278 0
      vertex 58.984 -62.2254 0
    endloop
  endfacet
  facet normal 0.754024 0.0992227 -0.64931
    outer loop
      vertex 58.9843 -62.2278 0
      vertex 60.5254 -62.2254 1.79
      vertex 60.5833 -62.6654 1.79
    endloop
  endfacet
  facet normal -0.462997 -0.603357 -0.649303
    outer loop
      vertex 63.8461 -59.4183 0
      vertex 64.5154 -59.9319 0
      vertex 63.0754 -60.7532 1.79
    endloop
  endfacet
  facet normal 0.702629 0.291057 -0.649306
    outer loop
      vertex 60.7532 -63.0754 1.79
      vertex 59.4183 -63.8461 0
      vertex 59.0954 -63.0666 0
    endloop
  endfacet
  facet normal 0.462905 0.603439 -0.649292
    outer loop
      vertex 59.9353 -64.5189 0
      vertex 61.0233 -63.4275 1.79
      vertex 61.3754 -63.6976 1.79
    endloop
  endfacet
  facet normal 0.470923 0.596502 -0.649936
    outer loop
      vertex 61.0233 -63.4275 1.79
      vertex 59.9353 -64.5189 0
      vertex 59.9334 -64.5174 0
    endloop
  endfacet
  facet normal 0.462952 0.603388 -0.649307
    outer loop
      vertex 61.3754 -63.6976 1.79
      vertex 60.6047 -65.0325 0
      vertex 59.9353 -64.5189 0
    endloop
  endfacet
  facet normal 0.702617 0.291158 -0.649273
    outer loop
      vertex 60.7532 -63.0754 1.79
      vertex 59.0945 -63.0643 0
      vertex 60.5833 -62.6654 1.79
    endloop
  endfacet
  facet normal 0.705819 0.27619 -0.652333
    outer loop
      vertex 59.0945 -63.0643 0
      vertex 60.7532 -63.0754 1.79
      vertex 59.0954 -63.0666 0
    endloop
  endfacet
  facet normal 0.754024 -0.0992227 -0.64931
    outer loop
      vertex 60.5254 -62.2254 1.79
      vertex 58.9843 -62.223 0
      vertex 60.5833 -61.7854 1.79
    endloop
  endfacet
  facet normal 0.75439 -0.0942987 -0.649618
    outer loop
      vertex 58.9843 -62.223 0
      vertex 60.5254 -62.2254 1.79
      vertex 58.984 -62.2254 0
    endloop
  endfacet
  facet normal 0.0993353 -0.754029 -0.649287
    outer loop
      vertex 62.223 -58.9843 0
      vertex 61.7854 -60.5833 1.79
      vertex 61.3865 -59.0945 0
    endloop
  endfacet
  facet normal 0.608819 0.456614 -0.648724
    outer loop
      vertex 59.9319 -64.5154 0
      vertex 61.0233 -63.4275 1.79
      vertex 59.9334 -64.5174 0
    endloop
  endfacet
  facet normal 0.603449 0.462913 -0.649278
    outer loop
      vertex 61.0233 -63.4275 1.79
      vertex 59.9319 -64.5154 0
      vertex 60.7532 -63.0754 1.79
    endloop
  endfacet
  facet normal -0.754029 0.0993353 -0.649287
    outer loop
      vertex 65.4665 -62.2278 0
      vertex 65.3563 -63.0643 0
      vertex 63.8675 -62.6654 1.79
    endloop
  endfacet
  facet normal -0.462997 0.603357 -0.649303
    outer loop
      vertex 64.5154 -64.5189 0
      vertex 63.8461 -65.0325 0
      vertex 63.0754 -63.6976 1.79
    endloop
  endfacet
  facet normal -0.456614 0.608819 -0.648724
    outer loop
      vertex 64.5154 -64.5189 0
      vertex 63.4275 -63.4275 1.79
      vertex 64.5174 -64.5174 0
    endloop
  endfacet
  facet normal -0.462913 0.603449 -0.649278
    outer loop
      vertex 63.4275 -63.4275 1.79
      vertex 64.5154 -64.5189 0
      vertex 63.0754 -63.6976 1.79
    endloop
  endfacet
  facet normal 0.462905 -0.603439 -0.649292
    outer loop
      vertex 61.0233 -61.0233 1.79
      vertex 59.9353 -59.9319 0
      vertex 61.3754 -60.7532 1.79
    endloop
  endfacet
  facet normal 0.470923 -0.596502 -0.649936
    outer loop
      vertex 59.9353 -59.9319 0
      vertex 61.0233 -61.0233 1.79
      vertex 59.9334 -59.9334 0
    endloop
  endfacet
  facet normal 0.603439 -0.462905 -0.649292
    outer loop
      vertex 59.9319 -59.9353 0
      vertex 61.0233 -61.0233 1.79
      vertex 60.7532 -61.3754 1.79
    endloop
  endfacet
  facet normal 0.596502 -0.470923 -0.649936
    outer loop
      vertex 61.0233 -61.0233 1.79
      vertex 59.9319 -59.9353 0
      vertex 59.9334 -59.9334 0
    endloop
  endfacet
  facet normal 0.0942987 0.75439 -0.649618
    outer loop
      vertex 62.223 -65.4665 0
      vertex 62.2254 -63.9254 1.79
      vertex 62.2254 -65.4668 0
    endloop
  endfacet
  facet normal 0.0992227 0.754024 -0.64931
    outer loop
      vertex 62.2254 -63.9254 1.79
      vertex 62.223 -65.4665 0
      vertex 61.7854 -63.8675 1.79
    endloop
  endfacet
  facet normal 0.603357 0.462997 -0.649303
    outer loop
      vertex 60.7532 -63.0754 1.79
      vertex 59.9319 -64.5154 0
      vertex 59.4183 -63.8461 0
    endloop
  endfacet
  facet normal -0.705819 -0.27619 -0.652333
    outer loop
      vertex 65.3563 -61.3865 0
      vertex 63.6976 -61.3754 1.79
      vertex 65.3554 -61.3842 0
    endloop
  endfacet
  facet normal -0.702617 -0.291158 -0.649273
    outer loop
      vertex 63.6976 -61.3754 1.79
      vertex 65.3563 -61.3865 0
      vertex 63.8675 -61.7854 1.79
    endloop
  endfacet
  facet normal 0.462952 -0.603388 -0.649307
    outer loop
      vertex 60.6047 -59.4183 0
      vertex 61.3754 -60.7532 1.79
      vertex 59.9353 -59.9319 0
    endloop
  endfacet
  facet normal 0.291057 -0.702629 -0.649306
    outer loop
      vertex 61.3842 -59.0954 0
      vertex 61.3754 -60.7532 1.79
      vertex 60.6047 -59.4183 0
    endloop
  endfacet
  facet normal -0.0942987 -0.75439 -0.649618
    outer loop
      vertex 62.2278 -58.9843 0
      vertex 62.2254 -60.5254 1.79
      vertex 62.2254 -58.984 0
    endloop
  endfacet
  facet normal -0.0992227 -0.754024 -0.64931
    outer loop
      vertex 62.2254 -60.5254 1.79
      vertex 62.2278 -58.9843 0
      vertex 62.6654 -60.5833 1.79
    endloop
  endfacet
  facet normal -0.291158 -0.702617 -0.649273
    outer loop
      vertex 63.0643 -59.0945 0
      vertex 63.0754 -60.7532 1.79
      vertex 62.6654 -60.5833 1.79
    endloop
  endfacet
  facet normal -0.27619 -0.705819 -0.652333
    outer loop
      vertex 63.0754 -60.7532 1.79
      vertex 63.0643 -59.0945 0
      vertex 63.0666 -59.0954 0
    endloop
  endfacet
  facet normal 0.995182 0.0980465 0
    outer loop
      vertex 81.8035 -0.815788 0.799999
      vertex 81.7634 -0.408769 0
      vertex 81.7634 -0.408769 0.799999
    endloop
  endfacet
  facet normal 0.995182 0.0980465 0
    outer loop
      vertex 81.7634 -0.408769 0
      vertex 81.8035 -0.815788 0.799999
      vertex 81.8035 -0.815788 0
    endloop
  endfacet
  facet normal -0.412753 -0.910843 0
    outer loop
      vertex 90.3918 5.77425 0
      vertex 90.7643 5.60545 0.799999
      vertex 90.3918 5.77425 0.799999
    endloop
  endfacet
  facet normal -0.412753 -0.910843 -0
    outer loop
      vertex 90.7643 5.60545 0.799999
      vertex 90.3918 5.77425 0
      vertex 90.7643 5.60545 0
    endloop
  endfacet
  facet normal -0.1629 0.986643 0
    outer loop
      vertex 89.2193 -6.12991 0
      vertex 88.8158 -6.19653 0.799999
      vertex 89.2193 -6.12991 0.799999
    endloop
  endfacet
  facet normal -0.1629 0.986643 0
    outer loop
      vertex 88.8158 -6.19653 0.799999
      vertex 89.2193 -6.12991 0
      vertex 88.8158 -6.19653 0
    endloop
  endfacet
  facet normal -0.729846 0.683612 0
    outer loop
      vertex 92.4194 -4.41942 0
      vertex 92.699 -4.12091 0.799999
      vertex 92.699 -4.12091 0
    endloop
  endfacet
  facet normal -0.729846 0.683612 0
    outer loop
      vertex 92.699 -4.12091 0.799999
      vertex 92.4194 -4.41942 0
      vertex 92.4194 -4.41942 0.799999
    endloop
  endfacet
  facet normal -0.471381 0.88193 0
    outer loop
      vertex 91.125 -5.41266 0
      vertex 90.7643 -5.60545 0.799999
      vertex 91.125 -5.41266 0.799999
    endloop
  endfacet
  facet normal -0.471381 0.88193 0
    outer loop
      vertex 90.7643 -5.60545 0.799999
      vertex 91.125 -5.41266 0
      vertex 90.7643 -5.60545 0
    endloop
  endfacet
  facet normal -0.973862 0.227139 0
    outer loop
      vertex 94.037 -1.61762 0
      vertex 94.1299 -1.21931 0.799999
      vertex 94.1299 -1.21931 0
    endloop
  endfacet
  facet normal -0.973862 0.227139 0
    outer loop
      vertex 94.1299 -1.21931 0.799999
      vertex 94.037 -1.61762 0
      vertex 94.037 -1.61762 0.799999
    endloop
  endfacet
  facet normal 0.683598 0.729859 -0
    outer loop
      vertex 83.8791 -4.699 0
      vertex 83.5806 -4.41942 0.799999
      vertex 83.8791 -4.699 0.799999
    endloop
  endfacet
  facet normal 0.683598 0.729859 0
    outer loop
      vertex 83.5806 -4.41942 0.799999
      vertex 83.8791 -4.699 0
      vertex 83.5806 -4.41942 0
    endloop
  endfacet
  facet normal 0.956957 -0.290231 0
    outer loop
      vertex 81.963 1.61762 0.799999
      vertex 82.0817 2.009 0
      vertex 82.0817 2.009 0.799999
    endloop
  endfacet
  facet normal 0.956957 -0.290231 0
    outer loop
      vertex 82.0817 2.009 0
      vertex 81.963 1.61762 0.799999
      vertex 81.963 1.61762 0
    endloop
  endfacet
  facet normal -0.227075 -0.973877 0
    outer loop
      vertex 89.2193 6.12991 0
      vertex 89.6176 6.03704 0.799999
      vertex 89.2193 6.12991 0.799999
    endloop
  endfacet
  facet normal -0.227075 -0.973877 -0
    outer loop
      vertex 89.6176 6.03704 0.799999
      vertex 89.2193 6.12991 0
      vertex 89.6176 6.03704 0
    endloop
  endfacet
  facet normal -0.582403 0.8129 0
    outer loop
      vertex 91.8048 -4.95846 0
      vertex 91.4723 -5.19668 0.799999
      vertex 91.8048 -4.95846 0.799999
    endloop
  endfacet
  facet normal -0.582403 0.8129 0
    outer loop
      vertex 91.4723 -5.19668 0.799999
      vertex 91.8048 -4.95846 0
      vertex 91.4723 -5.19668 0
    endloop
  endfacet
  facet normal 0.683598 -0.729859 0
    outer loop
      vertex 83.5806 4.41942 0
      vertex 83.8791 4.699 0.799999
      vertex 83.5806 4.41942 0.799999
    endloop
  endfacet
  facet normal 0.683598 -0.729859 0
    outer loop
      vertex 83.8791 4.699 0.799999
      vertex 83.5806 4.41942 0
      vertex 83.8791 4.699 0
    endloop
  endfacet
  facet normal -0.582403 -0.8129 0
    outer loop
      vertex 91.4723 5.19668 0
      vertex 91.8048 4.95846 0.799999
      vertex 91.4723 5.19668 0.799999
    endloop
  endfacet
  facet normal -0.582403 -0.8129 -0
    outer loop
      vertex 91.8048 4.95846 0.799999
      vertex 91.4723 5.19668 0
      vertex 91.8048 4.95846 0
    endloop
  endfacet
  facet normal 0.849171 -0.528119 0
    outer loop
      vertex 82.5873 3.125 0.799999
      vertex 82.8033 3.47231 0
      vertex 82.8033 3.47231 0.799999
    endloop
  endfacet
  facet normal 0.849171 -0.528119 0
    outer loop
      vertex 82.8033 3.47231 0
      vertex 82.5873 3.125 0.799999
      vertex 82.5873 3.125 0
    endloop
  endfacet
  facet normal 0.729846 -0.683612 0
    outer loop
      vertex 83.301 4.12091 0.799999
      vertex 83.5806 4.41942 0
      vertex 83.5806 4.41942 0.799999
    endloop
  endfacet
  facet normal 0.729846 -0.683612 0
    outer loop
      vertex 83.5806 4.41942 0
      vertex 83.301 4.12091 0.799999
      vertex 83.301 4.12091 0
    endloop
  endfacet
  facet normal 0.290285 -0.95694 0
    outer loop
      vertex 85.991 5.91831 0
      vertex 86.3824 6.03704 0.799999
      vertex 85.991 5.91831 0.799999
    endloop
  endfacet
  facet normal 0.290285 -0.95694 0
    outer loop
      vertex 86.3824 6.03704 0.799999
      vertex 85.991 5.91831 0
      vertex 86.3824 6.03704 0
    endloop
  endfacet
  facet normal 0.634457 -0.772958 0
    outer loop
      vertex 83.8791 4.699 0
      vertex 84.1952 4.95846 0.799999
      vertex 83.8791 4.699 0.799999
    endloop
  endfacet
  facet normal 0.634457 -0.772958 0
    outer loop
      vertex 84.1952 4.95846 0.799999
      vertex 83.8791 4.699 0
      vertex 84.1952 4.95846 0
    endloop
  endfacet
  facet normal 0.0327124 -0.999465 0
    outer loop
      vertex 87.5912 6.23662 0
      vertex 88 6.25 0.799999
      vertex 87.5912 6.23662 0.799999
    endloop
  endfacet
  facet normal 0.0327124 -0.999465 0
    outer loop
      vertex 88 6.25 0.799999
      vertex 87.5912 6.23662 0
      vertex 88 6.25 0
    endloop
  endfacet
  facet normal -0.995182 -0.0980465 0
    outer loop
      vertex 94.2366 0.408769 0
      vertex 94.1965 0.815788 0.799999
      vertex 94.1965 0.815788 0
    endloop
  endfacet
  facet normal -0.995182 -0.0980465 0
    outer loop
      vertex 94.1965 0.815788 0.799999
      vertex 94.2366 0.408769 0
      vertex 94.2366 0.408769 0.799999
    endloop
  endfacet
  facet normal -0.412753 0.910843 0
    outer loop
      vertex 90.7643 -5.60545 0
      vertex 90.3918 -5.77425 0.799999
      vertex 90.7643 -5.60545 0.799999
    endloop
  endfacet
  facet normal -0.412753 0.910843 0
    outer loop
      vertex 90.3918 -5.77425 0.799999
      vertex 90.7643 -5.60545 0
      vertex 90.3918 -5.77425 0
    endloop
  endfacet
  facet normal -0.77296 0.634455 0
    outer loop
      vertex 92.699 -4.12091 0
      vertex 92.9585 -3.80476 0.799999
      vertex 92.9585 -3.80476 0
    endloop
  endfacet
  facet normal -0.77296 0.634455 0
    outer loop
      vertex 92.9585 -3.80476 0.799999
      vertex 92.699 -4.12091 0
      vertex 92.699 -4.12091 0.799999
    endloop
  endfacet
  facet normal -0.999463 -0.0327638 0
    outer loop
      vertex 94.25 0 0
      vertex 94.2366 0.408769 0.799999
      vertex 94.2366 0.408769 0
    endloop
  endfacet
  facet normal -0.999463 -0.0327638 0
    outer loop
      vertex 94.2366 0.408769 0.799999
      vertex 94.25 0 0
      vertex 94.25 0 0.799999
    endloop
  endfacet
  facet normal -0.227075 0.973877 0
    outer loop
      vertex 89.6176 -6.03704 0
      vertex 89.2193 -6.12991 0.799999
      vertex 89.6176 -6.03704 0.799999
    endloop
  endfacet
  facet normal -0.227075 0.973877 0
    outer loop
      vertex 89.2193 -6.12991 0.799999
      vertex 89.6176 -6.03704 0
      vertex 89.2193 -6.12991 0
    endloop
  endfacet
  facet normal 0.0980268 -0.995184 0
    outer loop
      vertex 87.1842 6.19653 0
      vertex 87.5912 6.23662 0.799999
      vertex 87.1842 6.19653 0.799999
    endloop
  endfacet
  facet normal 0.0980268 -0.995184 0
    outer loop
      vertex 87.5912 6.23662 0.799999
      vertex 87.1842 6.19653 0
      vertex 87.5912 6.23662 0
    endloop
  endfacet
  facet normal 0.290285 0.95694 -0
    outer loop
      vertex 86.3824 -6.03704 0
      vertex 85.991 -5.91831 0.799999
      vertex 86.3824 -6.03704 0.799999
    endloop
  endfacet
  facet normal 0.290285 0.95694 0
    outer loop
      vertex 85.991 -5.91831 0.799999
      vertex 86.3824 -6.03704 0
      vertex 85.991 -5.91831 0
    endloop
  endfacet
  facet normal -0.973862 -0.227139 0
    outer loop
      vertex 94.1299 1.21931 0
      vertex 94.037 1.61762 0.799999
      vertex 94.037 1.61762 0
    endloop
  endfacet
  facet normal -0.973862 -0.227139 0
    outer loop
      vertex 94.037 1.61762 0.799999
      vertex 94.1299 1.21931 0
      vertex 94.1299 1.21931 0.799999
    endloop
  endfacet
  facet normal 0.935877 -0.352326 0
    outer loop
      vertex 82.0817 2.009 0.799999
      vertex 82.2258 2.39177 0
      vertex 82.2258 2.39177 0.799999
    endloop
  endfacet
  facet normal 0.935877 -0.352326 0
    outer loop
      vertex 82.2258 2.39177 0
      vertex 82.0817 2.009 0.799999
      vertex 82.0817 2.009 0
    endloop
  endfacet
  facet normal -0.956957 -0.290231 0
    outer loop
      vertex 94.037 1.61762 0
      vertex 93.9183 2.009 0.799999
      vertex 93.9183 2.009 0
    endloop
  endfacet
  facet normal -0.956957 -0.290231 0
    outer loop
      vertex 93.9183 2.009 0.799999
      vertex 94.037 1.61762 0
      vertex 94.037 1.61762 0.799999
    endloop
  endfacet
  facet normal -0.0980268 0.995184 0
    outer loop
      vertex 88.8158 -6.19653 0
      vertex 88.4088 -6.23662 0.799999
      vertex 88.8158 -6.19653 0.799999
    endloop
  endfacet
  facet normal -0.0980268 0.995184 0
    outer loop
      vertex 88.4088 -6.23662 0.799999
      vertex 88.8158 -6.19653 0
      vertex 88.4088 -6.23662 0
    endloop
  endfacet
  facet normal -0.910948 -0.412522 0
    outer loop
      vertex 93.7742 2.39177 0
      vertex 93.6055 2.7643 0.799999
      vertex 93.6055 2.7643 0
    endloop
  endfacet
  facet normal -0.910948 -0.412522 0
    outer loop
      vertex 93.6055 2.7643 0.799999
      vertex 93.7742 2.39177 0
      vertex 93.7742 2.39177 0.799999
    endloop
  endfacet
  facet normal -0.528094 0.849186 0
    outer loop
      vertex 91.4723 -5.19668 0
      vertex 91.125 -5.41266 0.799999
      vertex 91.4723 -5.19668 0.799999
    endloop
  endfacet
  facet normal -0.528094 0.849186 0
    outer loop
      vertex 91.125 -5.41266 0.799999
      vertex 91.4723 -5.19668 0
      vertex 91.125 -5.41266 0
    endloop
  endfacet
  facet normal 0.956957 0.290231 0
    outer loop
      vertex 82.0817 -2.009 0.799999
      vertex 81.963 -1.61762 0
      vertex 81.963 -1.61762 0.799999
    endloop
  endfacet
  facet normal 0.956957 0.290231 0
    outer loop
      vertex 81.963 -1.61762 0
      vertex 82.0817 -2.009 0.799999
      vertex 82.0817 -2.009 0
    endloop
  endfacet
  facet normal -0.849171 -0.528119 0
    outer loop
      vertex 93.4127 3.125 0
      vertex 93.1967 3.47231 0.799999
      vertex 93.1967 3.47231 0
    endloop
  endfacet
  facet normal -0.849171 -0.528119 0
    outer loop
      vertex 93.1967 3.47231 0.799999
      vertex 93.4127 3.125 0
      vertex 93.4127 3.125 0.799999
    endloop
  endfacet
  facet normal 0.1629 -0.986643 0
    outer loop
      vertex 86.7807 6.12991 0
      vertex 87.1842 6.19653 0.799999
      vertex 86.7807 6.12991 0.799999
    endloop
  endfacet
  facet normal 0.1629 -0.986643 0
    outer loop
      vertex 87.1842 6.19653 0.799999
      vertex 86.7807 6.12991 0
      vertex 87.1842 6.19653 0
    endloop
  endfacet
  facet normal -0.881919 -0.4714 0
    outer loop
      vertex 93.6055 2.7643 0
      vertex 93.4127 3.125 0.799999
      vertex 93.4127 3.125 0
    endloop
  endfacet
  facet normal -0.881919 -0.4714 0
    outer loop
      vertex 93.4127 3.125 0.799999
      vertex 93.6055 2.7643 0
      vertex 93.6055 2.7643 0.799999
    endloop
  endfacet
  facet normal 0.412753 0.910843 -0
    outer loop
      vertex 85.6082 -5.77425 0
      vertex 85.2357 -5.60545 0.799999
      vertex 85.6082 -5.77425 0.799999
    endloop
  endfacet
  facet normal 0.412753 0.910843 0
    outer loop
      vertex 85.2357 -5.60545 0.799999
      vertex 85.6082 -5.77425 0
      vertex 85.2357 -5.60545 0
    endloop
  endfacet
  facet normal 0.352216 -0.935919 0
    outer loop
      vertex 85.6082 5.77425 0
      vertex 85.991 5.91831 0.799999
      vertex 85.6082 5.77425 0.799999
    endloop
  endfacet
  facet normal 0.352216 -0.935919 0
    outer loop
      vertex 85.991 5.91831 0.799999
      vertex 85.6082 5.77425 0
      vertex 85.991 5.91831 0
    endloop
  endfacet
  facet normal -0.986652 0.162844 0
    outer loop
      vertex 94.1299 -1.21931 0
      vertex 94.1965 -0.815788 0.799999
      vertex 94.1965 -0.815788 0
    endloop
  endfacet
  facet normal -0.986652 0.162844 0
    outer loop
      vertex 94.1965 -0.815788 0.799999
      vertex 94.1299 -1.21931 0
      vertex 94.1299 -1.21931 0.799999
    endloop
  endfacet
  facet normal -0.881919 0.4714 0
    outer loop
      vertex 93.4127 -3.125 0
      vertex 93.6055 -2.7643 0.799999
      vertex 93.6055 -2.7643 0
    endloop
  endfacet
  facet normal -0.881919 0.4714 0
    outer loop
      vertex 93.6055 -2.7643 0.799999
      vertex 93.4127 -3.125 0
      vertex 93.4127 -3.125 0.799999
    endloop
  endfacet
  facet normal -0.995182 0.0980465 0
    outer loop
      vertex 94.1965 -0.815788 0
      vertex 94.2366 -0.408769 0.799999
      vertex 94.2366 -0.408769 0
    endloop
  endfacet
  facet normal -0.995182 0.0980465 0
    outer loop
      vertex 94.2366 -0.408769 0.799999
      vertex 94.1965 -0.815788 0
      vertex 94.1965 -0.815788 0.799999
    endloop
  endfacet
  facet normal -0.290285 0.95694 0
    outer loop
      vertex 90.009 -5.91831 0
      vertex 89.6176 -6.03704 0.799999
      vertex 90.009 -5.91831 0.799999
    endloop
  endfacet
  facet normal -0.290285 0.95694 0
    outer loop
      vertex 89.6176 -6.03704 0.799999
      vertex 90.009 -5.91831 0
      vertex 89.6176 -6.03704 0
    endloop
  endfacet
  facet normal 0.995182 -0.0980465 0
    outer loop
      vertex 81.7634 0.408769 0.799999
      vertex 81.8035 0.815788 0
      vertex 81.8035 0.815788 0.799999
    endloop
  endfacet
  facet normal 0.995182 -0.0980465 0
    outer loop
      vertex 81.8035 0.815788 0
      vertex 81.7634 0.408769 0.799999
      vertex 81.7634 0.408769 0
    endloop
  endfacet
  facet normal -0.910948 0.412522 0
    outer loop
      vertex 93.6055 -2.7643 0
      vertex 93.7742 -2.39177 0.799999
      vertex 93.7742 -2.39177 0
    endloop
  endfacet
  facet normal -0.910948 0.412522 0
    outer loop
      vertex 93.7742 -2.39177 0.799999
      vertex 93.6055 -2.7643 0
      vertex 93.6055 -2.7643 0.799999
    endloop
  endfacet
  facet normal 0.471381 0.88193 -0
    outer loop
      vertex 85.2357 -5.60545 0
      vertex 84.875 -5.41266 0.799999
      vertex 85.2357 -5.60545 0.799999
    endloop
  endfacet
  facet normal 0.471381 0.88193 0
    outer loop
      vertex 84.875 -5.41266 0.799999
      vertex 85.2357 -5.60545 0
      vertex 84.875 -5.41266 0
    endloop
  endfacet
  facet normal -0.634457 0.772958 0
    outer loop
      vertex 92.1209 -4.699 0
      vertex 91.8048 -4.95846 0.799999
      vertex 92.1209 -4.699 0.799999
    endloop
  endfacet
  facet normal -0.634457 0.772958 0
    outer loop
      vertex 91.8048 -4.95846 0.799999
      vertex 92.1209 -4.699 0
      vertex 91.8048 -4.95846 0
    endloop
  endfacet
  facet normal -0.0980268 -0.995184 0
    outer loop
      vertex 88.4088 6.23662 0
      vertex 88.8158 6.19653 0.799999
      vertex 88.4088 6.23662 0.799999
    endloop
  endfacet
  facet normal -0.0980268 -0.995184 -0
    outer loop
      vertex 88.8158 6.19653 0.799999
      vertex 88.4088 6.23662 0
      vertex 88.8158 6.19653 0
    endloop
  endfacet
  facet normal -0.683598 -0.729859 0
    outer loop
      vertex 92.1209 4.699 0
      vertex 92.4194 4.41942 0.799999
      vertex 92.1209 4.699 0.799999
    endloop
  endfacet
  facet normal -0.683598 -0.729859 -0
    outer loop
      vertex 92.4194 4.41942 0.799999
      vertex 92.1209 4.699 0
      vertex 92.4194 4.41942 0
    endloop
  endfacet
  facet normal -0.290285 -0.95694 0
    outer loop
      vertex 89.6176 6.03704 0
      vertex 90.009 5.91831 0.799999
      vertex 89.6176 6.03704 0.799999
    endloop
  endfacet
  facet normal -0.290285 -0.95694 -0
    outer loop
      vertex 90.009 5.91831 0.799999
      vertex 89.6176 6.03704 0
      vertex 90.009 5.91831 0
    endloop
  endfacet
  facet normal -0.812882 -0.582429 0
    outer loop
      vertex 93.1967 3.47231 0
      vertex 92.9585 3.80476 0.799999
      vertex 92.9585 3.80476 0
    endloop
  endfacet
  facet normal -0.812882 -0.582429 0
    outer loop
      vertex 92.9585 3.80476 0.799999
      vertex 93.1967 3.47231 0
      vertex 93.1967 3.47231 0.799999
    endloop
  endfacet
  facet normal -0.471381 -0.88193 0
    outer loop
      vertex 90.7643 5.60545 0
      vertex 91.125 5.41266 0.799999
      vertex 90.7643 5.60545 0.799999
    endloop
  endfacet
  facet normal -0.471381 -0.88193 -0
    outer loop
      vertex 91.125 5.41266 0.799999
      vertex 90.7643 5.60545 0
      vertex 91.125 5.41266 0
    endloop
  endfacet
  facet normal 0.999463 0.0327638 0
    outer loop
      vertex 81.7634 -0.408769 0.799999
      vertex 81.75 0 0
      vertex 81.75 0 0.799999
    endloop
  endfacet
  facet normal 0.999463 0.0327638 0
    outer loop
      vertex 81.75 0 0
      vertex 81.7634 -0.408769 0.799999
      vertex 81.7634 -0.408769 0
    endloop
  endfacet
  facet normal 0.227075 0.973877 -0
    outer loop
      vertex 86.7807 -6.12991 0
      vertex 86.3824 -6.03704 0.799999
      vertex 86.7807 -6.12991 0.799999
    endloop
  endfacet
  facet normal 0.227075 0.973877 0
    outer loop
      vertex 86.3824 -6.03704 0.799999
      vertex 86.7807 -6.12991 0
      vertex 86.3824 -6.03704 0
    endloop
  endfacet
  facet normal -0.528094 -0.849186 0
    outer loop
      vertex 91.125 5.41266 0
      vertex 91.4723 5.19668 0.799999
      vertex 91.125 5.41266 0.799999
    endloop
  endfacet
  facet normal -0.528094 -0.849186 -0
    outer loop
      vertex 91.4723 5.19668 0.799999
      vertex 91.125 5.41266 0
      vertex 91.4723 5.19668 0
    endloop
  endfacet
  facet normal 0.849171 0.528119 0
    outer loop
      vertex 82.8033 -3.47231 0.799999
      vertex 82.5873 -3.125 0
      vertex 82.5873 -3.125 0.799999
    endloop
  endfacet
  facet normal 0.849171 0.528119 0
    outer loop
      vertex 82.5873 -3.125 0
      vertex 82.8033 -3.47231 0.799999
      vertex 82.8033 -3.47231 0
    endloop
  endfacet
  facet normal -0.999463 0.0327638 0
    outer loop
      vertex 94.2366 -0.408769 0
      vertex 94.25 0 0.799999
      vertex 94.25 0 0
    endloop
  endfacet
  facet normal -0.999463 0.0327638 0
    outer loop
      vertex 94.25 0 0.799999
      vertex 94.2366 -0.408769 0
      vertex 94.2366 -0.408769 0.799999
    endloop
  endfacet
  facet normal 0 0 -1
    outer loop
      vertex 94.2366 -0.408769 0.799999
      vertex 94.2366 0.408769 0.799999
      vertex 94.25 0 0.799999
    endloop
  endfacet
  facet normal 0 0 -1
    outer loop
      vertex 94.1965 -0.815788 0.799999
      vertex 94.2366 0.408769 0.799999
      vertex 94.2366 -0.408769 0.799999
    endloop
  endfacet
  facet normal 0 0 -1
    outer loop
      vertex 94.1965 -0.815788 0.799999
      vertex 94.1965 0.815788 0.799999
      vertex 94.2366 0.408769 0.799999
    endloop
  endfacet
  facet normal 0 0 -1
    outer loop
      vertex 94.1299 -1.21931 0.799999
      vertex 94.1965 0.815788 0.799999
      vertex 94.1965 -0.815788 0.799999
    endloop
  endfacet
  facet normal 0 0 -1
    outer loop
      vertex 94.1299 -1.21931 0.799999
      vertex 94.1299 1.21931 0.799999
      vertex 94.1965 0.815788 0.799999
    endloop
  endfacet
  facet normal 0 0 -1
    outer loop
      vertex 94.037 -1.61762 0.799999
      vertex 94.1299 1.21931 0.799999
      vertex 94.1299 -1.21931 0.799999
    endloop
  endfacet
  facet normal 0 0 -1
    outer loop
      vertex 94.037 -1.61762 0.799999
      vertex 94.037 1.61762 0.799999
      vertex 94.1299 1.21931 0.799999
    endloop
  endfacet
  facet normal 0 0 -1
    outer loop
      vertex 93.9183 -2.009 0.799999
      vertex 94.037 1.61762 0.799999
      vertex 94.037 -1.61762 0.799999
    endloop
  endfacet
  facet normal 0 0 -1
    outer loop
      vertex 93.9183 -2.009 0.799999
      vertex 93.9183 2.009 0.799999
      vertex 94.037 1.61762 0.799999
    endloop
  endfacet
  facet normal 0 0 -1
    outer loop
      vertex 93.7742 -2.39177 0.799999
      vertex 93.9183 2.009 0.799999
      vertex 93.9183 -2.009 0.799999
    endloop
  endfacet
  facet normal 0 0 -1
    outer loop
      vertex 93.7742 -2.39177 0.799999
      vertex 93.7742 2.39177 0.799999
      vertex 93.9183 2.009 0.799999
    endloop
  endfacet
  facet normal 0 0 -1
    outer loop
      vertex 93.6055 -2.7643 0.799999
      vertex 93.7742 2.39177 0.799999
      vertex 93.7742 -2.39177 0.799999
    endloop
  endfacet
  facet normal 0 0 -1
    outer loop
      vertex 93.6055 -2.7643 0.799999
      vertex 93.6055 2.7643 0.799999
      vertex 93.7742 2.39177 0.799999
    endloop
  endfacet
  facet normal 0 0 -1
    outer loop
      vertex 93.4127 -3.125 0.799999
      vertex 93.6055 2.7643 0.799999
      vertex 93.6055 -2.7643 0.799999
    endloop
  endfacet
  facet normal 0 0 -1
    outer loop
      vertex 93.4127 -3.125 0.799999
      vertex 93.4127 3.125 0.799999
      vertex 93.6055 2.7643 0.799999
    endloop
  endfacet
  facet normal 0 0 -1
    outer loop
      vertex 93.1967 -3.47231 0.799999
      vertex 93.4127 3.125 0.799999
      vertex 93.4127 -3.125 0.799999
    endloop
  endfacet
  facet normal 0 0 -1
    outer loop
      vertex 93.1967 -3.47231 0.799999
      vertex 93.1967 3.47231 0.799999
      vertex 93.4127 3.125 0.799999
    endloop
  endfacet
  facet normal 0 0 -1
    outer loop
      vertex 92.9585 -3.80476 0.799999
      vertex 93.1967 3.47231 0.799999
      vertex 93.1967 -3.47231 0.799999
    endloop
  endfacet
  facet normal 0 0 -1
    outer loop
      vertex 92.9585 -3.80476 0.799999
      vertex 92.9585 3.80476 0.799999
      vertex 93.1967 3.47231 0.799999
    endloop
  endfacet
  facet normal 0 0 -1
    outer loop
      vertex 92.699 -4.12091 0.799999
      vertex 92.9585 3.80476 0.799999
      vertex 92.9585 -3.80476 0.799999
    endloop
  endfacet
  facet normal 0 0 -1
    outer loop
      vertex 92.699 -4.12091 0.799999
      vertex 92.699 4.12091 0.799999
      vertex 92.9585 3.80476 0.799999
    endloop
  endfacet
  facet normal 0 0 -1
    outer loop
      vertex 92.4194 -4.41942 0.799999
      vertex 92.699 4.12091 0.799999
      vertex 92.699 -4.12091 0.799999
    endloop
  endfacet
  facet normal 0 0 -1
    outer loop
      vertex 92.4194 -4.41942 0.799999
      vertex 92.4194 4.41942 0.799999
      vertex 92.699 4.12091 0.799999
    endloop
  endfacet
  facet normal 0 0 -1
    outer loop
      vertex 92.1209 -4.699 0.799999
      vertex 92.4194 4.41942 0.799999
      vertex 92.4194 -4.41942 0.799999
    endloop
  endfacet
  facet normal 0 0 -1
    outer loop
      vertex 92.1209 -4.699 0.799999
      vertex 92.1209 4.699 0.799999
      vertex 92.4194 4.41942 0.799999
    endloop
  endfacet
  facet normal 0 0 -1
    outer loop
      vertex 91.8048 -4.95846 0.799999
      vertex 92.1209 4.699 0.799999
      vertex 92.1209 -4.699 0.799999
    endloop
  endfacet
  facet normal 0 0 -1
    outer loop
      vertex 91.8048 -4.95846 0.799999
      vertex 91.8048 4.95846 0.799999
      vertex 92.1209 4.699 0.799999
    endloop
  endfacet
  facet normal 0 0 -1
    outer loop
      vertex 91.4723 -5.19668 0.799999
      vertex 91.8048 4.95846 0.799999
      vertex 91.8048 -4.95846 0.799999
    endloop
  endfacet
  facet normal 0 0 -1
    outer loop
      vertex 91.4723 -5.19668 0.799999
      vertex 91.4723 5.19668 0.799999
      vertex 91.8048 4.95846 0.799999
    endloop
  endfacet
  facet normal 0 0 -1
    outer loop
      vertex 91.125 -5.41266 0.799999
      vertex 91.4723 5.19668 0.799999
      vertex 91.4723 -5.19668 0.799999
    endloop
  endfacet
  facet normal 0 0 -1
    outer loop
      vertex 91.125 -5.41266 0.799999
      vertex 91.125 5.41266 0.799999
      vertex 91.4723 5.19668 0.799999
    endloop
  endfacet
  facet normal 0 0 -1
    outer loop
      vertex 90.7643 -5.60545 0.799999
      vertex 91.125 5.41266 0.799999
      vertex 91.125 -5.41266 0.799999
    endloop
  endfacet
  facet normal 0 0 -1
    outer loop
      vertex 90.7643 -5.60545 0.799999
      vertex 90.7643 5.60545 0.799999
      vertex 91.125 5.41266 0.799999
    endloop
  endfacet
  facet normal 0 0 -1
    outer loop
      vertex 90.3918 -5.77425 0.799999
      vertex 90.7643 5.60545 0.799999
      vertex 90.7643 -5.60545 0.799999
    endloop
  endfacet
  facet normal 0 0 -1
    outer loop
      vertex 90.3918 -5.77425 0.799999
      vertex 90.3918 5.77425 0.799999
      vertex 90.7643 5.60545 0.799999
    endloop
  endfacet
  facet normal 0 0 -1
    outer loop
      vertex 90.009 -5.91831 0.799999
      vertex 90.3918 5.77425 0.799999
      vertex 90.3918 -5.77425 0.799999
    endloop
  endfacet
  facet normal 0 0 -1
    outer loop
      vertex 90.009 -5.91831 0.799999
      vertex 90.009 5.91831 0.799999
      vertex 90.3918 5.77425 0.799999
    endloop
  endfacet
  facet normal 0 0 -1
    outer loop
      vertex 89.6176 -6.03704 0.799999
      vertex 90.009 5.91831 0.799999
      vertex 90.009 -5.91831 0.799999
    endloop
  endfacet
  facet normal 0 0 -1
    outer loop
      vertex 89.6176 -6.03704 0.799999
      vertex 89.6176 6.03704 0.799999
      vertex 90.009 5.91831 0.799999
    endloop
  endfacet
  facet normal 0 0 -1
    outer loop
      vertex 89.2193 -6.12991 0.799999
      vertex 89.6176 6.03704 0.799999
      vertex 89.6176 -6.03704 0.799999
    endloop
  endfacet
  facet normal 0 0 -1
    outer loop
      vertex 89.2193 -6.12991 0.799999
      vertex 89.2193 6.12991 0.799999
      vertex 89.6176 6.03704 0.799999
    endloop
  endfacet
  facet normal 0 0 -1
    outer loop
      vertex 88.8158 -6.19653 0.799999
      vertex 89.2193 6.12991 0.799999
      vertex 89.2193 -6.12991 0.799999
    endloop
  endfacet
  facet normal 0 0 -1
    outer loop
      vertex 88.8158 -6.19653 0.799999
      vertex 88.8158 6.19653 0.799999
      vertex 89.2193 6.12991 0.799999
    endloop
  endfacet
  facet normal 0 0 -1
    outer loop
      vertex 88.4088 -6.23662 0.799999
      vertex 88.8158 6.19653 0.799999
      vertex 88.8158 -6.19653 0.799999
    endloop
  endfacet
  facet normal 0 0 -1
    outer loop
      vertex 88.4088 -6.23662 0.799999
      vertex 88.4088 6.23662 0.799999
      vertex 88.8158 6.19653 0.799999
    endloop
  endfacet
  facet normal 0 0 -1
    outer loop
      vertex 88 -6.25 0.799999
      vertex 88.4088 6.23662 0.799999
      vertex 88.4088 -6.23662 0.799999
    endloop
  endfacet
  facet normal 0 0 -1
    outer loop
      vertex 88 -6.25 0.799999
      vertex 88 6.25 0.799999
      vertex 88.4088 6.23662 0.799999
    endloop
  endfacet
  facet normal 0 0 -1
    outer loop
      vertex 87.5912 -6.23662 0.799999
      vertex 88 6.25 0.799999
      vertex 88 -6.25 0.799999
    endloop
  endfacet
  facet normal 0 0 -1
    outer loop
      vertex 87.5912 -6.23662 0.799999
      vertex 87.5912 6.23662 0.799999
      vertex 88 6.25 0.799999
    endloop
  endfacet
  facet normal 0 0 -1
    outer loop
      vertex 87.1842 -6.19653 0.799999
      vertex 87.5912 6.23662 0.799999
      vertex 87.5912 -6.23662 0.799999
    endloop
  endfacet
  facet normal 0 0 -1
    outer loop
      vertex 87.1842 -6.19653 0.799999
      vertex 87.1842 6.19653 0.799999
      vertex 87.5912 6.23662 0.799999
    endloop
  endfacet
  facet normal 0 0 -1
    outer loop
      vertex 86.7807 -6.12991 0.799999
      vertex 87.1842 6.19653 0.799999
      vertex 87.1842 -6.19653 0.799999
    endloop
  endfacet
  facet normal 0 0 -1
    outer loop
      vertex 86.7807 -6.12991 0.799999
      vertex 86.7807 6.12991 0.799999
      vertex 87.1842 6.19653 0.799999
    endloop
  endfacet
  facet normal 0 0 -1
    outer loop
      vertex 86.3824 -6.03704 0.799999
      vertex 86.7807 6.12991 0.799999
      vertex 86.7807 -6.12991 0.799999
    endloop
  endfacet
  facet normal 0 0 -1
    outer loop
      vertex 86.3824 -6.03704 0.799999
      vertex 86.3824 6.03704 0.799999
      vertex 86.7807 6.12991 0.799999
    endloop
  endfacet
  facet normal 0 0 -1
    outer loop
      vertex 85.991 -5.91831 0.799999
      vertex 86.3824 6.03704 0.799999
      vertex 86.3824 -6.03704 0.799999
    endloop
  endfacet
  facet normal 0 0 -1
    outer loop
      vertex 85.991 -5.91831 0.799999
      vertex 85.991 5.91831 0.799999
      vertex 86.3824 6.03704 0.799999
    endloop
  endfacet
  facet normal 0 0 -1
    outer loop
      vertex 85.6082 -5.77425 0.799999
      vertex 85.991 5.91831 0.799999
      vertex 85.991 -5.91831 0.799999
    endloop
  endfacet
  facet normal 0 0 -1
    outer loop
      vertex 85.6082 -5.77425 0.799999
      vertex 85.6082 5.77425 0.799999
      vertex 85.991 5.91831 0.799999
    endloop
  endfacet
  facet normal 0 0 -1
    outer loop
      vertex 85.2357 -5.60545 0.799999
      vertex 85.6082 5.77425 0.799999
      vertex 85.6082 -5.77425 0.799999
    endloop
  endfacet
  facet normal 0 0 -1
    outer loop
      vertex 85.2357 -5.60545 0.799999
      vertex 85.2357 5.60545 0.799999
      vertex 85.6082 5.77425 0.799999
    endloop
  endfacet
  facet normal 0 0 -1
    outer loop
      vertex 84.875 -5.41266 0.799999
      vertex 85.2357 5.60545 0.799999
      vertex 85.2357 -5.60545 0.799999
    endloop
  endfacet
  facet normal 0 0 -1
    outer loop
      vertex 84.875 -5.41266 0.799999
      vertex 84.875 5.41266 0.799999
      vertex 85.2357 5.60545 0.799999
    endloop
  endfacet
  facet normal 0 0 -1
    outer loop
      vertex 84.5277 -5.19668 0.799999
      vertex 84.875 5.41266 0.799999
      vertex 84.875 -5.41266 0.799999
    endloop
  endfacet
  facet normal 0 0 -1
    outer loop
      vertex 84.5277 -5.19668 0.799999
      vertex 84.5277 5.19668 0.799999
      vertex 84.875 5.41266 0.799999
    endloop
  endfacet
  facet normal 0 0 -1
    outer loop
      vertex 84.1952 -4.95846 0.799999
      vertex 84.5277 5.19668 0.799999
      vertex 84.5277 -5.19668 0.799999
    endloop
  endfacet
  facet normal 0 0 -1
    outer loop
      vertex 84.1952 -4.95846 0.799999
      vertex 84.1952 4.95846 0.799999
      vertex 84.5277 5.19668 0.799999
    endloop
  endfacet
  facet normal 0 0 -1
    outer loop
      vertex 83.8791 -4.699 0.799999
      vertex 84.1952 4.95846 0.799999
      vertex 84.1952 -4.95846 0.799999
    endloop
  endfacet
  facet normal 0 0 -1
    outer loop
      vertex 83.8791 -4.699 0.799999
      vertex 83.8791 4.699 0.799999
      vertex 84.1952 4.95846 0.799999
    endloop
  endfacet
  facet normal 0 0 -1
    outer loop
      vertex 83.5806 -4.41942 0.799999
      vertex 83.8791 4.699 0.799999
      vertex 83.8791 -4.699 0.799999
    endloop
  endfacet
  facet normal 0 0 -1
    outer loop
      vertex 83.5806 -4.41942 0.799999
      vertex 83.5806 4.41942 0.799999
      vertex 83.8791 4.699 0.799999
    endloop
  endfacet
  facet normal 0 0 -1
    outer loop
      vertex 83.301 -4.12091 0.799999
      vertex 83.5806 4.41942 0.799999
      vertex 83.5806 -4.41942 0.799999
    endloop
  endfacet
  facet normal 0 0 -1
    outer loop
      vertex 83.301 -4.12091 0.799999
      vertex 83.301 4.12091 0.799999
      vertex 83.5806 4.41942 0.799999
    endloop
  endfacet
  facet normal 0 0 -1
    outer loop
      vertex 83.0415 -3.80476 0.799999
      vertex 83.301 4.12091 0.799999
      vertex 83.301 -4.12091 0.799999
    endloop
  endfacet
  facet normal 0 0 -1
    outer loop
      vertex 83.0415 -3.80476 0.799999
      vertex 83.0415 3.80476 0.799999
      vertex 83.301 4.12091 0.799999
    endloop
  endfacet
  facet normal 0 0 -1
    outer loop
      vertex 82.8033 -3.47231 0.799999
      vertex 83.0415 3.80476 0.799999
      vertex 83.0415 -3.80476 0.799999
    endloop
  endfacet
  facet normal 0 0 -1
    outer loop
      vertex 82.8033 -3.47231 0.799999
      vertex 82.8033 3.47231 0.799999
      vertex 83.0415 3.80476 0.799999
    endloop
  endfacet
  facet normal 0 0 -1
    outer loop
      vertex 82.5873 -3.125 0.799999
      vertex 82.8033 3.47231 0.799999
      vertex 82.8033 -3.47231 0.799999
    endloop
  endfacet
  facet normal 0 0 -1
    outer loop
      vertex 82.5873 -3.125 0.799999
      vertex 82.5873 3.125 0.799999
      vertex 82.8033 3.47231 0.799999
    endloop
  endfacet
  facet normal 0 0 -1
    outer loop
      vertex 82.3945 -2.7643 0.799999
      vertex 82.5873 3.125 0.799999
      vertex 82.5873 -3.125 0.799999
    endloop
  endfacet
  facet normal 0 0 -1
    outer loop
      vertex 82.3945 -2.7643 0.799999
      vertex 82.3945 2.7643 0.799999
      vertex 82.5873 3.125 0.799999
    endloop
  endfacet
  facet normal 0 0 -1
    outer loop
      vertex 82.2258 -2.39177 0.799999
      vertex 82.3945 2.7643 0.799999
      vertex 82.3945 -2.7643 0.799999
    endloop
  endfacet
  facet normal 0 0 -1
    outer loop
      vertex 82.2258 -2.39177 0.799999
      vertex 82.2258 2.39177 0.799999
      vertex 82.3945 2.7643 0.799999
    endloop
  endfacet
  facet normal 0 0 -1
    outer loop
      vertex 82.0817 -2.009 0.799999
      vertex 82.2258 2.39177 0.799999
      vertex 82.2258 -2.39177 0.799999
    endloop
  endfacet
  facet normal 0 0 -1
    outer loop
      vertex 82.0817 -2.009 0.799999
      vertex 82.0817 2.009 0.799999
      vertex 82.2258 2.39177 0.799999
    endloop
  endfacet
  facet normal 0 0 -1
    outer loop
      vertex 81.963 -1.61762 0.799999
      vertex 82.0817 2.009 0.799999
      vertex 82.0817 -2.009 0.799999
    endloop
  endfacet
  facet normal 0 0 -1
    outer loop
      vertex 81.963 -1.61762 0.799999
      vertex 81.963 1.61762 0.799999
      vertex 82.0817 2.009 0.799999
    endloop
  endfacet
  facet normal 0 0 -1
    outer loop
      vertex 81.8701 -1.21931 0.799999
      vertex 81.963 1.61762 0.799999
      vertex 81.963 -1.61762 0.799999
    endloop
  endfacet
  facet normal 0 0 -1
    outer loop
      vertex 81.8701 -1.21931 0.799999
      vertex 81.8701 1.21931 0.799999
      vertex 81.963 1.61762 0.799999
    endloop
  endfacet
  facet normal 0 0 -1
    outer loop
      vertex 81.8035 -0.815788 0.799999
      vertex 81.8701 1.21931 0.799999
      vertex 81.8701 -1.21931 0.799999
    endloop
  endfacet
  facet normal 0 0 -1
    outer loop
      vertex 81.8035 -0.815788 0.799999
      vertex 81.8035 0.815788 0.799999
      vertex 81.8701 1.21931 0.799999
    endloop
  endfacet
  facet normal 0 0 -1
    outer loop
      vertex 81.7634 -0.408769 0.799999
      vertex 81.8035 0.815788 0.799999
      vertex 81.8035 -0.815788 0.799999
    endloop
  endfacet
  facet normal 0 0 -1
    outer loop
      vertex 81.7634 -0.408769 0.799999
      vertex 81.7634 0.408769 0.799999
      vertex 81.8035 0.815788 0.799999
    endloop
  endfacet
  facet normal 0 -0 -1
    outer loop
      vertex 81.7634 0.408769 0.799999
      vertex 81.7634 -0.408769 0.799999
      vertex 81.75 0 0.799999
    endloop
  endfacet
  facet normal -0.986652 -0.162844 0
    outer loop
      vertex 94.1965 0.815788 0
      vertex 94.1299 1.21931 0.799999
      vertex 94.1299 1.21931 0
    endloop
  endfacet
  facet normal -0.986652 -0.162844 0
    outer loop
      vertex 94.1299 1.21931 0.799999
      vertex 94.1965 0.815788 0
      vertex 94.1965 0.815788 0.799999
    endloop
  endfacet
  facet normal -0.352216 -0.935919 0
    outer loop
      vertex 90.009 5.91831 0
      vertex 90.3918 5.77425 0.799999
      vertex 90.009 5.91831 0.799999
    endloop
  endfacet
  facet normal -0.352216 -0.935919 -0
    outer loop
      vertex 90.3918 5.77425 0.799999
      vertex 90.009 5.91831 0
      vertex 90.3918 5.77425 0
    endloop
  endfacet
  facet normal -0.812882 0.582429 0
    outer loop
      vertex 92.9585 -3.80476 0
      vertex 93.1967 -3.47231 0.799999
      vertex 93.1967 -3.47231 0
    endloop
  endfacet
  facet normal -0.812882 0.582429 0
    outer loop
      vertex 93.1967 -3.47231 0.799999
      vertex 92.9585 -3.80476 0
      vertex 92.9585 -3.80476 0.799999
    endloop
  endfacet
  facet normal -0.0327124 0.999465 0
    outer loop
      vertex 88.4088 -6.23662 0
      vertex 88 -6.25 0.799999
      vertex 88.4088 -6.23662 0.799999
    endloop
  endfacet
  facet normal -0.0327124 0.999465 0
    outer loop
      vertex 88 -6.25 0.799999
      vertex 88.4088 -6.23662 0
      vertex 88 -6.25 0
    endloop
  endfacet
  facet normal -0.352216 0.935919 0
    outer loop
      vertex 90.3918 -5.77425 0
      vertex 90.009 -5.91831 0.799999
      vertex 90.3918 -5.77425 0.799999
    endloop
  endfacet
  facet normal -0.352216 0.935919 0
    outer loop
      vertex 90.009 -5.91831 0.799999
      vertex 90.3918 -5.77425 0
      vertex 90.009 -5.91831 0
    endloop
  endfacet
  facet normal -0.956957 0.290231 0
    outer loop
      vertex 93.9183 -2.009 0
      vertex 94.037 -1.61762 0.799999
      vertex 94.037 -1.61762 0
    endloop
  endfacet
  facet normal -0.956957 0.290231 0
    outer loop
      vertex 94.037 -1.61762 0.799999
      vertex 93.9183 -2.009 0
      vertex 93.9183 -2.009 0.799999
    endloop
  endfacet
  facet normal 0.973862 0.227139 0
    outer loop
      vertex 81.963 -1.61762 0.799999
      vertex 81.8701 -1.21931 0
      vertex 81.8701 -1.21931 0.799999
    endloop
  endfacet
  facet normal 0.973862 0.227139 0
    outer loop
      vertex 81.8701 -1.21931 0
      vertex 81.963 -1.61762 0.799999
      vertex 81.963 -1.61762 0
    endloop
  endfacet
  facet normal 0.910948 -0.412522 0
    outer loop
      vertex 82.2258 2.39177 0.799999
      vertex 82.3945 2.7643 0
      vertex 82.3945 2.7643 0.799999
    endloop
  endfacet
  facet normal 0.910948 -0.412522 0
    outer loop
      vertex 82.3945 2.7643 0
      vertex 82.2258 2.39177 0.799999
      vertex 82.2258 2.39177 0
    endloop
  endfacet
  facet normal 0.582403 -0.8129 0
    outer loop
      vertex 84.1952 4.95846 0
      vertex 84.5277 5.19668 0.799999
      vertex 84.1952 4.95846 0.799999
    endloop
  endfacet
  facet normal 0.582403 -0.8129 0
    outer loop
      vertex 84.5277 5.19668 0.799999
      vertex 84.1952 4.95846 0
      vertex 84.5277 5.19668 0
    endloop
  endfacet
  facet normal -0.683598 0.729859 0
    outer loop
      vertex 92.4194 -4.41942 0
      vertex 92.1209 -4.699 0.799999
      vertex 92.4194 -4.41942 0.799999
    endloop
  endfacet
  facet normal -0.683598 0.729859 0
    outer loop
      vertex 92.1209 -4.699 0.799999
      vertex 92.4194 -4.41942 0
      vertex 92.1209 -4.699 0
    endloop
  endfacet
  facet normal -0.729846 -0.683612 0
    outer loop
      vertex 92.699 4.12091 0
      vertex 92.4194 4.41942 0.799999
      vertex 92.4194 4.41942 0
    endloop
  endfacet
  facet normal -0.729846 -0.683612 0
    outer loop
      vertex 92.4194 4.41942 0.799999
      vertex 92.699 4.12091 0
      vertex 92.699 4.12091 0.799999
    endloop
  endfacet
  facet normal 0.910948 0.412522 0
    outer loop
      vertex 82.3945 -2.7643 0.799999
      vertex 82.2258 -2.39177 0
      vertex 82.2258 -2.39177 0.799999
    endloop
  endfacet
  facet normal 0.910948 0.412522 0
    outer loop
      vertex 82.2258 -2.39177 0
      vertex 82.3945 -2.7643 0.799999
      vertex 82.3945 -2.7643 0
    endloop
  endfacet
  facet normal 0.881919 0.4714 0
    outer loop
      vertex 82.5873 -3.125 0.799999
      vertex 82.3945 -2.7643 0
      vertex 82.3945 -2.7643 0.799999
    endloop
  endfacet
  facet normal 0.881919 0.4714 0
    outer loop
      vertex 82.3945 -2.7643 0
      vertex 82.5873 -3.125 0.799999
      vertex 82.5873 -3.125 0
    endloop
  endfacet
  facet normal -0.634457 -0.772958 0
    outer loop
      vertex 91.8048 4.95846 0
      vertex 92.1209 4.699 0.799999
      vertex 91.8048 4.95846 0.799999
    endloop
  endfacet
  facet normal -0.634457 -0.772958 -0
    outer loop
      vertex 92.1209 4.699 0.799999
      vertex 91.8048 4.95846 0
      vertex 92.1209 4.699 0
    endloop
  endfacet
  facet normal -0.77296 -0.634455 0
    outer loop
      vertex 92.9585 3.80476 0
      vertex 92.699 4.12091 0.799999
      vertex 92.699 4.12091 0
    endloop
  endfacet
  facet normal -0.77296 -0.634455 0
    outer loop
      vertex 92.699 4.12091 0.799999
      vertex 92.9585 3.80476 0
      vertex 92.9585 3.80476 0.799999
    endloop
  endfacet
  facet normal 0.999463 -0.0327638 0
    outer loop
      vertex 81.75 0 0.799999
      vertex 81.7634 0.408769 0
      vertex 81.7634 0.408769 0.799999
    endloop
  endfacet
  facet normal 0.999463 -0.0327638 0
    outer loop
      vertex 81.7634 0.408769 0
      vertex 81.75 0 0.799999
      vertex 81.75 0 0
    endloop
  endfacet
  facet normal 0.812882 -0.582429 0
    outer loop
      vertex 82.8033 3.47231 0.799999
      vertex 83.0415 3.80476 0
      vertex 83.0415 3.80476 0.799999
    endloop
  endfacet
  facet normal 0.812882 -0.582429 0
    outer loop
      vertex 83.0415 3.80476 0
      vertex 82.8033 3.47231 0.799999
      vertex 82.8033 3.47231 0
    endloop
  endfacet
  facet normal 0.227075 -0.973877 0
    outer loop
      vertex 86.3824 6.03704 0
      vertex 86.7807 6.12991 0.799999
      vertex 86.3824 6.03704 0.799999
    endloop
  endfacet
  facet normal 0.227075 -0.973877 0
    outer loop
      vertex 86.7807 6.12991 0.799999
      vertex 86.3824 6.03704 0
      vertex 86.7807 6.12991 0
    endloop
  endfacet
  facet normal 0.412753 -0.910843 0
    outer loop
      vertex 85.2357 5.60545 0
      vertex 85.6082 5.77425 0.799999
      vertex 85.2357 5.60545 0.799999
    endloop
  endfacet
  facet normal 0.412753 -0.910843 0
    outer loop
      vertex 85.6082 5.77425 0.799999
      vertex 85.2357 5.60545 0
      vertex 85.6082 5.77425 0
    endloop
  endfacet
  facet normal -0.935877 -0.352326 0
    outer loop
      vertex 93.9183 2.009 0
      vertex 93.7742 2.39177 0.799999
      vertex 93.7742 2.39177 0
    endloop
  endfacet
  facet normal -0.935877 -0.352326 0
    outer loop
      vertex 93.7742 2.39177 0.799999
      vertex 93.9183 2.009 0
      vertex 93.9183 2.009 0.799999
    endloop
  endfacet
  facet normal -0.849171 0.528119 0
    outer loop
      vertex 93.1967 -3.47231 0
      vertex 93.4127 -3.125 0.799999
      vertex 93.4127 -3.125 0
    endloop
  endfacet
  facet normal -0.849171 0.528119 0
    outer loop
      vertex 93.4127 -3.125 0.799999
      vertex 93.1967 -3.47231 0
      vertex 93.1967 -3.47231 0.799999
    endloop
  endfacet
  facet normal 0.986652 0.162844 0
    outer loop
      vertex 81.8701 -1.21931 0.799999
      vertex 81.8035 -0.815788 0
      vertex 81.8035 -0.815788 0.799999
    endloop
  endfacet
  facet normal 0.986652 0.162844 0
    outer loop
      vertex 81.8035 -0.815788 0
      vertex 81.8701 -1.21931 0.799999
      vertex 81.8701 -1.21931 0
    endloop
  endfacet
  facet normal 0.1629 0.986643 -0
    outer loop
      vertex 87.1842 -6.19653 0
      vertex 86.7807 -6.12991 0.799999
      vertex 87.1842 -6.19653 0.799999
    endloop
  endfacet
  facet normal 0.1629 0.986643 0
    outer loop
      vertex 86.7807 -6.12991 0.799999
      vertex 87.1842 -6.19653 0
      vertex 86.7807 -6.12991 0
    endloop
  endfacet
  facet normal 0.77296 0.634455 0
    outer loop
      vertex 83.301 -4.12091 0.799999
      vertex 83.0415 -3.80476 0
      vertex 83.0415 -3.80476 0.799999
    endloop
  endfacet
  facet normal 0.77296 0.634455 0
    outer loop
      vertex 83.0415 -3.80476 0
      vertex 83.301 -4.12091 0.799999
      vertex 83.301 -4.12091 0
    endloop
  endfacet
  facet normal -0.935877 0.352326 0
    outer loop
      vertex 93.7742 -2.39177 0
      vertex 93.9183 -2.009 0.799999
      vertex 93.9183 -2.009 0
    endloop
  endfacet
  facet normal -0.935877 0.352326 0
    outer loop
      vertex 93.9183 -2.009 0.799999
      vertex 93.7742 -2.39177 0
      vertex 93.7742 -2.39177 0.799999
    endloop
  endfacet
  facet normal 0.528094 -0.849186 0
    outer loop
      vertex 84.5277 5.19668 0
      vertex 84.875 5.41266 0.799999
      vertex 84.5277 5.19668 0.799999
    endloop
  endfacet
  facet normal 0.528094 -0.849186 0
    outer loop
      vertex 84.875 5.41266 0.799999
      vertex 84.5277 5.19668 0
      vertex 84.875 5.41266 0
    endloop
  endfacet
  facet normal 0.471381 -0.88193 0
    outer loop
      vertex 84.875 5.41266 0
      vertex 85.2357 5.60545 0.799999
      vertex 84.875 5.41266 0.799999
    endloop
  endfacet
  facet normal 0.471381 -0.88193 0
    outer loop
      vertex 85.2357 5.60545 0.799999
      vertex 84.875 5.41266 0
      vertex 85.2357 5.60545 0
    endloop
  endfacet
  facet normal 0.352216 0.935919 -0
    outer loop
      vertex 85.991 -5.91831 0
      vertex 85.6082 -5.77425 0.799999
      vertex 85.991 -5.91831 0.799999
    endloop
  endfacet
  facet normal 0.352216 0.935919 0
    outer loop
      vertex 85.6082 -5.77425 0.799999
      vertex 85.991 -5.91831 0
      vertex 85.6082 -5.77425 0
    endloop
  endfacet
  facet normal 0.812882 0.582429 0
    outer loop
      vertex 83.0415 -3.80476 0.799999
      vertex 82.8033 -3.47231 0
      vertex 82.8033 -3.47231 0.799999
    endloop
  endfacet
  facet normal 0.812882 0.582429 0
    outer loop
      vertex 82.8033 -3.47231 0
      vertex 83.0415 -3.80476 0.799999
      vertex 83.0415 -3.80476 0
    endloop
  endfacet
  facet normal 0.973862 -0.227139 0
    outer loop
      vertex 81.8701 1.21931 0.799999
      vertex 81.963 1.61762 0
      vertex 81.963 1.61762 0.799999
    endloop
  endfacet
  facet normal 0.973862 -0.227139 0
    outer loop
      vertex 81.963 1.61762 0
      vertex 81.8701 1.21931 0.799999
      vertex 81.8701 1.21931 0
    endloop
  endfacet
  facet normal 0.986652 -0.162844 0
    outer loop
      vertex 81.8035 0.815788 0.799999
      vertex 81.8701 1.21931 0
      vertex 81.8701 1.21931 0.799999
    endloop
  endfacet
  facet normal 0.986652 -0.162844 0
    outer loop
      vertex 81.8701 1.21931 0
      vertex 81.8035 0.815788 0.799999
      vertex 81.8035 0.815788 0
    endloop
  endfacet
  facet normal -0.0327124 -0.999465 0
    outer loop
      vertex 88 6.25 0
      vertex 88.4088 6.23662 0.799999
      vertex 88 6.25 0.799999
    endloop
  endfacet
  facet normal -0.0327124 -0.999465 -0
    outer loop
      vertex 88.4088 6.23662 0.799999
      vertex 88 6.25 0
      vertex 88.4088 6.23662 0
    endloop
  endfacet
  facet normal 0.729846 0.683612 0
    outer loop
      vertex 83.5806 -4.41942 0.799999
      vertex 83.301 -4.12091 0
      vertex 83.301 -4.12091 0.799999
    endloop
  endfacet
  facet normal 0.729846 0.683612 0
    outer loop
      vertex 83.301 -4.12091 0
      vertex 83.5806 -4.41942 0.799999
      vertex 83.5806 -4.41942 0
    endloop
  endfacet
  facet normal 0.881919 -0.4714 0
    outer loop
      vertex 82.3945 2.7643 0.799999
      vertex 82.5873 3.125 0
      vertex 82.5873 3.125 0.799999
    endloop
  endfacet
  facet normal 0.881919 -0.4714 0
    outer loop
      vertex 82.5873 3.125 0
      vertex 82.3945 2.7643 0.799999
      vertex 82.3945 2.7643 0
    endloop
  endfacet
  facet normal 0.77296 -0.634455 0
    outer loop
      vertex 83.0415 3.80476 0.799999
      vertex 83.301 4.12091 0
      vertex 83.301 4.12091 0.799999
    endloop
  endfacet
  facet normal 0.77296 -0.634455 0
    outer loop
      vertex 83.301 4.12091 0
      vertex 83.0415 3.80476 0.799999
      vertex 83.0415 3.80476 0
    endloop
  endfacet
  facet normal 0.528094 0.849186 -0
    outer loop
      vertex 84.875 -5.41266 0
      vertex 84.5277 -5.19668 0.799999
      vertex 84.875 -5.41266 0.799999
    endloop
  endfacet
  facet normal 0.528094 0.849186 0
    outer loop
      vertex 84.5277 -5.19668 0.799999
      vertex 84.875 -5.41266 0
      vertex 84.5277 -5.19668 0
    endloop
  endfacet
  facet normal 0.0980268 0.995184 -0
    outer loop
      vertex 87.5912 -6.23662 0
      vertex 87.1842 -6.19653 0.799999
      vertex 87.5912 -6.23662 0.799999
    endloop
  endfacet
  facet normal 0.0980268 0.995184 0
    outer loop
      vertex 87.1842 -6.19653 0.799999
      vertex 87.5912 -6.23662 0
      vertex 87.1842 -6.19653 0
    endloop
  endfacet
  facet normal -0.1629 -0.986643 0
    outer loop
      vertex 88.8158 6.19653 0
      vertex 89.2193 6.12991 0.799999
      vertex 88.8158 6.19653 0.799999
    endloop
  endfacet
  facet normal -0.1629 -0.986643 -0
    outer loop
      vertex 89.2193 6.12991 0.799999
      vertex 88.8158 6.19653 0
      vertex 89.2193 6.12991 0
    endloop
  endfacet
  facet normal 0.0327124 0.999465 -0
    outer loop
      vertex 88 -6.25 0
      vertex 87.5912 -6.23662 0.799999
      vertex 88 -6.25 0.799999
    endloop
  endfacet
  facet normal 0.0327124 0.999465 0
    outer loop
      vertex 87.5912 -6.23662 0.799999
      vertex 88 -6.25 0
      vertex 87.5912 -6.23662 0
    endloop
  endfacet
  facet normal 0.935877 0.352326 0
    outer loop
      vertex 82.2258 -2.39177 0.799999
      vertex 82.0817 -2.009 0
      vertex 82.0817 -2.009 0.799999
    endloop
  endfacet
  facet normal 0.935877 0.352326 0
    outer loop
      vertex 82.0817 -2.009 0
      vertex 82.2258 -2.39177 0.799999
      vertex 82.2258 -2.39177 0
    endloop
  endfacet
  facet normal 0.582403 0.8129 -0
    outer loop
      vertex 84.5277 -5.19668 0
      vertex 84.1952 -4.95846 0.799999
      vertex 84.5277 -5.19668 0.799999
    endloop
  endfacet
  facet normal 0.582403 0.8129 0
    outer loop
      vertex 84.1952 -4.95846 0.799999
      vertex 84.5277 -5.19668 0
      vertex 84.1952 -4.95846 0
    endloop
  endfacet
  facet normal 0.634457 0.772958 -0
    outer loop
      vertex 84.1952 -4.95846 0
      vertex 83.8791 -4.699 0.799999
      vertex 84.1952 -4.95846 0.799999
    endloop
  endfacet
  facet normal 0.634457 0.772958 0
    outer loop
      vertex 83.8791 -4.699 0.799999
      vertex 84.1952 -4.95846 0
      vertex 83.8791 -4.699 0
    endloop
  endfacet
  facet normal -0.0980465 0.995182 0
    outer loop
      vertex 0.815788 81.8035 0
      vertex 0.408769 81.7634 0.799999
      vertex 0.815788 81.8035 0.799999
    endloop
  endfacet
  facet normal -0.0980465 0.995182 0
    outer loop
      vertex 0.408769 81.7634 0.799999
      vertex 0.815788 81.8035 0
      vertex 0.408769 81.7634 0
    endloop
  endfacet
  facet normal 0.910843 -0.412753 0
    outer loop
      vertex -5.77425 90.3918 0.799999
      vertex -5.60545 90.7643 0
      vertex -5.60545 90.7643 0.799999
    endloop
  endfacet
  facet normal 0.910843 -0.412753 0
    outer loop
      vertex -5.60545 90.7643 0
      vertex -5.77425 90.3918 0.799999
      vertex -5.77425 90.3918 0
    endloop
  endfacet
  facet normal -0.88193 -0.471381 0
    outer loop
      vertex 5.60545 90.7643 0
      vertex 5.41266 91.125 0.799999
      vertex 5.41266 91.125 0
    endloop
  endfacet
  facet normal -0.88193 -0.471381 0
    outer loop
      vertex 5.41266 91.125 0.799999
      vertex 5.60545 90.7643 0
      vertex 5.60545 90.7643 0.799999
    endloop
  endfacet
  facet normal -0.227139 -0.973862 0
    outer loop
      vertex 1.21931 94.1299 0
      vertex 1.61762 94.037 0.799999
      vertex 1.21931 94.1299 0.799999
    endloop
  endfacet
  facet normal -0.227139 -0.973862 -0
    outer loop
      vertex 1.61762 94.037 0.799999
      vertex 1.21931 94.1299 0
      vertex 1.61762 94.037 0
    endloop
  endfacet
  facet normal -0.729859 0.683598 0
    outer loop
      vertex 4.41942 83.5806 0
      vertex 4.699 83.8791 0.799999
      vertex 4.699 83.8791 0
    endloop
  endfacet
  facet normal -0.729859 0.683598 0
    outer loop
      vertex 4.699 83.8791 0.799999
      vertex 4.41942 83.5806 0
      vertex 4.41942 83.5806 0.799999
    endloop
  endfacet
  facet normal 0.973877 -0.227075 0
    outer loop
      vertex -6.12991 89.2193 0.799999
      vertex -6.03704 89.6176 0
      vertex -6.03704 89.6176 0.799999
    endloop
  endfacet
  facet normal 0.973877 -0.227075 0
    outer loop
      vertex -6.03704 89.6176 0
      vertex -6.12991 89.2193 0.799999
      vertex -6.12991 89.2193 0
    endloop
  endfacet
  facet normal 0.729859 0.683598 0
    outer loop
      vertex -4.41942 83.5806 0.799999
      vertex -4.699 83.8791 0
      vertex -4.699 83.8791 0.799999
    endloop
  endfacet
  facet normal 0.729859 0.683598 0
    outer loop
      vertex -4.699 83.8791 0
      vertex -4.41942 83.5806 0.799999
      vertex -4.41942 83.5806 0
    endloop
  endfacet
  facet normal 0.973877 0.227075 0
    outer loop
      vertex -6.03704 86.3824 0.799999
      vertex -6.12991 86.7807 0
      vertex -6.12991 86.7807 0.799999
    endloop
  endfacet
  facet normal 0.973877 0.227075 0
    outer loop
      vertex -6.12991 86.7807 0
      vertex -6.03704 86.3824 0.799999
      vertex -6.03704 86.3824 0
    endloop
  endfacet
  facet normal 0.8129 -0.582403 0
    outer loop
      vertex -5.19668 91.4723 0.799999
      vertex -4.95846 91.8048 0
      vertex -4.95846 91.8048 0.799999
    endloop
  endfacet
  facet normal 0.8129 -0.582403 0
    outer loop
      vertex -4.95846 91.8048 0
      vertex -5.19668 91.4723 0.799999
      vertex -5.19668 91.4723 0
    endloop
  endfacet
  facet normal 0.849186 0.528094 0
    outer loop
      vertex -5.19668 84.5277 0.799999
      vertex -5.41266 84.875 0
      vertex -5.41266 84.875 0.799999
    endloop
  endfacet
  facet normal 0.849186 0.528094 0
    outer loop
      vertex -5.41266 84.875 0
      vertex -5.19668 84.5277 0.799999
      vertex -5.19668 84.5277 0
    endloop
  endfacet
  facet normal 0.95694 0.290285 0
    outer loop
      vertex -5.91831 85.991 0.799999
      vertex -6.03704 86.3824 0
      vertex -6.03704 86.3824 0.799999
    endloop
  endfacet
  facet normal 0.95694 0.290285 0
    outer loop
      vertex -6.03704 86.3824 0
      vertex -5.91831 85.991 0.799999
      vertex -5.91831 85.991 0
    endloop
  endfacet
  facet normal 0.772958 0.634457 0
    outer loop
      vertex -4.699 83.8791 0.799999
      vertex -4.95846 84.1952 0
      vertex -4.95846 84.1952 0.799999
    endloop
  endfacet
  facet normal 0.772958 0.634457 0
    outer loop
      vertex -4.95846 84.1952 0
      vertex -4.699 83.8791 0.799999
      vertex -4.699 83.8791 0
    endloop
  endfacet
  facet normal 0.999465 -0.0327124 0
    outer loop
      vertex -6.25 88 0.799999
      vertex -6.23662 88.4088 0
      vertex -6.23662 88.4088 0.799999
    endloop
  endfacet
  facet normal 0.999465 -0.0327124 0
    outer loop
      vertex -6.23662 88.4088 0
      vertex -6.25 88 0.799999
      vertex -6.25 88 0
    endloop
  endfacet
  facet normal 0.999465 0.0327124 0
    outer loop
      vertex -6.23662 87.5912 0.799999
      vertex -6.25 88 0
      vertex -6.25 88 0.799999
    endloop
  endfacet
  facet normal 0.999465 0.0327124 0
    outer loop
      vertex -6.25 88 0
      vertex -6.23662 87.5912 0.799999
      vertex -6.23662 87.5912 0
    endloop
  endfacet
  facet normal 0.0980465 -0.995182 0
    outer loop
      vertex -0.815788 94.1965 0
      vertex -0.408769 94.2366 0.799999
      vertex -0.815788 94.1965 0.799999
    endloop
  endfacet
  facet normal 0.0980465 -0.995182 0
    outer loop
      vertex -0.408769 94.2366 0.799999
      vertex -0.815788 94.1965 0
      vertex -0.408769 94.2366 0
    endloop
  endfacet
  facet normal -0.910843 -0.412753 0
    outer loop
      vertex 5.77425 90.3918 0
      vertex 5.60545 90.7643 0.799999
      vertex 5.60545 90.7643 0
    endloop
  endfacet
  facet normal -0.910843 -0.412753 0
    outer loop
      vertex 5.60545 90.7643 0.799999
      vertex 5.77425 90.3918 0
      vertex 5.77425 90.3918 0.799999
    endloop
  endfacet
  facet normal -0.634455 -0.77296 0
    outer loop
      vertex 3.80476 92.9585 0
      vertex 4.12091 92.699 0.799999
      vertex 3.80476 92.9585 0.799999
    endloop
  endfacet
  facet normal -0.634455 -0.77296 -0
    outer loop
      vertex 4.12091 92.699 0.799999
      vertex 3.80476 92.9585 0
      vertex 4.12091 92.699 0
    endloop
  endfacet
  facet normal 0.0327638 -0.999463 0
    outer loop
      vertex -0.408769 94.2366 0
      vertex 0 94.25 0.799999
      vertex -0.408769 94.2366 0.799999
    endloop
  endfacet
  facet normal 0.0327638 -0.999463 0
    outer loop
      vertex 0 94.25 0.799999
      vertex -0.408769 94.2366 0
      vertex 0 94.25 0
    endloop
  endfacet
  facet normal -0.973877 -0.227075 0
    outer loop
      vertex 6.12991 89.2193 0
      vertex 6.03704 89.6176 0.799999
      vertex 6.03704 89.6176 0
    endloop
  endfacet
  facet normal -0.973877 -0.227075 0
    outer loop
      vertex 6.03704 89.6176 0.799999
      vertex 6.12991 89.2193 0
      vertex 6.12991 89.2193 0.799999
    endloop
  endfacet
  facet normal 0.995184 0.0980268 0
    outer loop
      vertex -6.19653 87.1842 0.799999
      vertex -6.23662 87.5912 0
      vertex -6.23662 87.5912 0.799999
    endloop
  endfacet
  facet normal 0.995184 0.0980268 0
    outer loop
      vertex -6.23662 87.5912 0
      vertex -6.19653 87.1842 0.799999
      vertex -6.19653 87.1842 0
    endloop
  endfacet
  facet normal -0.95694 0.290285 0
    outer loop
      vertex 5.91831 85.991 0
      vertex 6.03704 86.3824 0.799999
      vertex 6.03704 86.3824 0
    endloop
  endfacet
  facet normal -0.95694 0.290285 0
    outer loop
      vertex 6.03704 86.3824 0.799999
      vertex 5.91831 85.991 0
      vertex 5.91831 85.991 0.799999
    endloop
  endfacet
  facet normal 0.227139 -0.973862 0
    outer loop
      vertex -1.61762 94.037 0
      vertex -1.21931 94.1299 0.799999
      vertex -1.61762 94.037 0.799999
    endloop
  endfacet
  facet normal 0.227139 -0.973862 0
    outer loop
      vertex -1.21931 94.1299 0.799999
      vertex -1.61762 94.037 0
      vertex -1.21931 94.1299 0
    endloop
  endfacet
  facet normal 0.352326 0.935877 -0
    outer loop
      vertex -2.009 82.0817 0
      vertex -2.39177 82.2258 0.799999
      vertex -2.009 82.0817 0.799999
    endloop
  endfacet
  facet normal 0.352326 0.935877 0
    outer loop
      vertex -2.39177 82.2258 0.799999
      vertex -2.009 82.0817 0
      vertex -2.39177 82.2258 0
    endloop
  endfacet
  facet normal 0.290231 -0.956957 0
    outer loop
      vertex -2.009 93.9183 0
      vertex -1.61762 94.037 0.799999
      vertex -2.009 93.9183 0.799999
    endloop
  endfacet
  facet normal 0.290231 -0.956957 0
    outer loop
      vertex -1.61762 94.037 0.799999
      vertex -2.009 93.9183 0
      vertex -1.61762 94.037 0
    endloop
  endfacet
  facet normal 0.0980465 0.995182 -0
    outer loop
      vertex -0.408769 81.7634 0
      vertex -0.815788 81.8035 0.799999
      vertex -0.408769 81.7634 0.799999
    endloop
  endfacet
  facet normal 0.0980465 0.995182 0
    outer loop
      vertex -0.815788 81.8035 0.799999
      vertex -0.408769 81.7634 0
      vertex -0.815788 81.8035 0
    endloop
  endfacet
  facet normal 0.412522 -0.910948 0
    outer loop
      vertex -2.7643 93.6055 0
      vertex -2.39177 93.7742 0.799999
      vertex -2.7643 93.6055 0.799999
    endloop
  endfacet
  facet normal 0.412522 -0.910948 0
    outer loop
      vertex -2.39177 93.7742 0.799999
      vertex -2.7643 93.6055 0
      vertex -2.39177 93.7742 0
    endloop
  endfacet
  facet normal -0.849186 -0.528094 0
    outer loop
      vertex 5.41266 91.125 0
      vertex 5.19668 91.4723 0.799999
      vertex 5.19668 91.4723 0
    endloop
  endfacet
  facet normal -0.849186 -0.528094 0
    outer loop
      vertex 5.19668 91.4723 0.799999
      vertex 5.41266 91.125 0
      vertex 5.41266 91.125 0.799999
    endloop
  endfacet
  facet normal 0.683612 0.729846 -0
    outer loop
      vertex -4.12091 83.301 0
      vertex -4.41942 83.5806 0.799999
      vertex -4.12091 83.301 0.799999
    endloop
  endfacet
  facet normal 0.683612 0.729846 0
    outer loop
      vertex -4.41942 83.5806 0.799999
      vertex -4.12091 83.301 0
      vertex -4.41942 83.5806 0
    endloop
  endfacet
  facet normal -0.290231 0.956957 0
    outer loop
      vertex 2.009 82.0817 0
      vertex 1.61762 81.963 0.799999
      vertex 2.009 82.0817 0.799999
    endloop
  endfacet
  facet normal -0.290231 0.956957 0
    outer loop
      vertex 1.61762 81.963 0.799999
      vertex 2.009 82.0817 0
      vertex 1.61762 81.963 0
    endloop
  endfacet
  facet normal 0.0327638 0.999463 -0
    outer loop
      vertex 0 81.75 0
      vertex -0.408769 81.7634 0.799999
      vertex 0 81.75 0.799999
    endloop
  endfacet
  facet normal 0.0327638 0.999463 0
    outer loop
      vertex -0.408769 81.7634 0.799999
      vertex 0 81.75 0
      vertex -0.408769 81.7634 0
    endloop
  endfacet
  facet normal 0.528119 -0.849171 0
    outer loop
      vertex -3.47231 93.1967 0
      vertex -3.125 93.4127 0.799999
      vertex -3.47231 93.1967 0.799999
    endloop
  endfacet
  facet normal 0.528119 -0.849171 0
    outer loop
      vertex -3.125 93.4127 0.799999
      vertex -3.47231 93.1967 0
      vertex -3.125 93.4127 0
    endloop
  endfacet
  facet normal 0.986643 0.1629 0
    outer loop
      vertex -6.12991 86.7807 0.799999
      vertex -6.19653 87.1842 0
      vertex -6.19653 87.1842 0.799999
    endloop
  endfacet
  facet normal 0.986643 0.1629 0
    outer loop
      vertex -6.19653 87.1842 0
      vertex -6.12991 86.7807 0.799999
      vertex -6.12991 86.7807 0
    endloop
  endfacet
  facet normal -0.986643 -0.1629 0
    outer loop
      vertex 6.19653 88.8158 0
      vertex 6.12991 89.2193 0.799999
      vertex 6.12991 89.2193 0
    endloop
  endfacet
  facet normal -0.986643 -0.1629 0
    outer loop
      vertex 6.12991 89.2193 0.799999
      vertex 6.19653 88.8158 0
      vertex 6.19653 88.8158 0.799999
    endloop
  endfacet
  facet normal 0.4714 -0.881919 0
    outer loop
      vertex -3.125 93.4127 0
      vertex -2.7643 93.6055 0.799999
      vertex -3.125 93.4127 0.799999
    endloop
  endfacet
  facet normal 0.4714 -0.881919 0
    outer loop
      vertex -2.7643 93.6055 0.799999
      vertex -3.125 93.4127 0
      vertex -2.7643 93.6055 0
    endloop
  endfacet
  facet normal -0.8129 -0.582403 0
    outer loop
      vertex 5.19668 91.4723 0
      vertex 4.95846 91.8048 0.799999
      vertex 4.95846 91.8048 0
    endloop
  endfacet
  facet normal -0.8129 -0.582403 0
    outer loop
      vertex 4.95846 91.8048 0.799999
      vertex 5.19668 91.4723 0
      vertex 5.19668 91.4723 0.799999
    endloop
  endfacet
  facet normal -0.910843 0.412753 0
    outer loop
      vertex 5.60545 85.2357 0
      vertex 5.77425 85.6082 0.799999
      vertex 5.77425 85.6082 0
    endloop
  endfacet
  facet normal -0.910843 0.412753 0
    outer loop
      vertex 5.77425 85.6082 0.799999
      vertex 5.60545 85.2357 0
      vertex 5.60545 85.2357 0.799999
    endloop
  endfacet
  facet normal 0.935919 0.352216 0
    outer loop
      vertex -5.77425 85.6082 0.799999
      vertex -5.91831 85.991 0
      vertex -5.91831 85.991 0.799999
    endloop
  endfacet
  facet normal 0.935919 0.352216 0
    outer loop
      vertex -5.91831 85.991 0
      vertex -5.77425 85.6082 0.799999
      vertex -5.77425 85.6082 0
    endloop
  endfacet
  facet normal -0.290231 -0.956957 0
    outer loop
      vertex 1.61762 94.037 0
      vertex 2.009 93.9183 0.799999
      vertex 1.61762 94.037 0.799999
    endloop
  endfacet
  facet normal -0.290231 -0.956957 -0
    outer loop
      vertex 2.009 93.9183 0.799999
      vertex 1.61762 94.037 0
      vertex 2.009 93.9183 0
    endloop
  endfacet
  facet normal -0.0980465 -0.995182 0
    outer loop
      vertex 0.408769 94.2366 0
      vertex 0.815788 94.1965 0.799999
      vertex 0.408769 94.2366 0.799999
    endloop
  endfacet
  facet normal -0.0980465 -0.995182 -0
    outer loop
      vertex 0.815788 94.1965 0.799999
      vertex 0.408769 94.2366 0
      vertex 0.815788 94.1965 0
    endloop
  endfacet
  facet normal -0.412522 -0.910948 0
    outer loop
      vertex 2.39177 93.7742 0
      vertex 2.7643 93.6055 0.799999
      vertex 2.39177 93.7742 0.799999
    endloop
  endfacet
  facet normal -0.412522 -0.910948 -0
    outer loop
      vertex 2.7643 93.6055 0.799999
      vertex 2.39177 93.7742 0
      vertex 2.7643 93.6055 0
    endloop
  endfacet
  facet normal -0.88193 0.471381 0
    outer loop
      vertex 5.41266 84.875 0
      vertex 5.60545 85.2357 0.799999
      vertex 5.60545 85.2357 0
    endloop
  endfacet
  facet normal -0.88193 0.471381 0
    outer loop
      vertex 5.60545 85.2357 0.799999
      vertex 5.41266 84.875 0
      vertex 5.41266 84.875 0.799999
    endloop
  endfacet
  facet normal -0.772958 -0.634457 0
    outer loop
      vertex 4.95846 91.8048 0
      vertex 4.699 92.1209 0.799999
      vertex 4.699 92.1209 0
    endloop
  endfacet
  facet normal -0.772958 -0.634457 0
    outer loop
      vertex 4.699 92.1209 0.799999
      vertex 4.95846 91.8048 0
      vertex 4.95846 91.8048 0.799999
    endloop
  endfacet
  facet normal 0.995184 -0.0980268 0
    outer loop
      vertex -6.23662 88.4088 0.799999
      vertex -6.19653 88.8158 0
      vertex -6.19653 88.8158 0.799999
    endloop
  endfacet
  facet normal 0.995184 -0.0980268 0
    outer loop
      vertex -6.19653 88.8158 0
      vertex -6.23662 88.4088 0.799999
      vertex -6.23662 88.4088 0
    endloop
  endfacet
  facet normal 0.412522 0.910948 -0
    outer loop
      vertex -2.39177 82.2258 0
      vertex -2.7643 82.3945 0.799999
      vertex -2.39177 82.2258 0.799999
    endloop
  endfacet
  facet normal 0.412522 0.910948 0
    outer loop
      vertex -2.7643 82.3945 0.799999
      vertex -2.39177 82.2258 0
      vertex -2.7643 82.3945 0
    endloop
  endfacet
  facet normal 0.729859 -0.683598 0
    outer loop
      vertex -4.699 92.1209 0.799999
      vertex -4.41942 92.4194 0
      vertex -4.41942 92.4194 0.799999
    endloop
  endfacet
  facet normal 0.729859 -0.683598 0
    outer loop
      vertex -4.41942 92.4194 0
      vertex -4.699 92.1209 0.799999
      vertex -4.699 92.1209 0
    endloop
  endfacet
  facet normal 0.95694 -0.290285 0
    outer loop
      vertex -6.03704 89.6176 0.799999
      vertex -5.91831 90.009 0
      vertex -5.91831 90.009 0.799999
    endloop
  endfacet
  facet normal 0.95694 -0.290285 0
    outer loop
      vertex -5.91831 90.009 0
      vertex -6.03704 89.6176 0.799999
      vertex -6.03704 89.6176 0
    endloop
  endfacet
  facet normal 0.582429 -0.812882 0
    outer loop
      vertex -3.80476 92.9585 0
      vertex -3.47231 93.1967 0.799999
      vertex -3.80476 92.9585 0.799999
    endloop
  endfacet
  facet normal 0.582429 -0.812882 0
    outer loop
      vertex -3.47231 93.1967 0.799999
      vertex -3.80476 92.9585 0
      vertex -3.47231 93.1967 0
    endloop
  endfacet
  facet normal 0.88193 -0.471381 0
    outer loop
      vertex -5.60545 90.7643 0.799999
      vertex -5.41266 91.125 0
      vertex -5.41266 91.125 0.799999
    endloop
  endfacet
  facet normal 0.88193 -0.471381 0
    outer loop
      vertex -5.41266 91.125 0
      vertex -5.60545 90.7643 0.799999
      vertex -5.60545 90.7643 0
    endloop
  endfacet
  facet normal -0.0327638 0.999463 0
    outer loop
      vertex 0.408769 81.7634 0
      vertex 0 81.75 0.799999
      vertex 0.408769 81.7634 0.799999
    endloop
  endfacet
  facet normal -0.0327638 0.999463 0
    outer loop
      vertex 0 81.75 0.799999
      vertex 0.408769 81.7634 0
      vertex 0 81.75 0
    endloop
  endfacet
  facet normal -0.973877 0.227075 0
    outer loop
      vertex 6.03704 86.3824 0
      vertex 6.12991 86.7807 0.799999
      vertex 6.12991 86.7807 0
    endloop
  endfacet
  facet normal -0.973877 0.227075 0
    outer loop
      vertex 6.12991 86.7807 0.799999
      vertex 6.03704 86.3824 0
      vertex 6.03704 86.3824 0.799999
    endloop
  endfacet
  facet normal 0.849186 -0.528094 0
    outer loop
      vertex -5.41266 91.125 0.799999
      vertex -5.19668 91.4723 0
      vertex -5.19668 91.4723 0.799999
    endloop
  endfacet
  facet normal 0.849186 -0.528094 0
    outer loop
      vertex -5.19668 91.4723 0
      vertex -5.41266 91.125 0.799999
      vertex -5.41266 91.125 0
    endloop
  endfacet
  facet normal -0.528119 0.849171 0
    outer loop
      vertex 3.47231 82.8033 0
      vertex 3.125 82.5873 0.799999
      vertex 3.47231 82.8033 0.799999
    endloop
  endfacet
  facet normal -0.528119 0.849171 0
    outer loop
      vertex 3.125 82.5873 0.799999
      vertex 3.47231 82.8033 0
      vertex 3.125 82.5873 0
    endloop
  endfacet
  facet normal -0.999465 -0.0327124 0
    outer loop
      vertex 6.25 88 0
      vertex 6.23662 88.4088 0.799999
      vertex 6.23662 88.4088 0
    endloop
  endfacet
  facet normal -0.999465 -0.0327124 0
    outer loop
      vertex 6.23662 88.4088 0.799999
      vertex 6.25 88 0
      vertex 6.25 88 0.799999
    endloop
  endfacet
  facet normal -0.0327638 -0.999463 0
    outer loop
      vertex 0 94.25 0
      vertex 0.408769 94.2366 0.799999
      vertex 0 94.25 0.799999
    endloop
  endfacet
  facet normal -0.0327638 -0.999463 -0
    outer loop
      vertex 0.408769 94.2366 0.799999
      vertex 0 94.25 0
      vertex 0.408769 94.2366 0
    endloop
  endfacet
  facet normal 0.162844 -0.986652 0
    outer loop
      vertex -1.21931 94.1299 0
      vertex -0.815788 94.1965 0.799999
      vertex -1.21931 94.1299 0.799999
    endloop
  endfacet
  facet normal 0.162844 -0.986652 0
    outer loop
      vertex -0.815788 94.1965 0.799999
      vertex -1.21931 94.1299 0
      vertex -0.815788 94.1965 0
    endloop
  endfacet
  facet normal 0.935919 -0.352216 0
    outer loop
      vertex -5.91831 90.009 0.799999
      vertex -5.77425 90.3918 0
      vertex -5.77425 90.3918 0.799999
    endloop
  endfacet
  facet normal 0.935919 -0.352216 0
    outer loop
      vertex -5.77425 90.3918 0
      vertex -5.91831 90.009 0.799999
      vertex -5.91831 90.009 0
    endloop
  endfacet
  facet normal 0.290231 0.956957 -0
    outer loop
      vertex -1.61762 81.963 0
      vertex -2.009 82.0817 0.799999
      vertex -1.61762 81.963 0.799999
    endloop
  endfacet
  facet normal 0.290231 0.956957 0
    outer loop
      vertex -2.009 82.0817 0.799999
      vertex -1.61762 81.963 0
      vertex -2.009 82.0817 0
    endloop
  endfacet
  facet normal -0.582429 -0.812882 0
    outer loop
      vertex 3.47231 93.1967 0
      vertex 3.80476 92.9585 0.799999
      vertex 3.47231 93.1967 0.799999
    endloop
  endfacet
  facet normal -0.582429 -0.812882 -0
    outer loop
      vertex 3.80476 92.9585 0.799999
      vertex 3.47231 93.1967 0
      vertex 3.80476 92.9585 0
    endloop
  endfacet
  facet normal -0.162844 -0.986652 0
    outer loop
      vertex 0.815788 94.1965 0
      vertex 1.21931 94.1299 0.799999
      vertex 0.815788 94.1965 0.799999
    endloop
  endfacet
  facet normal -0.162844 -0.986652 -0
    outer loop
      vertex 1.21931 94.1299 0.799999
      vertex 0.815788 94.1965 0
      vertex 1.21931 94.1299 0
    endloop
  endfacet
  facet normal -0.683612 -0.729846 0
    outer loop
      vertex 4.12091 92.699 0
      vertex 4.41942 92.4194 0.799999
      vertex 4.12091 92.699 0.799999
    endloop
  endfacet
  facet normal -0.683612 -0.729846 -0
    outer loop
      vertex 4.41942 92.4194 0.799999
      vertex 4.12091 92.699 0
      vertex 4.41942 92.4194 0
    endloop
  endfacet
  facet normal -0.935919 -0.352216 0
    outer loop
      vertex 5.91831 90.009 0
      vertex 5.77425 90.3918 0.799999
      vertex 5.77425 90.3918 0
    endloop
  endfacet
  facet normal -0.935919 -0.352216 0
    outer loop
      vertex 5.77425 90.3918 0.799999
      vertex 5.91831 90.009 0
      vertex 5.91831 90.009 0.799999
    endloop
  endfacet
  facet normal -0.4714 -0.881919 0
    outer loop
      vertex 2.7643 93.6055 0
      vertex 3.125 93.4127 0.799999
      vertex 2.7643 93.6055 0.799999
    endloop
  endfacet
  facet normal -0.4714 -0.881919 -0
    outer loop
      vertex 3.125 93.4127 0.799999
      vertex 2.7643 93.6055 0
      vertex 3.125 93.4127 0
    endloop
  endfacet
  facet normal -0.352326 -0.935877 0
    outer loop
      vertex 2.009 93.9183 0
      vertex 2.39177 93.7742 0.799999
      vertex 2.009 93.9183 0.799999
    endloop
  endfacet
  facet normal -0.352326 -0.935877 -0
    outer loop
      vertex 2.39177 93.7742 0.799999
      vertex 2.009 93.9183 0
      vertex 2.39177 93.7742 0
    endloop
  endfacet
  facet normal -0.227139 0.973862 0
    outer loop
      vertex 1.61762 81.963 0
      vertex 1.21931 81.8701 0.799999
      vertex 1.61762 81.963 0.799999
    endloop
  endfacet
  facet normal -0.227139 0.973862 0
    outer loop
      vertex 1.21931 81.8701 0.799999
      vertex 1.61762 81.963 0
      vertex 1.21931 81.8701 0
    endloop
  endfacet
  facet normal 0.162844 0.986652 -0
    outer loop
      vertex -0.815788 81.8035 0
      vertex -1.21931 81.8701 0.799999
      vertex -0.815788 81.8035 0.799999
    endloop
  endfacet
  facet normal 0.162844 0.986652 0
    outer loop
      vertex -1.21931 81.8701 0.799999
      vertex -0.815788 81.8035 0
      vertex -1.21931 81.8701 0
    endloop
  endfacet
  facet normal -0.95694 -0.290285 0
    outer loop
      vertex 6.03704 89.6176 0
      vertex 5.91831 90.009 0.799999
      vertex 5.91831 90.009 0
    endloop
  endfacet
  facet normal -0.95694 -0.290285 0
    outer loop
      vertex 5.91831 90.009 0.799999
      vertex 6.03704 89.6176 0
      vertex 6.03704 89.6176 0.799999
    endloop
  endfacet
  facet normal 0.8129 0.582403 0
    outer loop
      vertex -4.95846 84.1952 0.799999
      vertex -5.19668 84.5277 0
      vertex -5.19668 84.5277 0.799999
    endloop
  endfacet
  facet normal 0.8129 0.582403 0
    outer loop
      vertex -5.19668 84.5277 0
      vertex -4.95846 84.1952 0.799999
      vertex -4.95846 84.1952 0
    endloop
  endfacet
  facet normal 0.683612 -0.729846 0
    outer loop
      vertex -4.41942 92.4194 0
      vertex -4.12091 92.699 0.799999
      vertex -4.41942 92.4194 0.799999
    endloop
  endfacet
  facet normal 0.683612 -0.729846 0
    outer loop
      vertex -4.12091 92.699 0.799999
      vertex -4.41942 92.4194 0
      vertex -4.12091 92.699 0
    endloop
  endfacet
  facet normal -0.412522 0.910948 0
    outer loop
      vertex 2.7643 82.3945 0
      vertex 2.39177 82.2258 0.799999
      vertex 2.7643 82.3945 0.799999
    endloop
  endfacet
  facet normal -0.412522 0.910948 0
    outer loop
      vertex 2.39177 82.2258 0.799999
      vertex 2.7643 82.3945 0
      vertex 2.39177 82.2258 0
    endloop
  endfacet
  facet normal -0.995184 -0.0980268 0
    outer loop
      vertex 6.23662 88.4088 0
      vertex 6.19653 88.8158 0.799999
      vertex 6.19653 88.8158 0
    endloop
  endfacet
  facet normal -0.995184 -0.0980268 0
    outer loop
      vertex 6.19653 88.8158 0.799999
      vertex 6.23662 88.4088 0
      vertex 6.23662 88.4088 0.799999
    endloop
  endfacet
  facet normal -0.4714 0.881919 0
    outer loop
      vertex 3.125 82.5873 0
      vertex 2.7643 82.3945 0.799999
      vertex 3.125 82.5873 0.799999
    endloop
  endfacet
  facet normal -0.4714 0.881919 0
    outer loop
      vertex 2.7643 82.3945 0.799999
      vertex 3.125 82.5873 0
      vertex 2.7643 82.3945 0
    endloop
  endfacet
  facet normal 0.772958 -0.634457 0
    outer loop
      vertex -4.95846 91.8048 0.799999
      vertex -4.699 92.1209 0
      vertex -4.699 92.1209 0.799999
    endloop
  endfacet
  facet normal 0.772958 -0.634457 0
    outer loop
      vertex -4.699 92.1209 0
      vertex -4.95846 91.8048 0.799999
      vertex -4.95846 91.8048 0
    endloop
  endfacet
  facet normal -0.528119 -0.849171 0
    outer loop
      vertex 3.125 93.4127 0
      vertex 3.47231 93.1967 0.799999
      vertex 3.125 93.4127 0.799999
    endloop
  endfacet
  facet normal -0.528119 -0.849171 -0
    outer loop
      vertex 3.47231 93.1967 0.799999
      vertex 3.125 93.4127 0
      vertex 3.47231 93.1967 0
    endloop
  endfacet
  facet normal 0.910843 0.412753 0
    outer loop
      vertex -5.60545 85.2357 0.799999
      vertex -5.77425 85.6082 0
      vertex -5.77425 85.6082 0.799999
    endloop
  endfacet
  facet normal 0.910843 0.412753 0
    outer loop
      vertex -5.77425 85.6082 0
      vertex -5.60545 85.2357 0.799999
      vertex -5.60545 85.2357 0
    endloop
  endfacet
  facet normal 0.352326 -0.935877 0
    outer loop
      vertex -2.39177 93.7742 0
      vertex -2.009 93.9183 0.799999
      vertex -2.39177 93.7742 0.799999
    endloop
  endfacet
  facet normal 0.352326 -0.935877 0
    outer loop
      vertex -2.009 93.9183 0.799999
      vertex -2.39177 93.7742 0
      vertex -2.009 93.9183 0
    endloop
  endfacet
  facet normal -0.162844 0.986652 0
    outer loop
      vertex 1.21931 81.8701 0
      vertex 0.815788 81.8035 0.799999
      vertex 1.21931 81.8701 0.799999
    endloop
  endfacet
  facet normal -0.162844 0.986652 0
    outer loop
      vertex 0.815788 81.8035 0.799999
      vertex 1.21931 81.8701 0
      vertex 0.815788 81.8035 0
    endloop
  endfacet
  facet normal -0.986643 0.1629 0
    outer loop
      vertex 6.12991 86.7807 0
      vertex 6.19653 87.1842 0.799999
      vertex 6.19653 87.1842 0
    endloop
  endfacet
  facet normal -0.986643 0.1629 0
    outer loop
      vertex 6.19653 87.1842 0.799999
      vertex 6.12991 86.7807 0
      vertex 6.12991 86.7807 0.799999
    endloop
  endfacet
  facet normal -0.634455 0.77296 0
    outer loop
      vertex 4.12091 83.301 0
      vertex 3.80476 83.0415 0.799999
      vertex 4.12091 83.301 0.799999
    endloop
  endfacet
  facet normal -0.634455 0.77296 0
    outer loop
      vertex 3.80476 83.0415 0.799999
      vertex 4.12091 83.301 0
      vertex 3.80476 83.0415 0
    endloop
  endfacet
  facet normal 0.88193 0.471381 0
    outer loop
      vertex -5.41266 84.875 0.799999
      vertex -5.60545 85.2357 0
      vertex -5.60545 85.2357 0.799999
    endloop
  endfacet
  facet normal 0.88193 0.471381 0
    outer loop
      vertex -5.60545 85.2357 0
      vertex -5.41266 84.875 0.799999
      vertex -5.41266 84.875 0
    endloop
  endfacet
  facet normal -0.935919 0.352216 0
    outer loop
      vertex 5.77425 85.6082 0
      vertex 5.91831 85.991 0.799999
      vertex 5.91831 85.991 0
    endloop
  endfacet
  facet normal -0.935919 0.352216 0
    outer loop
      vertex 5.91831 85.991 0.799999
      vertex 5.77425 85.6082 0
      vertex 5.77425 85.6082 0.799999
    endloop
  endfacet
  facet normal -0.582429 0.812882 0
    outer loop
      vertex 3.80476 83.0415 0
      vertex 3.47231 82.8033 0.799999
      vertex 3.80476 83.0415 0.799999
    endloop
  endfacet
  facet normal -0.582429 0.812882 0
    outer loop
      vertex 3.47231 82.8033 0.799999
      vertex 3.80476 83.0415 0
      vertex 3.47231 82.8033 0
    endloop
  endfacet
  facet normal 0.227139 0.973862 -0
    outer loop
      vertex -1.21931 81.8701 0
      vertex -1.61762 81.963 0.799999
      vertex -1.21931 81.8701 0.799999
    endloop
  endfacet
  facet normal 0.227139 0.973862 0
    outer loop
      vertex -1.61762 81.963 0.799999
      vertex -1.21931 81.8701 0
      vertex -1.61762 81.963 0
    endloop
  endfacet
  facet normal 0.634455 -0.77296 0
    outer loop
      vertex -4.12091 92.699 0
      vertex -3.80476 92.9585 0.799999
      vertex -4.12091 92.699 0.799999
    endloop
  endfacet
  facet normal 0.634455 -0.77296 0
    outer loop
      vertex -3.80476 92.9585 0.799999
      vertex -4.12091 92.699 0
      vertex -3.80476 92.9585 0
    endloop
  endfacet
  facet normal -0.683612 0.729846 0
    outer loop
      vertex 4.41942 83.5806 0
      vertex 4.12091 83.301 0.799999
      vertex 4.41942 83.5806 0.799999
    endloop
  endfacet
  facet normal -0.683612 0.729846 0
    outer loop
      vertex 4.12091 83.301 0.799999
      vertex 4.41942 83.5806 0
      vertex 4.12091 83.301 0
    endloop
  endfacet
  facet normal -0.729859 -0.683598 0
    outer loop
      vertex 4.699 92.1209 0
      vertex 4.41942 92.4194 0.799999
      vertex 4.41942 92.4194 0
    endloop
  endfacet
  facet normal -0.729859 -0.683598 0
    outer loop
      vertex 4.41942 92.4194 0.799999
      vertex 4.699 92.1209 0
      vertex 4.699 92.1209 0.799999
    endloop
  endfacet
  facet normal 0.4714 0.881919 -0
    outer loop
      vertex -2.7643 82.3945 0
      vertex -3.125 82.5873 0.799999
      vertex -2.7643 82.3945 0.799999
    endloop
  endfacet
  facet normal 0.4714 0.881919 0
    outer loop
      vertex -3.125 82.5873 0.799999
      vertex -2.7643 82.3945 0
      vertex -3.125 82.5873 0
    endloop
  endfacet
  facet normal 0 0 -1
    outer loop
      vertex 6.23662 87.5912 0.799999
      vertex 6.23662 88.4088 0.799999
      vertex 6.25 88 0.799999
    endloop
  endfacet
  facet normal 0 0 -1
    outer loop
      vertex 6.19653 87.1842 0.799999
      vertex 6.23662 88.4088 0.799999
      vertex 6.23662 87.5912 0.799999
    endloop
  endfacet
  facet normal 0 0 -1
    outer loop
      vertex 6.19653 87.1842 0.799999
      vertex 6.19653 88.8158 0.799999
      vertex 6.23662 88.4088 0.799999
    endloop
  endfacet
  facet normal 0 0 -1
    outer loop
      vertex 6.12991 86.7807 0.799999
      vertex 6.19653 88.8158 0.799999
      vertex 6.19653 87.1842 0.799999
    endloop
  endfacet
  facet normal 0 0 -1
    outer loop
      vertex 6.12991 86.7807 0.799999
      vertex 6.12991 89.2193 0.799999
      vertex 6.19653 88.8158 0.799999
    endloop
  endfacet
  facet normal 0 0 -1
    outer loop
      vertex 6.03704 86.3824 0.799999
      vertex 6.12991 89.2193 0.799999
      vertex 6.12991 86.7807 0.799999
    endloop
  endfacet
  facet normal 0 0 -1
    outer loop
      vertex 6.03704 86.3824 0.799999
      vertex 6.03704 89.6176 0.799999
      vertex 6.12991 89.2193 0.799999
    endloop
  endfacet
  facet normal 0 0 -1
    outer loop
      vertex 5.91831 85.991 0.799999
      vertex 6.03704 89.6176 0.799999
      vertex 6.03704 86.3824 0.799999
    endloop
  endfacet
  facet normal 0 0 -1
    outer loop
      vertex 5.91831 85.991 0.799999
      vertex 5.91831 90.009 0.799999
      vertex 6.03704 89.6176 0.799999
    endloop
  endfacet
  facet normal 0 0 -1
    outer loop
      vertex 5.77425 85.6082 0.799999
      vertex 5.91831 90.009 0.799999
      vertex 5.91831 85.991 0.799999
    endloop
  endfacet
  facet normal 0 0 -1
    outer loop
      vertex 5.77425 85.6082 0.799999
      vertex 5.77425 90.3918 0.799999
      vertex 5.91831 90.009 0.799999
    endloop
  endfacet
  facet normal 0 0 -1
    outer loop
      vertex 5.60545 85.2357 0.799999
      vertex 5.77425 90.3918 0.799999
      vertex 5.77425 85.6082 0.799999
    endloop
  endfacet
  facet normal 0 0 -1
    outer loop
      vertex 5.60545 85.2357 0.799999
      vertex 5.60545 90.7643 0.799999
      vertex 5.77425 90.3918 0.799999
    endloop
  endfacet
  facet normal 0 0 -1
    outer loop
      vertex 5.41266 84.875 0.799999
      vertex 5.60545 90.7643 0.799999
      vertex 5.60545 85.2357 0.799999
    endloop
  endfacet
  facet normal 0 0 -1
    outer loop
      vertex 5.41266 84.875 0.799999
      vertex 5.41266 91.125 0.799999
      vertex 5.60545 90.7643 0.799999
    endloop
  endfacet
  facet normal 0 0 -1
    outer loop
      vertex 5.19668 84.5277 0.799999
      vertex 5.41266 91.125 0.799999
      vertex 5.41266 84.875 0.799999
    endloop
  endfacet
  facet normal 0 0 -1
    outer loop
      vertex 5.19668 84.5277 0.799999
      vertex 5.19668 91.4723 0.799999
      vertex 5.41266 91.125 0.799999
    endloop
  endfacet
  facet normal 0 0 -1
    outer loop
      vertex 4.95846 84.1952 0.799999
      vertex 5.19668 91.4723 0.799999
      vertex 5.19668 84.5277 0.799999
    endloop
  endfacet
  facet normal 0 0 -1
    outer loop
      vertex 4.95846 84.1952 0.799999
      vertex 4.95846 91.8048 0.799999
      vertex 5.19668 91.4723 0.799999
    endloop
  endfacet
  facet normal 0 0 -1
    outer loop
      vertex 4.699 83.8791 0.799999
      vertex 4.95846 91.8048 0.799999
      vertex 4.95846 84.1952 0.799999
    endloop
  endfacet
  facet normal 0 0 -1
    outer loop
      vertex 4.699 83.8791 0.799999
      vertex 4.699 92.1209 0.799999
      vertex 4.95846 91.8048 0.799999
    endloop
  endfacet
  facet normal 0 0 -1
    outer loop
      vertex 4.41942 83.5806 0.799999
      vertex 4.699 92.1209 0.799999
      vertex 4.699 83.8791 0.799999
    endloop
  endfacet
  facet normal 0 0 -1
    outer loop
      vertex 4.41942 83.5806 0.799999
      vertex 4.41942 92.4194 0.799999
      vertex 4.699 92.1209 0.799999
    endloop
  endfacet
  facet normal 0 0 -1
    outer loop
      vertex 4.12091 83.301 0.799999
      vertex 4.41942 92.4194 0.799999
      vertex 4.41942 83.5806 0.799999
    endloop
  endfacet
  facet normal 0 0 -1
    outer loop
      vertex 4.12091 83.301 0.799999
      vertex 4.12091 92.699 0.799999
      vertex 4.41942 92.4194 0.799999
    endloop
  endfacet
  facet normal 0 0 -1
    outer loop
      vertex 3.80476 83.0415 0.799999
      vertex 4.12091 92.699 0.799999
      vertex 4.12091 83.301 0.799999
    endloop
  endfacet
  facet normal 0 0 -1
    outer loop
      vertex 3.80476 83.0415 0.799999
      vertex 3.80476 92.9585 0.799999
      vertex 4.12091 92.699 0.799999
    endloop
  endfacet
  facet normal 0 0 -1
    outer loop
      vertex 3.47231 82.8033 0.799999
      vertex 3.80476 92.9585 0.799999
      vertex 3.80476 83.0415 0.799999
    endloop
  endfacet
  facet normal 0 0 -1
    outer loop
      vertex 3.47231 82.8033 0.799999
      vertex 3.47231 93.1967 0.799999
      vertex 3.80476 92.9585 0.799999
    endloop
  endfacet
  facet normal 0 0 -1
    outer loop
      vertex 3.125 82.5873 0.799999
      vertex 3.47231 93.1967 0.799999
      vertex 3.47231 82.8033 0.799999
    endloop
  endfacet
  facet normal 0 0 -1
    outer loop
      vertex 3.125 82.5873 0.799999
      vertex 3.125 93.4127 0.799999
      vertex 3.47231 93.1967 0.799999
    endloop
  endfacet
  facet normal 0 0 -1
    outer loop
      vertex 2.7643 82.3945 0.799999
      vertex 3.125 93.4127 0.799999
      vertex 3.125 82.5873 0.799999
    endloop
  endfacet
  facet normal 0 0 -1
    outer loop
      vertex 2.7643 82.3945 0.799999
      vertex 2.7643 93.6055 0.799999
      vertex 3.125 93.4127 0.799999
    endloop
  endfacet
  facet normal 0 0 -1
    outer loop
      vertex 2.39177 82.2258 0.799999
      vertex 2.7643 93.6055 0.799999
      vertex 2.7643 82.3945 0.799999
    endloop
  endfacet
  facet normal 0 0 -1
    outer loop
      vertex 2.39177 82.2258 0.799999
      vertex 2.39177 93.7742 0.799999
      vertex 2.7643 93.6055 0.799999
    endloop
  endfacet
  facet normal 0 0 -1
    outer loop
      vertex 2.009 82.0817 0.799999
      vertex 2.39177 93.7742 0.799999
      vertex 2.39177 82.2258 0.799999
    endloop
  endfacet
  facet normal 0 0 -1
    outer loop
      vertex 2.009 82.0817 0.799999
      vertex 2.009 93.9183 0.799999
      vertex 2.39177 93.7742 0.799999
    endloop
  endfacet
  facet normal 0 0 -1
    outer loop
      vertex 1.61762 81.963 0.799999
      vertex 2.009 93.9183 0.799999
      vertex 2.009 82.0817 0.799999
    endloop
  endfacet
  facet normal 0 0 -1
    outer loop
      vertex 1.61762 81.963 0.799999
      vertex 1.61762 94.037 0.799999
      vertex 2.009 93.9183 0.799999
    endloop
  endfacet
  facet normal 0 0 -1
    outer loop
      vertex 1.21931 81.8701 0.799999
      vertex 1.61762 94.037 0.799999
      vertex 1.61762 81.963 0.799999
    endloop
  endfacet
  facet normal 0 0 -1
    outer loop
      vertex 1.21931 81.8701 0.799999
      vertex 1.21931 94.1299 0.799999
      vertex 1.61762 94.037 0.799999
    endloop
  endfacet
  facet normal 0 0 -1
    outer loop
      vertex 0.815788 81.8035 0.799999
      vertex 1.21931 94.1299 0.799999
      vertex 1.21931 81.8701 0.799999
    endloop
  endfacet
  facet normal 0 0 -1
    outer loop
      vertex 0.815788 81.8035 0.799999
      vertex 0.815788 94.1965 0.799999
      vertex 1.21931 94.1299 0.799999
    endloop
  endfacet
  facet normal 0 0 -1
    outer loop
      vertex 0.408769 81.7634 0.799999
      vertex 0.815788 94.1965 0.799999
      vertex 0.815788 81.8035 0.799999
    endloop
  endfacet
  facet normal 0 0 -1
    outer loop
      vertex 0.408769 81.7634 0.799999
      vertex 0.408769 94.2366 0.799999
      vertex 0.815788 94.1965 0.799999
    endloop
  endfacet
  facet normal 0 0 -1
    outer loop
      vertex 0 81.75 0.799999
      vertex 0.408769 94.2366 0.799999
      vertex 0.408769 81.7634 0.799999
    endloop
  endfacet
  facet normal 0 0 -1
    outer loop
      vertex 0 81.75 0.799999
      vertex 0 94.25 0.799999
      vertex 0.408769 94.2366 0.799999
    endloop
  endfacet
  facet normal 0 0 -1
    outer loop
      vertex -0.408769 81.7634 0.799999
      vertex 0 94.25 0.799999
      vertex 0 81.75 0.799999
    endloop
  endfacet
  facet normal 0 0 -1
    outer loop
      vertex -0.408769 81.7634 0.799999
      vertex -0.408769 94.2366 0.799999
      vertex 0 94.25 0.799999
    endloop
  endfacet
  facet normal 0 0 -1
    outer loop
      vertex -0.815788 81.8035 0.799999
      vertex -0.408769 94.2366 0.799999
      vertex -0.408769 81.7634 0.799999
    endloop
  endfacet
  facet normal 0 0 -1
    outer loop
      vertex -0.815788 81.8035 0.799999
      vertex -0.815788 94.1965 0.799999
      vertex -0.408769 94.2366 0.799999
    endloop
  endfacet
  facet normal 0 0 -1
    outer loop
      vertex -1.21931 81.8701 0.799999
      vertex -0.815788 94.1965 0.799999
      vertex -0.815788 81.8035 0.799999
    endloop
  endfacet
  facet normal 0 0 -1
    outer loop
      vertex -1.21931 81.8701 0.799999
      vertex -1.21931 94.1299 0.799999
      vertex -0.815788 94.1965 0.799999
    endloop
  endfacet
  facet normal 0 0 -1
    outer loop
      vertex -1.61762 81.963 0.799999
      vertex -1.21931 94.1299 0.799999
      vertex -1.21931 81.8701 0.799999
    endloop
  endfacet
  facet normal 0 0 -1
    outer loop
      vertex -1.61762 81.963 0.799999
      vertex -1.61762 94.037 0.799999
      vertex -1.21931 94.1299 0.799999
    endloop
  endfacet
  facet normal 0 0 -1
    outer loop
      vertex -2.009 82.0817 0.799999
      vertex -1.61762 94.037 0.799999
      vertex -1.61762 81.963 0.799999
    endloop
  endfacet
  facet normal 0 0 -1
    outer loop
      vertex -2.009 82.0817 0.799999
      vertex -2.009 93.9183 0.799999
      vertex -1.61762 94.037 0.799999
    endloop
  endfacet
  facet normal 0 0 -1
    outer loop
      vertex -2.39177 82.2258 0.799999
      vertex -2.009 93.9183 0.799999
      vertex -2.009 82.0817 0.799999
    endloop
  endfacet
  facet normal 0 0 -1
    outer loop
      vertex -2.39177 82.2258 0.799999
      vertex -2.39177 93.7742 0.799999
      vertex -2.009 93.9183 0.799999
    endloop
  endfacet
  facet normal 0 0 -1
    outer loop
      vertex -2.7643 82.3945 0.799999
      vertex -2.39177 93.7742 0.799999
      vertex -2.39177 82.2258 0.799999
    endloop
  endfacet
  facet normal 0 0 -1
    outer loop
      vertex -2.7643 82.3945 0.799999
      vertex -2.7643 93.6055 0.799999
      vertex -2.39177 93.7742 0.799999
    endloop
  endfacet
  facet normal 0 0 -1
    outer loop
      vertex -3.125 82.5873 0.799999
      vertex -2.7643 93.6055 0.799999
      vertex -2.7643 82.3945 0.799999
    endloop
  endfacet
  facet normal 0 0 -1
    outer loop
      vertex -3.125 82.5873 0.799999
      vertex -3.125 93.4127 0.799999
      vertex -2.7643 93.6055 0.799999
    endloop
  endfacet
  facet normal 0 0 -1
    outer loop
      vertex -3.47231 82.8033 0.799999
      vertex -3.125 93.4127 0.799999
      vertex -3.125 82.5873 0.799999
    endloop
  endfacet
  facet normal 0 0 -1
    outer loop
      vertex -3.47231 82.8033 0.799999
      vertex -3.47231 93.1967 0.799999
      vertex -3.125 93.4127 0.799999
    endloop
  endfacet
  facet normal 0 0 -1
    outer loop
      vertex -3.80476 83.0415 0.799999
      vertex -3.47231 93.1967 0.799999
      vertex -3.47231 82.8033 0.799999
    endloop
  endfacet
  facet normal 0 0 -1
    outer loop
      vertex -3.80476 83.0415 0.799999
      vertex -3.80476 92.9585 0.799999
      vertex -3.47231 93.1967 0.799999
    endloop
  endfacet
  facet normal 0 0 -1
    outer loop
      vertex -4.12091 83.301 0.799999
      vertex -3.80476 92.9585 0.799999
      vertex -3.80476 83.0415 0.799999
    endloop
  endfacet
  facet normal 0 0 -1
    outer loop
      vertex -4.12091 83.301 0.799999
      vertex -4.12091 92.699 0.799999
      vertex -3.80476 92.9585 0.799999
    endloop
  endfacet
  facet normal 0 0 -1
    outer loop
      vertex -4.41942 83.5806 0.799999
      vertex -4.12091 92.699 0.799999
      vertex -4.12091 83.301 0.799999
    endloop
  endfacet
  facet normal 0 0 -1
    outer loop
      vertex -4.41942 83.5806 0.799999
      vertex -4.41942 92.4194 0.799999
      vertex -4.12091 92.699 0.799999
    endloop
  endfacet
  facet normal 0 0 -1
    outer loop
      vertex -4.699 83.8791 0.799999
      vertex -4.41942 92.4194 0.799999
      vertex -4.41942 83.5806 0.799999
    endloop
  endfacet
  facet normal 0 0 -1
    outer loop
      vertex -4.699 83.8791 0.799999
      vertex -4.699 92.1209 0.799999
      vertex -4.41942 92.4194 0.799999
    endloop
  endfacet
  facet normal 0 0 -1
    outer loop
      vertex -4.95846 84.1952 0.799999
      vertex -4.699 92.1209 0.799999
      vertex -4.699 83.8791 0.799999
    endloop
  endfacet
  facet normal 0 0 -1
    outer loop
      vertex -4.95846 84.1952 0.799999
      vertex -4.95846 91.8048 0.799999
      vertex -4.699 92.1209 0.799999
    endloop
  endfacet
  facet normal 0 0 -1
    outer loop
      vertex -5.19668 84.5277 0.799999
      vertex -4.95846 91.8048 0.799999
      vertex -4.95846 84.1952 0.799999
    endloop
  endfacet
  facet normal 0 0 -1
    outer loop
      vertex -5.19668 84.5277 0.799999
      vertex -5.19668 91.4723 0.799999
      vertex -4.95846 91.8048 0.799999
    endloop
  endfacet
  facet normal 0 0 -1
    outer loop
      vertex -5.41266 84.875 0.799999
      vertex -5.19668 91.4723 0.799999
      vertex -5.19668 84.5277 0.799999
    endloop
  endfacet
  facet normal 0 0 -1
    outer loop
      vertex -5.41266 84.875 0.799999
      vertex -5.41266 91.125 0.799999
      vertex -5.19668 91.4723 0.799999
    endloop
  endfacet
  facet normal 0 0 -1
    outer loop
      vertex -5.60545 85.2357 0.799999
      vertex -5.41266 91.125 0.799999
      vertex -5.41266 84.875 0.799999
    endloop
  endfacet
  facet normal 0 0 -1
    outer loop
      vertex -5.60545 85.2357 0.799999
      vertex -5.60545 90.7643 0.799999
      vertex -5.41266 91.125 0.799999
    endloop
  endfacet
  facet normal 0 0 -1
    outer loop
      vertex -5.77425 85.6082 0.799999
      vertex -5.60545 90.7643 0.799999
      vertex -5.60545 85.2357 0.799999
    endloop
  endfacet
  facet normal 0 0 -1
    outer loop
      vertex -5.77425 85.6082 0.799999
      vertex -5.77425 90.3918 0.799999
      vertex -5.60545 90.7643 0.799999
    endloop
  endfacet
  facet normal 0 0 -1
    outer loop
      vertex -5.91831 85.991 0.799999
      vertex -5.77425 90.3918 0.799999
      vertex -5.77425 85.6082 0.799999
    endloop
  endfacet
  facet normal 0 0 -1
    outer loop
      vertex -5.91831 85.991 0.799999
      vertex -5.91831 90.009 0.799999
      vertex -5.77425 90.3918 0.799999
    endloop
  endfacet
  facet normal 0 0 -1
    outer loop
      vertex -6.03704 86.3824 0.799999
      vertex -5.91831 90.009 0.799999
      vertex -5.91831 85.991 0.799999
    endloop
  endfacet
  facet normal 0 0 -1
    outer loop
      vertex -6.03704 86.3824 0.799999
      vertex -6.03704 89.6176 0.799999
      vertex -5.91831 90.009 0.799999
    endloop
  endfacet
  facet normal 0 0 -1
    outer loop
      vertex -6.12991 86.7807 0.799999
      vertex -6.03704 89.6176 0.799999
      vertex -6.03704 86.3824 0.799999
    endloop
  endfacet
  facet normal 0 0 -1
    outer loop
      vertex -6.12991 86.7807 0.799999
      vertex -6.12991 89.2193 0.799999
      vertex -6.03704 89.6176 0.799999
    endloop
  endfacet
  facet normal 0 0 -1
    outer loop
      vertex -6.19653 87.1842 0.799999
      vertex -6.12991 89.2193 0.799999
      vertex -6.12991 86.7807 0.799999
    endloop
  endfacet
  facet normal 0 0 -1
    outer loop
      vertex -6.19653 87.1842 0.799999
      vertex -6.19653 88.8158 0.799999
      vertex -6.12991 89.2193 0.799999
    endloop
  endfacet
  facet normal 0 0 -1
    outer loop
      vertex -6.23662 87.5912 0.799999
      vertex -6.19653 88.8158 0.799999
      vertex -6.19653 87.1842 0.799999
    endloop
  endfacet
  facet normal 0 0 -1
    outer loop
      vertex -6.23662 87.5912 0.799999
      vertex -6.23662 88.4088 0.799999
      vertex -6.19653 88.8158 0.799999
    endloop
  endfacet
  facet normal 0 -0 -1
    outer loop
      vertex -6.23662 88.4088 0.799999
      vertex -6.23662 87.5912 0.799999
      vertex -6.25 88 0.799999
    endloop
  endfacet
  facet normal 0.634455 0.77296 -0
    outer loop
      vertex -3.80476 83.0415 0
      vertex -4.12091 83.301 0.799999
      vertex -3.80476 83.0415 0.799999
    endloop
  endfacet
  facet normal 0.634455 0.77296 0
    outer loop
      vertex -4.12091 83.301 0.799999
      vertex -3.80476 83.0415 0
      vertex -4.12091 83.301 0
    endloop
  endfacet
  facet normal -0.849186 0.528094 0
    outer loop
      vertex 5.19668 84.5277 0
      vertex 5.41266 84.875 0.799999
      vertex 5.41266 84.875 0
    endloop
  endfacet
  facet normal -0.849186 0.528094 0
    outer loop
      vertex 5.41266 84.875 0.799999
      vertex 5.19668 84.5277 0
      vertex 5.19668 84.5277 0.799999
    endloop
  endfacet
  facet normal -0.995184 0.0980268 0
    outer loop
      vertex 6.19653 87.1842 0
      vertex 6.23662 87.5912 0.799999
      vertex 6.23662 87.5912 0
    endloop
  endfacet
  facet normal -0.995184 0.0980268 0
    outer loop
      vertex 6.23662 87.5912 0.799999
      vertex 6.19653 87.1842 0
      vertex 6.19653 87.1842 0.799999
    endloop
  endfacet
  facet normal 0.528119 0.849171 -0
    outer loop
      vertex -3.125 82.5873 0
      vertex -3.47231 82.8033 0.799999
      vertex -3.125 82.5873 0.799999
    endloop
  endfacet
  facet normal 0.528119 0.849171 0
    outer loop
      vertex -3.47231 82.8033 0.799999
      vertex -3.125 82.5873 0
      vertex -3.47231 82.8033 0
    endloop
  endfacet
  facet normal 0.986643 -0.1629 0
    outer loop
      vertex -6.19653 88.8158 0.799999
      vertex -6.12991 89.2193 0
      vertex -6.12991 89.2193 0.799999
    endloop
  endfacet
  facet normal 0.986643 -0.1629 0
    outer loop
      vertex -6.12991 89.2193 0
      vertex -6.19653 88.8158 0.799999
      vertex -6.19653 88.8158 0
    endloop
  endfacet
  facet normal -0.999465 0.0327124 0
    outer loop
      vertex 6.23662 87.5912 0
      vertex 6.25 88 0.799999
      vertex 6.25 88 0
    endloop
  endfacet
  facet normal -0.999465 0.0327124 0
    outer loop
      vertex 6.25 88 0.799999
      vertex 6.23662 87.5912 0
      vertex 6.23662 87.5912 0.799999
    endloop
  endfacet
  facet normal -0.352326 0.935877 0
    outer loop
      vertex 2.39177 82.2258 0
      vertex 2.009 82.0817 0.799999
      vertex 2.39177 82.2258 0.799999
    endloop
  endfacet
  facet normal -0.352326 0.935877 0
    outer loop
      vertex 2.009 82.0817 0.799999
      vertex 2.39177 82.2258 0
      vertex 2.009 82.0817 0
    endloop
  endfacet
  facet normal 0.582429 0.812882 -0
    outer loop
      vertex -3.47231 82.8033 0
      vertex -3.80476 83.0415 0.799999
      vertex -3.47231 82.8033 0.799999
    endloop
  endfacet
  facet normal 0.582429 0.812882 0
    outer loop
      vertex -3.80476 83.0415 0.799999
      vertex -3.47231 82.8033 0
      vertex -3.80476 83.0415 0
    endloop
  endfacet
  facet normal -0.8129 0.582403 0
    outer loop
      vertex 4.95846 84.1952 0
      vertex 5.19668 84.5277 0.799999
      vertex 5.19668 84.5277 0
    endloop
  endfacet
  facet normal -0.8129 0.582403 0
    outer loop
      vertex 5.19668 84.5277 0.799999
      vertex 4.95846 84.1952 0
      vertex 4.95846 84.1952 0.799999
    endloop
  endfacet
  facet normal -0.772958 0.634457 0
    outer loop
      vertex 4.699 83.8791 0
      vertex 4.95846 84.1952 0.799999
      vertex 4.95846 84.1952 0
    endloop
  endfacet
  facet normal -0.772958 0.634457 0
    outer loop
      vertex 4.95846 84.1952 0.799999
      vertex 4.699 83.8791 0
      vertex 4.699 83.8791 0.799999
    endloop
  endfacet
  facet normal -0.935877 -0.352326 0
    outer loop
      vertex -82.0817 2.009 0
      vertex -82.2258 2.39177 0.799999
      vertex -82.2258 2.39177 0
    endloop
  endfacet
  facet normal -0.935877 -0.352326 0
    outer loop
      vertex -82.2258 2.39177 0.799999
      vertex -82.0817 2.009 0
      vertex -82.0817 2.009 0.799999
    endloop
  endfacet
  facet normal -0.290285 0.95694 0
    outer loop
      vertex -85.991 -5.91831 0
      vertex -86.3824 -6.03704 0.799999
      vertex -85.991 -5.91831 0.799999
    endloop
  endfacet
  facet normal -0.290285 0.95694 0
    outer loop
      vertex -86.3824 -6.03704 0.799999
      vertex -85.991 -5.91831 0
      vertex -86.3824 -6.03704 0
    endloop
  endfacet
  facet normal 0.812882 0.582429 0
    outer loop
      vertex -92.9585 -3.80476 0.799999
      vertex -93.1967 -3.47231 0
      vertex -93.1967 -3.47231 0.799999
    endloop
  endfacet
  facet normal 0.812882 0.582429 0
    outer loop
      vertex -93.1967 -3.47231 0
      vertex -92.9585 -3.80476 0.799999
      vertex -92.9585 -3.80476 0
    endloop
  endfacet
  facet normal 0.528094 0.849186 -0
    outer loop
      vertex -91.125 -5.41266 0
      vertex -91.4723 -5.19668 0.799999
      vertex -91.125 -5.41266 0.799999
    endloop
  endfacet
  facet normal 0.528094 0.849186 0
    outer loop
      vertex -91.4723 -5.19668 0.799999
      vertex -91.125 -5.41266 0
      vertex -91.4723 -5.19668 0
    endloop
  endfacet
  facet normal 0.582403 0.8129 -0
    outer loop
      vertex -91.4723 -5.19668 0
      vertex -91.8048 -4.95846 0.799999
      vertex -91.4723 -5.19668 0.799999
    endloop
  endfacet
  facet normal 0.582403 0.8129 0
    outer loop
      vertex -91.8048 -4.95846 0.799999
      vertex -91.4723 -5.19668 0
      vertex -91.8048 -4.95846 0
    endloop
  endfacet
  facet normal 0.77296 -0.634455 0
    outer loop
      vertex -92.9585 3.80476 0.799999
      vertex -92.699 4.12091 0
      vertex -92.699 4.12091 0.799999
    endloop
  endfacet
  facet normal 0.77296 -0.634455 0
    outer loop
      vertex -92.699 4.12091 0
      vertex -92.9585 3.80476 0.799999
      vertex -92.9585 3.80476 0
    endloop
  endfacet
  facet normal 0.999463 0.0327638 0
    outer loop
      vertex -94.2366 -0.408769 0.799999
      vertex -94.25 0 0
      vertex -94.25 0 0.799999
    endloop
  endfacet
  facet normal 0.999463 0.0327638 0
    outer loop
      vertex -94.25 0 0
      vertex -94.2366 -0.408769 0.799999
      vertex -94.2366 -0.408769 0
    endloop
  endfacet
  facet normal 0.956957 0.290231 0
    outer loop
      vertex -93.9183 -2.009 0.799999
      vertex -94.037 -1.61762 0
      vertex -94.037 -1.61762 0.799999
    endloop
  endfacet
  facet normal 0.956957 0.290231 0
    outer loop
      vertex -94.037 -1.61762 0
      vertex -93.9183 -2.009 0.799999
      vertex -93.9183 -2.009 0
    endloop
  endfacet
  facet normal 0.910948 0.412522 0
    outer loop
      vertex -93.6055 -2.7643 0.799999
      vertex -93.7742 -2.39177 0
      vertex -93.7742 -2.39177 0.799999
    endloop
  endfacet
  facet normal 0.910948 0.412522 0
    outer loop
      vertex -93.7742 -2.39177 0
      vertex -93.6055 -2.7643 0.799999
      vertex -93.6055 -2.7643 0
    endloop
  endfacet
  facet normal -0.227075 0.973877 0
    outer loop
      vertex -86.3824 -6.03704 0
      vertex -86.7807 -6.12991 0.799999
      vertex -86.3824 -6.03704 0.799999
    endloop
  endfacet
  facet normal -0.227075 0.973877 0
    outer loop
      vertex -86.7807 -6.12991 0.799999
      vertex -86.3824 -6.03704 0
      vertex -86.7807 -6.12991 0
    endloop
  endfacet
  facet normal -0.986652 -0.162844 0
    outer loop
      vertex -81.8035 0.815788 0
      vertex -81.8701 1.21931 0.799999
      vertex -81.8701 1.21931 0
    endloop
  endfacet
  facet normal -0.986652 -0.162844 0
    outer loop
      vertex -81.8701 1.21931 0.799999
      vertex -81.8035 0.815788 0
      vertex -81.8035 0.815788 0.799999
    endloop
  endfacet
  facet normal 0.227075 -0.973877 0
    outer loop
      vertex -89.6176 6.03704 0
      vertex -89.2193 6.12991 0.799999
      vertex -89.6176 6.03704 0.799999
    endloop
  endfacet
  facet normal 0.227075 -0.973877 0
    outer loop
      vertex -89.2193 6.12991 0.799999
      vertex -89.6176 6.03704 0
      vertex -89.2193 6.12991 0
    endloop
  endfacet
  facet normal 0.1629 0.986643 -0
    outer loop
      vertex -88.8158 -6.19653 0
      vertex -89.2193 -6.12991 0.799999
      vertex -88.8158 -6.19653 0.799999
    endloop
  endfacet
  facet normal 0.1629 0.986643 0
    outer loop
      vertex -89.2193 -6.12991 0.799999
      vertex -88.8158 -6.19653 0
      vertex -89.2193 -6.12991 0
    endloop
  endfacet
  facet normal -0.729846 0.683612 0
    outer loop
      vertex -83.5806 -4.41942 0
      vertex -83.301 -4.12091 0.799999
      vertex -83.301 -4.12091 0
    endloop
  endfacet
  facet normal -0.729846 0.683612 0
    outer loop
      vertex -83.301 -4.12091 0.799999
      vertex -83.5806 -4.41942 0
      vertex -83.5806 -4.41942 0.799999
    endloop
  endfacet
  facet normal 0.910948 -0.412522 0
    outer loop
      vertex -93.7742 2.39177 0.799999
      vertex -93.6055 2.7643 0
      vertex -93.6055 2.7643 0.799999
    endloop
  endfacet
  facet normal 0.910948 -0.412522 0
    outer loop
      vertex -93.6055 2.7643 0
      vertex -93.7742 2.39177 0.799999
      vertex -93.7742 2.39177 0
    endloop
  endfacet
  facet normal -0.956957 -0.290231 0
    outer loop
      vertex -81.963 1.61762 0
      vertex -82.0817 2.009 0.799999
      vertex -82.0817 2.009 0
    endloop
  endfacet
  facet normal -0.956957 -0.290231 0
    outer loop
      vertex -82.0817 2.009 0.799999
      vertex -81.963 1.61762 0
      vertex -81.963 1.61762 0.799999
    endloop
  endfacet
  facet normal 0.986652 0.162844 0
    outer loop
      vertex -94.1299 -1.21931 0.799999
      vertex -94.1965 -0.815788 0
      vertex -94.1965 -0.815788 0.799999
    endloop
  endfacet
  facet normal 0.986652 0.162844 0
    outer loop
      vertex -94.1965 -0.815788 0
      vertex -94.1299 -1.21931 0.799999
      vertex -94.1299 -1.21931 0
    endloop
  endfacet
  facet normal -0.0327124 -0.999465 0
    outer loop
      vertex -88 6.25 0
      vertex -87.5912 6.23662 0.799999
      vertex -88 6.25 0.799999
    endloop
  endfacet
  facet normal -0.0327124 -0.999465 -0
    outer loop
      vertex -87.5912 6.23662 0.799999
      vertex -88 6.25 0
      vertex -87.5912 6.23662 0
    endloop
  endfacet
  facet normal -0.0327124 0.999465 0
    outer loop
      vertex -87.5912 -6.23662 0
      vertex -88 -6.25 0.799999
      vertex -87.5912 -6.23662 0.799999
    endloop
  endfacet
  facet normal -0.0327124 0.999465 0
    outer loop
      vertex -88 -6.25 0.799999
      vertex -87.5912 -6.23662 0
      vertex -88 -6.25 0
    endloop
  endfacet
  facet normal 0.1629 -0.986643 0
    outer loop
      vertex -89.2193 6.12991 0
      vertex -88.8158 6.19653 0.799999
      vertex -89.2193 6.12991 0.799999
    endloop
  endfacet
  facet normal 0.1629 -0.986643 0
    outer loop
      vertex -88.8158 6.19653 0.799999
      vertex -89.2193 6.12991 0
      vertex -88.8158 6.19653 0
    endloop
  endfacet
  facet normal -0.973862 -0.227139 0
    outer loop
      vertex -81.8701 1.21931 0
      vertex -81.963 1.61762 0.799999
      vertex -81.963 1.61762 0
    endloop
  endfacet
  facet normal -0.973862 -0.227139 0
    outer loop
      vertex -81.963 1.61762 0.799999
      vertex -81.8701 1.21931 0
      vertex -81.8701 1.21931 0.799999
    endloop
  endfacet
  facet normal 0.881919 0.4714 0
    outer loop
      vertex -93.4127 -3.125 0.799999
      vertex -93.6055 -2.7643 0
      vertex -93.6055 -2.7643 0.799999
    endloop
  endfacet
  facet normal 0.881919 0.4714 0
    outer loop
      vertex -93.6055 -2.7643 0
      vertex -93.4127 -3.125 0.799999
      vertex -93.4127 -3.125 0
    endloop
  endfacet
  facet normal -0.729846 -0.683612 0
    outer loop
      vertex -83.301 4.12091 0
      vertex -83.5806 4.41942 0.799999
      vertex -83.5806 4.41942 0
    endloop
  endfacet
  facet normal -0.729846 -0.683612 0
    outer loop
      vertex -83.5806 4.41942 0.799999
      vertex -83.301 4.12091 0
      vertex -83.301 4.12091 0.799999
    endloop
  endfacet
  facet normal 0.956957 -0.290231 0
    outer loop
      vertex -94.037 1.61762 0.799999
      vertex -93.9183 2.009 0
      vertex -93.9183 2.009 0.799999
    endloop
  endfacet
  facet normal 0.956957 -0.290231 0
    outer loop
      vertex -93.9183 2.009 0
      vertex -94.037 1.61762 0.799999
      vertex -94.037 1.61762 0
    endloop
  endfacet
  facet normal -0.412753 -0.910843 0
    outer loop
      vertex -85.6082 5.77425 0
      vertex -85.2357 5.60545 0.799999
      vertex -85.6082 5.77425 0.799999
    endloop
  endfacet
  facet normal -0.412753 -0.910843 -0
    outer loop
      vertex -85.2357 5.60545 0.799999
      vertex -85.6082 5.77425 0
      vertex -85.2357 5.60545 0
    endloop
  endfacet
  facet normal -0.0980268 0.995184 0
    outer loop
      vertex -87.1842 -6.19653 0
      vertex -87.5912 -6.23662 0.799999
      vertex -87.1842 -6.19653 0.799999
    endloop
  endfacet
  facet normal -0.0980268 0.995184 0
    outer loop
      vertex -87.5912 -6.23662 0.799999
      vertex -87.1842 -6.19653 0
      vertex -87.5912 -6.23662 0
    endloop
  endfacet
  facet normal 0.995182 -0.0980465 0
    outer loop
      vertex -94.2366 0.408769 0.799999
      vertex -94.1965 0.815788 0
      vertex -94.1965 0.815788 0.799999
    endloop
  endfacet
  facet normal 0.995182 -0.0980465 0
    outer loop
      vertex -94.1965 0.815788 0
      vertex -94.2366 0.408769 0.799999
      vertex -94.2366 0.408769 0
    endloop
  endfacet
  facet normal 0.812882 -0.582429 0
    outer loop
      vertex -93.1967 3.47231 0.799999
      vertex -92.9585 3.80476 0
      vertex -92.9585 3.80476 0.799999
    endloop
  endfacet
  facet normal 0.812882 -0.582429 0
    outer loop
      vertex -92.9585 3.80476 0
      vertex -93.1967 3.47231 0.799999
      vertex -93.1967 3.47231 0
    endloop
  endfacet
  facet normal 0.986652 -0.162844 0
    outer loop
      vertex -94.1965 0.815788 0.799999
      vertex -94.1299 1.21931 0
      vertex -94.1299 1.21931 0.799999
    endloop
  endfacet
  facet normal 0.986652 -0.162844 0
    outer loop
      vertex -94.1299 1.21931 0
      vertex -94.1965 0.815788 0.799999
      vertex -94.1965 0.815788 0
    endloop
  endfacet
  facet normal 0.995182 0.0980465 0
    outer loop
      vertex -94.1965 -0.815788 0.799999
      vertex -94.2366 -0.408769 0
      vertex -94.2366 -0.408769 0.799999
    endloop
  endfacet
  facet normal 0.995182 0.0980465 0
    outer loop
      vertex -94.2366 -0.408769 0
      vertex -94.1965 -0.815788 0.799999
      vertex -94.1965 -0.815788 0
    endloop
  endfacet
  facet normal 0.0980268 -0.995184 0
    outer loop
      vertex -88.8158 6.19653 0
      vertex -88.4088 6.23662 0.799999
      vertex -88.8158 6.19653 0.799999
    endloop
  endfacet
  facet normal 0.0980268 -0.995184 0
    outer loop
      vertex -88.4088 6.23662 0.799999
      vertex -88.8158 6.19653 0
      vertex -88.4088 6.23662 0
    endloop
  endfacet
  facet normal 0.881919 -0.4714 0
    outer loop
      vertex -93.6055 2.7643 0.799999
      vertex -93.4127 3.125 0
      vertex -93.4127 3.125 0.799999
    endloop
  endfacet
  facet normal 0.881919 -0.4714 0
    outer loop
      vertex -93.4127 3.125 0
      vertex -93.6055 2.7643 0.799999
      vertex -93.6055 2.7643 0
    endloop
  endfacet
  facet normal -0.582403 0.8129 0
    outer loop
      vertex -84.1952 -4.95846 0
      vertex -84.5277 -5.19668 0.799999
      vertex -84.1952 -4.95846 0.799999
    endloop
  endfacet
  facet normal -0.582403 0.8129 0
    outer loop
      vertex -84.5277 -5.19668 0.799999
      vertex -84.1952 -4.95846 0
      vertex -84.5277 -5.19668 0
    endloop
  endfacet
  facet normal 0.227075 0.973877 -0
    outer loop
      vertex -89.2193 -6.12991 0
      vertex -89.6176 -6.03704 0.799999
      vertex -89.2193 -6.12991 0.799999
    endloop
  endfacet
  facet normal 0.227075 0.973877 0
    outer loop
      vertex -89.6176 -6.03704 0.799999
      vertex -89.2193 -6.12991 0
      vertex -89.6176 -6.03704 0
    endloop
  endfacet
  facet normal -0.471381 0.88193 0
    outer loop
      vertex -84.875 -5.41266 0
      vertex -85.2357 -5.60545 0.799999
      vertex -84.875 -5.41266 0.799999
    endloop
  endfacet
  facet normal -0.471381 0.88193 0
    outer loop
      vertex -85.2357 -5.60545 0.799999
      vertex -84.875 -5.41266 0
      vertex -85.2357 -5.60545 0
    endloop
  endfacet
  facet normal 0.471381 0.88193 -0
    outer loop
      vertex -90.7643 -5.60545 0
      vertex -91.125 -5.41266 0.799999
      vertex -90.7643 -5.60545 0.799999
    endloop
  endfacet
  facet normal 0.471381 0.88193 0
    outer loop
      vertex -91.125 -5.41266 0.799999
      vertex -90.7643 -5.60545 0
      vertex -91.125 -5.41266 0
    endloop
  endfacet
  facet normal 0.634457 0.772958 -0
    outer loop
      vertex -91.8048 -4.95846 0
      vertex -92.1209 -4.699 0.799999
      vertex -91.8048 -4.95846 0.799999
    endloop
  endfacet
  facet normal 0.634457 0.772958 0
    outer loop
      vertex -92.1209 -4.699 0.799999
      vertex -91.8048 -4.95846 0
      vertex -92.1209 -4.699 0
    endloop
  endfacet
  facet normal 0.634457 -0.772958 0
    outer loop
      vertex -92.1209 4.699 0
      vertex -91.8048 4.95846 0.799999
      vertex -92.1209 4.699 0.799999
    endloop
  endfacet
  facet normal 0.634457 -0.772958 0
    outer loop
      vertex -91.8048 4.95846 0.799999
      vertex -92.1209 4.699 0
      vertex -91.8048 4.95846 0
    endloop
  endfacet
  facet normal 0.0327124 0.999465 -0
    outer loop
      vertex -88 -6.25 0
      vertex -88.4088 -6.23662 0.799999
      vertex -88 -6.25 0.799999
    endloop
  endfacet
  facet normal 0.0327124 0.999465 0
    outer loop
      vertex -88.4088 -6.23662 0.799999
      vertex -88 -6.25 0
      vertex -88.4088 -6.23662 0
    endloop
  endfacet
  facet normal 0.582403 -0.8129 0
    outer loop
      vertex -91.8048 4.95846 0
      vertex -91.4723 5.19668 0.799999
      vertex -91.8048 4.95846 0.799999
    endloop
  endfacet
  facet normal 0.582403 -0.8129 0
    outer loop
      vertex -91.4723 5.19668 0.799999
      vertex -91.8048 4.95846 0
      vertex -91.4723 5.19668 0
    endloop
  endfacet
  facet normal -0.582403 -0.8129 0
    outer loop
      vertex -84.5277 5.19668 0
      vertex -84.1952 4.95846 0.799999
      vertex -84.5277 5.19668 0.799999
    endloop
  endfacet
  facet normal -0.582403 -0.8129 -0
    outer loop
      vertex -84.1952 4.95846 0.799999
      vertex -84.5277 5.19668 0
      vertex -84.1952 4.95846 0
    endloop
  endfacet
  facet normal 0.683598 0.729859 -0
    outer loop
      vertex -92.1209 -4.699 0
      vertex -92.4194 -4.41942 0.799999
      vertex -92.1209 -4.699 0.799999
    endloop
  endfacet
  facet normal 0.683598 0.729859 0
    outer loop
      vertex -92.4194 -4.41942 0.799999
      vertex -92.1209 -4.699 0
      vertex -92.4194 -4.41942 0
    endloop
  endfacet
  facet normal -0.0980268 -0.995184 0
    outer loop
      vertex -87.5912 6.23662 0
      vertex -87.1842 6.19653 0.799999
      vertex -87.5912 6.23662 0.799999
    endloop
  endfacet
  facet normal -0.0980268 -0.995184 -0
    outer loop
      vertex -87.1842 6.19653 0.799999
      vertex -87.5912 6.23662 0
      vertex -87.1842 6.19653 0
    endloop
  endfacet
  facet normal -0.683598 0.729859 0
    outer loop
      vertex -83.5806 -4.41942 0
      vertex -83.8791 -4.699 0.799999
      vertex -83.5806 -4.41942 0.799999
    endloop
  endfacet
  facet normal -0.683598 0.729859 0
    outer loop
      vertex -83.8791 -4.699 0.799999
      vertex -83.5806 -4.41942 0
      vertex -83.8791 -4.699 0
    endloop
  endfacet
  facet normal 0.290285 0.95694 -0
    outer loop
      vertex -89.6176 -6.03704 0
      vertex -90.009 -5.91831 0.799999
      vertex -89.6176 -6.03704 0.799999
    endloop
  endfacet
  facet normal 0.290285 0.95694 0
    outer loop
      vertex -90.009 -5.91831 0.799999
      vertex -89.6176 -6.03704 0
      vertex -90.009 -5.91831 0
    endloop
  endfacet
  facet normal -0.910948 0.412522 0
    outer loop
      vertex -82.3945 -2.7643 0
      vertex -82.2258 -2.39177 0.799999
      vertex -82.2258 -2.39177 0
    endloop
  endfacet
  facet normal -0.910948 0.412522 0
    outer loop
      vertex -82.2258 -2.39177 0.799999
      vertex -82.3945 -2.7643 0
      vertex -82.3945 -2.7643 0.799999
    endloop
  endfacet
  facet normal -0.999463 -0.0327638 0
    outer loop
      vertex -81.75 0 0
      vertex -81.7634 0.408769 0.799999
      vertex -81.7634 0.408769 0
    endloop
  endfacet
  facet normal -0.999463 -0.0327638 0
    outer loop
      vertex -81.7634 0.408769 0.799999
      vertex -81.75 0 0
      vertex -81.75 0 0.799999
    endloop
  endfacet
  facet normal 0.935877 0.352326 0
    outer loop
      vertex -93.7742 -2.39177 0.799999
      vertex -93.9183 -2.009 0
      vertex -93.9183 -2.009 0.799999
    endloop
  endfacet
  facet normal 0.935877 0.352326 0
    outer loop
      vertex -93.9183 -2.009 0
      vertex -93.7742 -2.39177 0.799999
      vertex -93.7742 -2.39177 0
    endloop
  endfacet
  facet normal 0.999463 -0.0327638 0
    outer loop
      vertex -94.25 0 0.799999
      vertex -94.2366 0.408769 0
      vertex -94.2366 0.408769 0.799999
    endloop
  endfacet
  facet normal 0.999463 -0.0327638 0
    outer loop
      vertex -94.2366 0.408769 0
      vertex -94.25 0 0.799999
      vertex -94.25 0 0
    endloop
  endfacet
  facet normal -0.77296 0.634455 0
    outer loop
      vertex -83.301 -4.12091 0
      vertex -83.0415 -3.80476 0.799999
      vertex -83.0415 -3.80476 0
    endloop
  endfacet
  facet normal -0.77296 0.634455 0
    outer loop
      vertex -83.0415 -3.80476 0.799999
      vertex -83.301 -4.12091 0
      vertex -83.301 -4.12091 0.799999
    endloop
  endfacet
  facet normal -0.77296 -0.634455 0
    outer loop
      vertex -83.0415 3.80476 0
      vertex -83.301 4.12091 0.799999
      vertex -83.301 4.12091 0
    endloop
  endfacet
  facet normal -0.77296 -0.634455 0
    outer loop
      vertex -83.301 4.12091 0.799999
      vertex -83.0415 3.80476 0
      vertex -83.0415 3.80476 0.799999
    endloop
  endfacet
  facet normal -0.910948 -0.412522 0
    outer loop
      vertex -82.2258 2.39177 0
      vertex -82.3945 2.7643 0.799999
      vertex -82.3945 2.7643 0
    endloop
  endfacet
  facet normal -0.910948 -0.412522 0
    outer loop
      vertex -82.3945 2.7643 0.799999
      vertex -82.2258 2.39177 0
      vertex -82.2258 2.39177 0.799999
    endloop
  endfacet
  facet normal 0.729846 -0.683612 0
    outer loop
      vertex -92.699 4.12091 0.799999
      vertex -92.4194 4.41942 0
      vertex -92.4194 4.41942 0.799999
    endloop
  endfacet
  facet normal 0.729846 -0.683612 0
    outer loop
      vertex -92.4194 4.41942 0
      vertex -92.699 4.12091 0.799999
      vertex -92.699 4.12091 0
    endloop
  endfacet
  facet normal -0.881919 0.4714 0
    outer loop
      vertex -82.5873 -3.125 0
      vertex -82.3945 -2.7643 0.799999
      vertex -82.3945 -2.7643 0
    endloop
  endfacet
  facet normal -0.881919 0.4714 0
    outer loop
      vertex -82.3945 -2.7643 0.799999
      vertex -82.5873 -3.125 0
      vertex -82.5873 -3.125 0.799999
    endloop
  endfacet
  facet normal 0.683598 -0.729859 0
    outer loop
      vertex -92.4194 4.41942 0
      vertex -92.1209 4.699 0.799999
      vertex -92.4194 4.41942 0.799999
    endloop
  endfacet
  facet normal 0.683598 -0.729859 0
    outer loop
      vertex -92.1209 4.699 0.799999
      vertex -92.4194 4.41942 0
      vertex -92.1209 4.699 0
    endloop
  endfacet
  facet normal 0.0327124 -0.999465 0
    outer loop
      vertex -88.4088 6.23662 0
      vertex -88 6.25 0.799999
      vertex -88.4088 6.23662 0.799999
    endloop
  endfacet
  facet normal 0.0327124 -0.999465 0
    outer loop
      vertex -88 6.25 0.799999
      vertex -88.4088 6.23662 0
      vertex -88 6.25 0
    endloop
  endfacet
  facet normal 0 0 -1
    outer loop
      vertex -81.7634 -0.408769 0.799999
      vertex -81.7634 0.408769 0.799999
      vertex -81.75 0 0.799999
    endloop
  endfacet
  facet normal 0 0 -1
    outer loop
      vertex -81.8035 -0.815788 0.799999
      vertex -81.7634 0.408769 0.799999
      vertex -81.7634 -0.408769 0.799999
    endloop
  endfacet
  facet normal 0 0 -1
    outer loop
      vertex -81.8035 -0.815788 0.799999
      vertex -81.8035 0.815788 0.799999
      vertex -81.7634 0.408769 0.799999
    endloop
  endfacet
  facet normal 0 0 -1
    outer loop
      vertex -81.8701 -1.21931 0.799999
      vertex -81.8035 0.815788 0.799999
      vertex -81.8035 -0.815788 0.799999
    endloop
  endfacet
  facet normal 0 0 -1
    outer loop
      vertex -81.8701 -1.21931 0.799999
      vertex -81.8701 1.21931 0.799999
      vertex -81.8035 0.815788 0.799999
    endloop
  endfacet
  facet normal 0 0 -1
    outer loop
      vertex -81.963 -1.61762 0.799999
      vertex -81.8701 1.21931 0.799999
      vertex -81.8701 -1.21931 0.799999
    endloop
  endfacet
  facet normal 0 0 -1
    outer loop
      vertex -81.963 -1.61762 0.799999
      vertex -81.963 1.61762 0.799999
      vertex -81.8701 1.21931 0.799999
    endloop
  endfacet
  facet normal 0 0 -1
    outer loop
      vertex -82.0817 -2.009 0.799999
      vertex -81.963 1.61762 0.799999
      vertex -81.963 -1.61762 0.799999
    endloop
  endfacet
  facet normal 0 0 -1
    outer loop
      vertex -82.0817 -2.009 0.799999
      vertex -82.0817 2.009 0.799999
      vertex -81.963 1.61762 0.799999
    endloop
  endfacet
  facet normal 0 0 -1
    outer loop
      vertex -82.2258 -2.39177 0.799999
      vertex -82.0817 2.009 0.799999
      vertex -82.0817 -2.009 0.799999
    endloop
  endfacet
  facet normal 0 0 -1
    outer loop
      vertex -82.2258 -2.39177 0.799999
      vertex -82.2258 2.39177 0.799999
      vertex -82.0817 2.009 0.799999
    endloop
  endfacet
  facet normal 0 0 -1
    outer loop
      vertex -82.3945 -2.7643 0.799999
      vertex -82.2258 2.39177 0.799999
      vertex -82.2258 -2.39177 0.799999
    endloop
  endfacet
  facet normal 0 0 -1
    outer loop
      vertex -82.3945 -2.7643 0.799999
      vertex -82.3945 2.7643 0.799999
      vertex -82.2258 2.39177 0.799999
    endloop
  endfacet
  facet normal 0 0 -1
    outer loop
      vertex -82.5873 -3.125 0.799999
      vertex -82.3945 2.7643 0.799999
      vertex -82.3945 -2.7643 0.799999
    endloop
  endfacet
  facet normal 0 0 -1
    outer loop
      vertex -82.5873 -3.125 0.799999
      vertex -82.5873 3.125 0.799999
      vertex -82.3945 2.7643 0.799999
    endloop
  endfacet
  facet normal 0 0 -1
    outer loop
      vertex -82.8033 -3.47231 0.799999
      vertex -82.5873 3.125 0.799999
      vertex -82.5873 -3.125 0.799999
    endloop
  endfacet
  facet normal 0 0 -1
    outer loop
      vertex -82.8033 -3.47231 0.799999
      vertex -82.8033 3.47231 0.799999
      vertex -82.5873 3.125 0.799999
    endloop
  endfacet
  facet normal 0 0 -1
    outer loop
      vertex -83.0415 -3.80476 0.799999
      vertex -82.8033 3.47231 0.799999
      vertex -82.8033 -3.47231 0.799999
    endloop
  endfacet
  facet normal 0 0 -1
    outer loop
      vertex -83.0415 -3.80476 0.799999
      vertex -83.0415 3.80476 0.799999
      vertex -82.8033 3.47231 0.799999
    endloop
  endfacet
  facet normal 0 0 -1
    outer loop
      vertex -83.301 -4.12091 0.799999
      vertex -83.0415 3.80476 0.799999
      vertex -83.0415 -3.80476 0.799999
    endloop
  endfacet
  facet normal 0 0 -1
    outer loop
      vertex -83.301 -4.12091 0.799999
      vertex -83.301 4.12091 0.799999
      vertex -83.0415 3.80476 0.799999
    endloop
  endfacet
  facet normal 0 0 -1
    outer loop
      vertex -83.5806 -4.41942 0.799999
      vertex -83.301 4.12091 0.799999
      vertex -83.301 -4.12091 0.799999
    endloop
  endfacet
  facet normal 0 0 -1
    outer loop
      vertex -83.5806 -4.41942 0.799999
      vertex -83.5806 4.41942 0.799999
      vertex -83.301 4.12091 0.799999
    endloop
  endfacet
  facet normal 0 0 -1
    outer loop
      vertex -83.8791 -4.699 0.799999
      vertex -83.5806 4.41942 0.799999
      vertex -83.5806 -4.41942 0.799999
    endloop
  endfacet
  facet normal 0 0 -1
    outer loop
      vertex -83.8791 -4.699 0.799999
      vertex -83.8791 4.699 0.799999
      vertex -83.5806 4.41942 0.799999
    endloop
  endfacet
  facet normal 0 0 -1
    outer loop
      vertex -84.1952 -4.95846 0.799999
      vertex -83.8791 4.699 0.799999
      vertex -83.8791 -4.699 0.799999
    endloop
  endfacet
  facet normal 0 0 -1
    outer loop
      vertex -84.1952 -4.95846 0.799999
      vertex -84.1952 4.95846 0.799999
      vertex -83.8791 4.699 0.799999
    endloop
  endfacet
  facet normal 0 0 -1
    outer loop
      vertex -84.5277 -5.19668 0.799999
      vertex -84.1952 4.95846 0.799999
      vertex -84.1952 -4.95846 0.799999
    endloop
  endfacet
  facet normal 0 0 -1
    outer loop
      vertex -84.5277 -5.19668 0.799999
      vertex -84.5277 5.19668 0.799999
      vertex -84.1952 4.95846 0.799999
    endloop
  endfacet
  facet normal 0 0 -1
    outer loop
      vertex -84.875 -5.41266 0.799999
      vertex -84.5277 5.19668 0.799999
      vertex -84.5277 -5.19668 0.799999
    endloop
  endfacet
  facet normal 0 0 -1
    outer loop
      vertex -84.875 -5.41266 0.799999
      vertex -84.875 5.41266 0.799999
      vertex -84.5277 5.19668 0.799999
    endloop
  endfacet
  facet normal 0 0 -1
    outer loop
      vertex -85.2357 -5.60545 0.799999
      vertex -84.875 5.41266 0.799999
      vertex -84.875 -5.41266 0.799999
    endloop
  endfacet
  facet normal 0 0 -1
    outer loop
      vertex -85.2357 -5.60545 0.799999
      vertex -85.2357 5.60545 0.799999
      vertex -84.875 5.41266 0.799999
    endloop
  endfacet
  facet normal 0 0 -1
    outer loop
      vertex -85.6082 -5.77425 0.799999
      vertex -85.2357 5.60545 0.799999
      vertex -85.2357 -5.60545 0.799999
    endloop
  endfacet
  facet normal 0 0 -1
    outer loop
      vertex -85.6082 -5.77425 0.799999
      vertex -85.6082 5.77425 0.799999
      vertex -85.2357 5.60545 0.799999
    endloop
  endfacet
  facet normal 0 0 -1
    outer loop
      vertex -85.991 -5.91831 0.799999
      vertex -85.6082 5.77425 0.799999
      vertex -85.6082 -5.77425 0.799999
    endloop
  endfacet
  facet normal 0 0 -1
    outer loop
      vertex -85.991 -5.91831 0.799999
      vertex -85.991 5.91831 0.799999
      vertex -85.6082 5.77425 0.799999
    endloop
  endfacet
  facet normal 0 0 -1
    outer loop
      vertex -86.3824 -6.03704 0.799999
      vertex -85.991 5.91831 0.799999
      vertex -85.991 -5.91831 0.799999
    endloop
  endfacet
  facet normal 0 0 -1
    outer loop
      vertex -86.3824 -6.03704 0.799999
      vertex -86.3824 6.03704 0.799999
      vertex -85.991 5.91831 0.799999
    endloop
  endfacet
  facet normal 0 0 -1
    outer loop
      vertex -86.7807 -6.12991 0.799999
      vertex -86.3824 6.03704 0.799999
      vertex -86.3824 -6.03704 0.799999
    endloop
  endfacet
  facet normal 0 0 -1
    outer loop
      vertex -86.7807 -6.12991 0.799999
      vertex -86.7807 6.12991 0.799999
      vertex -86.3824 6.03704 0.799999
    endloop
  endfacet
  facet normal 0 0 -1
    outer loop
      vertex -87.1842 -6.19653 0.799999
      vertex -86.7807 6.12991 0.799999
      vertex -86.7807 -6.12991 0.799999
    endloop
  endfacet
  facet normal 0 0 -1
    outer loop
      vertex -87.1842 -6.19653 0.799999
      vertex -87.1842 6.19653 0.799999
      vertex -86.7807 6.12991 0.799999
    endloop
  endfacet
  facet normal 0 0 -1
    outer loop
      vertex -87.5912 -6.23662 0.799999
      vertex -87.1842 6.19653 0.799999
      vertex -87.1842 -6.19653 0.799999
    endloop
  endfacet
  facet normal 0 0 -1
    outer loop
      vertex -87.5912 -6.23662 0.799999
      vertex -87.5912 6.23662 0.799999
      vertex -87.1842 6.19653 0.799999
    endloop
  endfacet
  facet normal 0 0 -1
    outer loop
      vertex -88 -6.25 0.799999
      vertex -87.5912 6.23662 0.799999
      vertex -87.5912 -6.23662 0.799999
    endloop
  endfacet
  facet normal 0 0 -1
    outer loop
      vertex -88 -6.25 0.799999
      vertex -88 6.25 0.799999
      vertex -87.5912 6.23662 0.799999
    endloop
  endfacet
  facet normal 0 0 -1
    outer loop
      vertex -88.4088 -6.23662 0.799999
      vertex -88 6.25 0.799999
      vertex -88 -6.25 0.799999
    endloop
  endfacet
  facet normal 0 0 -1
    outer loop
      vertex -88.4088 -6.23662 0.799999
      vertex -88.4088 6.23662 0.799999
      vertex -88 6.25 0.799999
    endloop
  endfacet
  facet normal 0 0 -1
    outer loop
      vertex -88.8158 -6.19653 0.799999
      vertex -88.4088 6.23662 0.799999
      vertex -88.4088 -6.23662 0.799999
    endloop
  endfacet
  facet normal 0 0 -1
    outer loop
      vertex -88.8158 -6.19653 0.799999
      vertex -88.8158 6.19653 0.799999
      vertex -88.4088 6.23662 0.799999
    endloop
  endfacet
  facet normal 0 0 -1
    outer loop
      vertex -89.2193 -6.12991 0.799999
      vertex -88.8158 6.19653 0.799999
      vertex -88.8158 -6.19653 0.799999
    endloop
  endfacet
  facet normal 0 0 -1
    outer loop
      vertex -89.2193 -6.12991 0.799999
      vertex -89.2193 6.12991 0.799999
      vertex -88.8158 6.19653 0.799999
    endloop
  endfacet
  facet normal 0 0 -1
    outer loop
      vertex -89.6176 -6.03704 0.799999
      vertex -89.2193 6.12991 0.799999
      vertex -89.2193 -6.12991 0.799999
    endloop
  endfacet
  facet normal 0 0 -1
    outer loop
      vertex -89.6176 -6.03704 0.799999
      vertex -89.6176 6.03704 0.799999
      vertex -89.2193 6.12991 0.799999
    endloop
  endfacet
  facet normal 0 0 -1
    outer loop
      vertex -90.009 -5.91831 0.799999
      vertex -89.6176 6.03704 0.799999
      vertex -89.6176 -6.03704 0.799999
    endloop
  endfacet
  facet normal 0 0 -1
    outer loop
      vertex -90.009 -5.91831 0.799999
      vertex -90.009 5.91831 0.799999
      vertex -89.6176 6.03704 0.799999
    endloop
  endfacet
  facet normal 0 0 -1
    outer loop
      vertex -90.3918 -5.77425 0.799999
      vertex -90.009 5.91831 0.799999
      vertex -90.009 -5.91831 0.799999
    endloop
  endfacet
  facet normal 0 0 -1
    outer loop
      vertex -90.3918 -5.77425 0.799999
      vertex -90.3918 5.77425 0.799999
      vertex -90.009 5.91831 0.799999
    endloop
  endfacet
  facet normal 0 0 -1
    outer loop
      vertex -90.7643 -5.60545 0.799999
      vertex -90.3918 5.77425 0.799999
      vertex -90.3918 -5.77425 0.799999
    endloop
  endfacet
  facet normal 0 0 -1
    outer loop
      vertex -90.7643 -5.60545 0.799999
      vertex -90.7643 5.60545 0.799999
      vertex -90.3918 5.77425 0.799999
    endloop
  endfacet
  facet normal 0 0 -1
    outer loop
      vertex -91.125 -5.41266 0.799999
      vertex -90.7643 5.60545 0.799999
      vertex -90.7643 -5.60545 0.799999
    endloop
  endfacet
  facet normal 0 0 -1
    outer loop
      vertex -91.125 -5.41266 0.799999
      vertex -91.125 5.41266 0.799999
      vertex -90.7643 5.60545 0.799999
    endloop
  endfacet
  facet normal 0 0 -1
    outer loop
      vertex -91.4723 -5.19668 0.799999
      vertex -91.125 5.41266 0.799999
      vertex -91.125 -5.41266 0.799999
    endloop
  endfacet
  facet normal 0 0 -1
    outer loop
      vertex -91.4723 -5.19668 0.799999
      vertex -91.4723 5.19668 0.799999
      vertex -91.125 5.41266 0.799999
    endloop
  endfacet
  facet normal 0 0 -1
    outer loop
      vertex -91.8048 -4.95846 0.799999
      vertex -91.4723 5.19668 0.799999
      vertex -91.4723 -5.19668 0.799999
    endloop
  endfacet
  facet normal 0 0 -1
    outer loop
      vertex -91.8048 -4.95846 0.799999
      vertex -91.8048 4.95846 0.799999
      vertex -91.4723 5.19668 0.799999
    endloop
  endfacet
  facet normal 0 0 -1
    outer loop
      vertex -92.1209 -4.699 0.799999
      vertex -91.8048 4.95846 0.799999
      vertex -91.8048 -4.95846 0.799999
    endloop
  endfacet
  facet normal 0 0 -1
    outer loop
      vertex -92.1209 -4.699 0.799999
      vertex -92.1209 4.699 0.799999
      vertex -91.8048 4.95846 0.799999
    endloop
  endfacet
  facet normal 0 0 -1
    outer loop
      vertex -92.4194 -4.41942 0.799999
      vertex -92.1209 4.699 0.799999
      vertex -92.1209 -4.699 0.799999
    endloop
  endfacet
  facet normal 0 0 -1
    outer loop
      vertex -92.4194 -4.41942 0.799999
      vertex -92.4194 4.41942 0.799999
      vertex -92.1209 4.699 0.799999
    endloop
  endfacet
  facet normal 0 0 -1
    outer loop
      vertex -92.699 -4.12091 0.799999
      vertex -92.4194 4.41942 0.799999
      vertex -92.4194 -4.41942 0.799999
    endloop
  endfacet
  facet normal 0 0 -1
    outer loop
      vertex -92.699 -4.12091 0.799999
      vertex -92.699 4.12091 0.799999
      vertex -92.4194 4.41942 0.799999
    endloop
  endfacet
  facet normal 0 0 -1
    outer loop
      vertex -92.9585 -3.80476 0.799999
      vertex -92.699 4.12091 0.799999
      vertex -92.699 -4.12091 0.799999
    endloop
  endfacet
  facet normal 0 0 -1
    outer loop
      vertex -92.9585 -3.80476 0.799999
      vertex -92.9585 3.80476 0.799999
      vertex -92.699 4.12091 0.799999
    endloop
  endfacet
  facet normal 0 0 -1
    outer loop
      vertex -93.1967 -3.47231 0.799999
      vertex -92.9585 3.80476 0.799999
      vertex -92.9585 -3.80476 0.799999
    endloop
  endfacet
  facet normal 0 0 -1
    outer loop
      vertex -93.1967 -3.47231 0.799999
      vertex -93.1967 3.47231 0.799999
      vertex -92.9585 3.80476 0.799999
    endloop
  endfacet
  facet normal 0 0 -1
    outer loop
      vertex -93.4127 -3.125 0.799999
      vertex -93.1967 3.47231 0.799999
      vertex -93.1967 -3.47231 0.799999
    endloop
  endfacet
  facet normal 0 0 -1
    outer loop
      vertex -93.4127 -3.125 0.799999
      vertex -93.4127 3.125 0.799999
      vertex -93.1967 3.47231 0.799999
    endloop
  endfacet
  facet normal 0 0 -1
    outer loop
      vertex -93.6055 -2.7643 0.799999
      vertex -93.4127 3.125 0.799999
      vertex -93.4127 -3.125 0.799999
    endloop
  endfacet
  facet normal 0 0 -1
    outer loop
      vertex -93.6055 -2.7643 0.799999
      vertex -93.6055 2.7643 0.799999
      vertex -93.4127 3.125 0.799999
    endloop
  endfacet
  facet normal 0 0 -1
    outer loop
      vertex -93.7742 -2.39177 0.799999
      vertex -93.6055 2.7643 0.799999
      vertex -93.6055 -2.7643 0.799999
    endloop
  endfacet
  facet normal 0 0 -1
    outer loop
      vertex -93.7742 -2.39177 0.799999
      vertex -93.7742 2.39177 0.799999
      vertex -93.6055 2.7643 0.799999
    endloop
  endfacet
  facet normal 0 0 -1
    outer loop
      vertex -93.9183 -2.009 0.799999
      vertex -93.7742 2.39177 0.799999
      vertex -93.7742 -2.39177 0.799999
    endloop
  endfacet
  facet normal 0 0 -1
    outer loop
      vertex -93.9183 -2.009 0.799999
      vertex -93.9183 2.009 0.799999
      vertex -93.7742 2.39177 0.799999
    endloop
  endfacet
  facet normal 0 0 -1
    outer loop
      vertex -94.037 -1.61762 0.799999
      vertex -93.9183 2.009 0.799999
      vertex -93.9183 -2.009 0.799999
    endloop
  endfacet
  facet normal 0 0 -1
    outer loop
      vertex -94.037 -1.61762 0.799999
      vertex -94.037 1.61762 0.799999
      vertex -93.9183 2.009 0.799999
    endloop
  endfacet
  facet normal 0 0 -1
    outer loop
      vertex -94.1299 -1.21931 0.799999
      vertex -94.037 1.61762 0.799999
      vertex -94.037 -1.61762 0.799999
    endloop
  endfacet
  facet normal 0 0 -1
    outer loop
      vertex -94.1299 -1.21931 0.799999
      vertex -94.1299 1.21931 0.799999
      vertex -94.037 1.61762 0.799999
    endloop
  endfacet
  facet normal 0 0 -1
    outer loop
      vertex -94.1965 -0.815788 0.799999
      vertex -94.1299 1.21931 0.799999
      vertex -94.1299 -1.21931 0.799999
    endloop
  endfacet
  facet normal 0 0 -1
    outer loop
      vertex -94.1965 -0.815788 0.799999
      vertex -94.1965 0.815788 0.799999
      vertex -94.1299 1.21931 0.799999
    endloop
  endfacet
  facet normal 0 0 -1
    outer loop
      vertex -94.2366 -0.408769 0.799999
      vertex -94.1965 0.815788 0.799999
      vertex -94.1965 -0.815788 0.799999
    endloop
  endfacet
  facet normal 0 0 -1
    outer loop
      vertex -94.2366 -0.408769 0.799999
      vertex -94.2366 0.408769 0.799999
      vertex -94.1965 0.815788 0.799999
    endloop
  endfacet
  facet normal 0 -0 -1
    outer loop
      vertex -94.2366 0.408769 0.799999
      vertex -94.2366 -0.408769 0.799999
      vertex -94.25 0 0.799999
    endloop
  endfacet
  facet normal -0.995182 0.0980465 0
    outer loop
      vertex -81.8035 -0.815788 0
      vertex -81.7634 -0.408769 0.799999
      vertex -81.7634 -0.408769 0
    endloop
  endfacet
  facet normal -0.995182 0.0980465 0
    outer loop
      vertex -81.7634 -0.408769 0.799999
      vertex -81.8035 -0.815788 0
      vertex -81.8035 -0.815788 0.799999
    endloop
  endfacet
  facet normal -0.849171 -0.528119 0
    outer loop
      vertex -82.5873 3.125 0
      vertex -82.8033 3.47231 0.799999
      vertex -82.8033 3.47231 0
    endloop
  endfacet
  facet normal -0.849171 -0.528119 0
    outer loop
      vertex -82.8033 3.47231 0.799999
      vertex -82.5873 3.125 0
      vertex -82.5873 3.125 0.799999
    endloop
  endfacet
  facet normal 0.729846 0.683612 0
    outer loop
      vertex -92.4194 -4.41942 0.799999
      vertex -92.699 -4.12091 0
      vertex -92.699 -4.12091 0.799999
    endloop
  endfacet
  facet normal 0.729846 0.683612 0
    outer loop
      vertex -92.699 -4.12091 0
      vertex -92.4194 -4.41942 0.799999
      vertex -92.4194 -4.41942 0
    endloop
  endfacet
  facet normal -0.1629 0.986643 0
    outer loop
      vertex -86.7807 -6.12991 0
      vertex -87.1842 -6.19653 0.799999
      vertex -86.7807 -6.12991 0.799999
    endloop
  endfacet
  facet normal -0.1629 0.986643 0
    outer loop
      vertex -87.1842 -6.19653 0.799999
      vertex -86.7807 -6.12991 0
      vertex -87.1842 -6.19653 0
    endloop
  endfacet
  facet normal 0.412753 -0.910843 0
    outer loop
      vertex -90.7643 5.60545 0
      vertex -90.3918 5.77425 0.799999
      vertex -90.7643 5.60545 0.799999
    endloop
  endfacet
  facet normal 0.412753 -0.910843 0
    outer loop
      vertex -90.3918 5.77425 0.799999
      vertex -90.7643 5.60545 0
      vertex -90.3918 5.77425 0
    endloop
  endfacet
  facet normal 0.973862 -0.227139 0
    outer loop
      vertex -94.1299 1.21931 0.799999
      vertex -94.037 1.61762 0
      vertex -94.037 1.61762 0.799999
    endloop
  endfacet
  facet normal 0.973862 -0.227139 0
    outer loop
      vertex -94.037 1.61762 0
      vertex -94.1299 1.21931 0.799999
      vertex -94.1299 1.21931 0
    endloop
  endfacet
  facet normal 0.352216 -0.935919 0
    outer loop
      vertex -90.3918 5.77425 0
      vertex -90.009 5.91831 0.799999
      vertex -90.3918 5.77425 0.799999
    endloop
  endfacet
  facet normal 0.352216 -0.935919 0
    outer loop
      vertex -90.009 5.91831 0.799999
      vertex -90.3918 5.77425 0
      vertex -90.009 5.91831 0
    endloop
  endfacet
  facet normal -0.290285 -0.95694 0
    outer loop
      vertex -86.3824 6.03704 0
      vertex -85.991 5.91831 0.799999
      vertex -86.3824 6.03704 0.799999
    endloop
  endfacet
  facet normal -0.290285 -0.95694 -0
    outer loop
      vertex -85.991 5.91831 0.799999
      vertex -86.3824 6.03704 0
      vertex -85.991 5.91831 0
    endloop
  endfacet
  facet normal 0.0980268 0.995184 -0
    outer loop
      vertex -88.4088 -6.23662 0
      vertex -88.8158 -6.19653 0.799999
      vertex -88.4088 -6.23662 0.799999
    endloop
  endfacet
  facet normal 0.0980268 0.995184 0
    outer loop
      vertex -88.8158 -6.19653 0.799999
      vertex -88.4088 -6.23662 0
      vertex -88.8158 -6.19653 0
    endloop
  endfacet
  facet normal 0.412753 0.910843 -0
    outer loop
      vertex -90.3918 -5.77425 0
      vertex -90.7643 -5.60545 0.799999
      vertex -90.3918 -5.77425 0.799999
    endloop
  endfacet
  facet normal 0.412753 0.910843 0
    outer loop
      vertex -90.7643 -5.60545 0.799999
      vertex -90.3918 -5.77425 0
      vertex -90.7643 -5.60545 0
    endloop
  endfacet
  facet normal 0.290285 -0.95694 0
    outer loop
      vertex -90.009 5.91831 0
      vertex -89.6176 6.03704 0.799999
      vertex -90.009 5.91831 0.799999
    endloop
  endfacet
  facet normal 0.290285 -0.95694 0
    outer loop
      vertex -89.6176 6.03704 0.799999
      vertex -90.009 5.91831 0
      vertex -89.6176 6.03704 0
    endloop
  endfacet
  facet normal -0.634457 0.772958 0
    outer loop
      vertex -83.8791 -4.699 0
      vertex -84.1952 -4.95846 0.799999
      vertex -83.8791 -4.699 0.799999
    endloop
  endfacet
  facet normal -0.634457 0.772958 0
    outer loop
      vertex -84.1952 -4.95846 0.799999
      vertex -83.8791 -4.699 0
      vertex -84.1952 -4.95846 0
    endloop
  endfacet
  facet normal -0.683598 -0.729859 0
    outer loop
      vertex -83.8791 4.699 0
      vertex -83.5806 4.41942 0.799999
      vertex -83.8791 4.699 0.799999
    endloop
  endfacet
  facet normal -0.683598 -0.729859 -0
    outer loop
      vertex -83.5806 4.41942 0.799999
      vertex -83.8791 4.699 0
      vertex -83.5806 4.41942 0
    endloop
  endfacet
  facet normal 0.849171 0.528119 0
    outer loop
      vertex -93.1967 -3.47231 0.799999
      vertex -93.4127 -3.125 0
      vertex -93.4127 -3.125 0.799999
    endloop
  endfacet
  facet normal 0.849171 0.528119 0
    outer loop
      vertex -93.4127 -3.125 0
      vertex -93.1967 -3.47231 0.799999
      vertex -93.1967 -3.47231 0
    endloop
  endfacet
  facet normal 0.973862 0.227139 0
    outer loop
      vertex -94.037 -1.61762 0.799999
      vertex -94.1299 -1.21931 0
      vertex -94.1299 -1.21931 0.799999
    endloop
  endfacet
  facet normal 0.973862 0.227139 0
    outer loop
      vertex -94.1299 -1.21931 0
      vertex -94.037 -1.61762 0.799999
      vertex -94.037 -1.61762 0
    endloop
  endfacet
  facet normal -0.1629 -0.986643 0
    outer loop
      vertex -87.1842 6.19653 0
      vertex -86.7807 6.12991 0.799999
      vertex -87.1842 6.19653 0.799999
    endloop
  endfacet
  facet normal -0.1629 -0.986643 -0
    outer loop
      vertex -86.7807 6.12991 0.799999
      vertex -87.1842 6.19653 0
      vertex -86.7807 6.12991 0
    endloop
  endfacet
  facet normal 0.352216 0.935919 -0
    outer loop
      vertex -90.009 -5.91831 0
      vertex -90.3918 -5.77425 0.799999
      vertex -90.009 -5.91831 0.799999
    endloop
  endfacet
  facet normal 0.352216 0.935919 0
    outer loop
      vertex -90.3918 -5.77425 0.799999
      vertex -90.009 -5.91831 0
      vertex -90.3918 -5.77425 0
    endloop
  endfacet
  facet normal -0.412753 0.910843 0
    outer loop
      vertex -85.2357 -5.60545 0
      vertex -85.6082 -5.77425 0.799999
      vertex -85.2357 -5.60545 0.799999
    endloop
  endfacet
  facet normal -0.412753 0.910843 0
    outer loop
      vertex -85.6082 -5.77425 0.799999
      vertex -85.2357 -5.60545 0
      vertex -85.6082 -5.77425 0
    endloop
  endfacet
  facet normal -0.352216 0.935919 0
    outer loop
      vertex -85.6082 -5.77425 0
      vertex -85.991 -5.91831 0.799999
      vertex -85.6082 -5.77425 0.799999
    endloop
  endfacet
  facet normal -0.352216 0.935919 0
    outer loop
      vertex -85.991 -5.91831 0.799999
      vertex -85.6082 -5.77425 0
      vertex -85.991 -5.91831 0
    endloop
  endfacet
  facet normal -0.812882 -0.582429 0
    outer loop
      vertex -82.8033 3.47231 0
      vertex -83.0415 3.80476 0.799999
      vertex -83.0415 3.80476 0
    endloop
  endfacet
  facet normal -0.812882 -0.582429 0
    outer loop
      vertex -83.0415 3.80476 0.799999
      vertex -82.8033 3.47231 0
      vertex -82.8033 3.47231 0.799999
    endloop
  endfacet
  facet normal -0.935877 0.352326 0
    outer loop
      vertex -82.2258 -2.39177 0
      vertex -82.0817 -2.009 0.799999
      vertex -82.0817 -2.009 0
    endloop
  endfacet
  facet normal -0.935877 0.352326 0
    outer loop
      vertex -82.0817 -2.009 0.799999
      vertex -82.2258 -2.39177 0
      vertex -82.2258 -2.39177 0.799999
    endloop
  endfacet
  facet normal -0.956957 0.290231 0
    outer loop
      vertex -82.0817 -2.009 0
      vertex -81.963 -1.61762 0.799999
      vertex -81.963 -1.61762 0
    endloop
  endfacet
  facet normal -0.956957 0.290231 0
    outer loop
      vertex -81.963 -1.61762 0.799999
      vertex -82.0817 -2.009 0
      vertex -82.0817 -2.009 0.799999
    endloop
  endfacet
  facet normal 0.471381 -0.88193 0
    outer loop
      vertex -91.125 5.41266 0
      vertex -90.7643 5.60545 0.799999
      vertex -91.125 5.41266 0.799999
    endloop
  endfacet
  facet normal 0.471381 -0.88193 0
    outer loop
      vertex -90.7643 5.60545 0.799999
      vertex -91.125 5.41266 0
      vertex -90.7643 5.60545 0
    endloop
  endfacet
  facet normal -0.995182 -0.0980465 0
    outer loop
      vertex -81.7634 0.408769 0
      vertex -81.8035 0.815788 0.799999
      vertex -81.8035 0.815788 0
    endloop
  endfacet
  facet normal -0.995182 -0.0980465 0
    outer loop
      vertex -81.8035 0.815788 0.799999
      vertex -81.7634 0.408769 0
      vertex -81.7634 0.408769 0.799999
    endloop
  endfacet
  facet normal 0.849171 -0.528119 0
    outer loop
      vertex -93.4127 3.125 0.799999
      vertex -93.1967 3.47231 0
      vertex -93.1967 3.47231 0.799999
    endloop
  endfacet
  facet normal 0.849171 -0.528119 0
    outer loop
      vertex -93.1967 3.47231 0
      vertex -93.4127 3.125 0.799999
      vertex -93.4127 3.125 0
    endloop
  endfacet
  facet normal -0.881919 -0.4714 0
    outer loop
      vertex -82.3945 2.7643 0
      vertex -82.5873 3.125 0.799999
      vertex -82.5873 3.125 0
    endloop
  endfacet
  facet normal -0.881919 -0.4714 0
    outer loop
      vertex -82.5873 3.125 0.799999
      vertex -82.3945 2.7643 0
      vertex -82.3945 2.7643 0.799999
    endloop
  endfacet
  facet normal -0.227075 -0.973877 0
    outer loop
      vertex -86.7807 6.12991 0
      vertex -86.3824 6.03704 0.799999
      vertex -86.7807 6.12991 0.799999
    endloop
  endfacet
  facet normal -0.227075 -0.973877 -0
    outer loop
      vertex -86.3824 6.03704 0.799999
      vertex -86.7807 6.12991 0
      vertex -86.3824 6.03704 0
    endloop
  endfacet
  facet normal 0.77296 0.634455 0
    outer loop
      vertex -92.699 -4.12091 0.799999
      vertex -92.9585 -3.80476 0
      vertex -92.9585 -3.80476 0.799999
    endloop
  endfacet
  facet normal 0.77296 0.634455 0
    outer loop
      vertex -92.9585 -3.80476 0
      vertex -92.699 -4.12091 0.799999
      vertex -92.699 -4.12091 0
    endloop
  endfacet
  facet normal -0.999463 0.0327638 0
    outer loop
      vertex -81.7634 -0.408769 0
      vertex -81.75 0 0.799999
      vertex -81.75 0 0
    endloop
  endfacet
  facet normal -0.999463 0.0327638 0
    outer loop
      vertex -81.75 0 0.799999
      vertex -81.7634 -0.408769 0
      vertex -81.7634 -0.408769 0.799999
    endloop
  endfacet
  facet normal 0.528094 -0.849186 0
    outer loop
      vertex -91.4723 5.19668 0
      vertex -91.125 5.41266 0.799999
      vertex -91.4723 5.19668 0.799999
    endloop
  endfacet
  facet normal 0.528094 -0.849186 0
    outer loop
      vertex -91.125 5.41266 0.799999
      vertex -91.4723 5.19668 0
      vertex -91.125 5.41266 0
    endloop
  endfacet
  facet normal 0.935877 -0.352326 0
    outer loop
      vertex -93.9183 2.009 0.799999
      vertex -93.7742 2.39177 0
      vertex -93.7742 2.39177 0.799999
    endloop
  endfacet
  facet normal 0.935877 -0.352326 0
    outer loop
      vertex -93.7742 2.39177 0
      vertex -93.9183 2.009 0.799999
      vertex -93.9183 2.009 0
    endloop
  endfacet
  facet normal -0.849171 0.528119 0
    outer loop
      vertex -82.8033 -3.47231 0
      vertex -82.5873 -3.125 0.799999
      vertex -82.5873 -3.125 0
    endloop
  endfacet
  facet normal -0.849171 0.528119 0
    outer loop
      vertex -82.5873 -3.125 0.799999
      vertex -82.8033 -3.47231 0
      vertex -82.8033 -3.47231 0.799999
    endloop
  endfacet
  facet normal -0.528094 0.849186 0
    outer loop
      vertex -84.5277 -5.19668 0
      vertex -84.875 -5.41266 0.799999
      vertex -84.5277 -5.19668 0.799999
    endloop
  endfacet
  facet normal -0.528094 0.849186 0
    outer loop
      vertex -84.875 -5.41266 0.799999
      vertex -84.5277 -5.19668 0
      vertex -84.875 -5.41266 0
    endloop
  endfacet
  facet normal -0.528094 -0.849186 0
    outer loop
      vertex -84.875 5.41266 0
      vertex -84.5277 5.19668 0.799999
      vertex -84.875 5.41266 0.799999
    endloop
  endfacet
  facet normal -0.528094 -0.849186 -0
    outer loop
      vertex -84.5277 5.19668 0.799999
      vertex -84.875 5.41266 0
      vertex -84.5277 5.19668 0
    endloop
  endfacet
  facet normal -0.634457 -0.772958 0
    outer loop
      vertex -84.1952 4.95846 0
      vertex -83.8791 4.699 0.799999
      vertex -84.1952 4.95846 0.799999
    endloop
  endfacet
  facet normal -0.634457 -0.772958 -0
    outer loop
      vertex -83.8791 4.699 0.799999
      vertex -84.1952 4.95846 0
      vertex -83.8791 4.699 0
    endloop
  endfacet
  facet normal -0.352216 -0.935919 0
    outer loop
      vertex -85.991 5.91831 0
      vertex -85.6082 5.77425 0.799999
      vertex -85.991 5.91831 0.799999
    endloop
  endfacet
  facet normal -0.352216 -0.935919 -0
    outer loop
      vertex -85.6082 5.77425 0.799999
      vertex -85.991 5.91831 0
      vertex -85.6082 5.77425 0
    endloop
  endfacet
  facet normal -0.986652 0.162844 0
    outer loop
      vertex -81.8701 -1.21931 0
      vertex -81.8035 -0.815788 0.799999
      vertex -81.8035 -0.815788 0
    endloop
  endfacet
  facet normal -0.986652 0.162844 0
    outer loop
      vertex -81.8035 -0.815788 0.799999
      vertex -81.8701 -1.21931 0
      vertex -81.8701 -1.21931 0.799999
    endloop
  endfacet
  facet normal -0.973862 0.227139 0
    outer loop
      vertex -81.963 -1.61762 0
      vertex -81.8701 -1.21931 0.799999
      vertex -81.8701 -1.21931 0
    endloop
  endfacet
  facet normal -0.973862 0.227139 0
    outer loop
      vertex -81.8701 -1.21931 0.799999
      vertex -81.963 -1.61762 0
      vertex -81.963 -1.61762 0.799999
    endloop
  endfacet
  facet normal -0.471381 -0.88193 0
    outer loop
      vertex -85.2357 5.60545 0
      vertex -84.875 5.41266 0.799999
      vertex -85.2357 5.60545 0.799999
    endloop
  endfacet
  facet normal -0.471381 -0.88193 -0
    outer loop
      vertex -84.875 5.41266 0.799999
      vertex -85.2357 5.60545 0
      vertex -84.875 5.41266 0
    endloop
  endfacet
  facet normal -0.812882 0.582429 0
    outer loop
      vertex -83.0415 -3.80476 0
      vertex -82.8033 -3.47231 0.799999
      vertex -82.8033 -3.47231 0
    endloop
  endfacet
  facet normal -0.812882 0.582429 0
    outer loop
      vertex -82.8033 -3.47231 0.799999
      vertex -83.0415 -3.80476 0
      vertex -83.0415 -3.80476 0.799999
    endloop
  endfacet
  facet normal 0.528119 -0.849171 0
    outer loop
      vertex -3.47231 -82.8033 0
      vertex -3.125 -82.5873 0.799999
      vertex -3.47231 -82.8033 0.799999
    endloop
  endfacet
  facet normal 0.528119 -0.849171 0
    outer loop
      vertex -3.125 -82.5873 0.799999
      vertex -3.47231 -82.8033 0
      vertex -3.125 -82.5873 0
    endloop
  endfacet
  facet normal -0.973877 0.227075 0
    outer loop
      vertex 6.03704 -89.6176 0
      vertex 6.12991 -89.2193 0.799999
      vertex 6.12991 -89.2193 0
    endloop
  endfacet
  facet normal -0.973877 0.227075 0
    outer loop
      vertex 6.12991 -89.2193 0.799999
      vertex 6.03704 -89.6176 0
      vertex 6.03704 -89.6176 0.799999
    endloop
  endfacet
  facet normal -0.8129 -0.582403 0
    outer loop
      vertex 5.19668 -84.5277 0
      vertex 4.95846 -84.1952 0.799999
      vertex 4.95846 -84.1952 0
    endloop
  endfacet
  facet normal -0.8129 -0.582403 0
    outer loop
      vertex 4.95846 -84.1952 0.799999
      vertex 5.19668 -84.5277 0
      vertex 5.19668 -84.5277 0.799999
    endloop
  endfacet
  facet normal 0.849186 0.528094 0
    outer loop
      vertex -5.19668 -91.4723 0.799999
      vertex -5.41266 -91.125 0
      vertex -5.41266 -91.125 0.799999
    endloop
  endfacet
  facet normal 0.849186 0.528094 0
    outer loop
      vertex -5.41266 -91.125 0
      vertex -5.19668 -91.4723 0.799999
      vertex -5.19668 -91.4723 0
    endloop
  endfacet
  facet normal -0.582429 0.812882 0
    outer loop
      vertex 3.80476 -92.9585 0
      vertex 3.47231 -93.1967 0.799999
      vertex 3.80476 -92.9585 0.799999
    endloop
  endfacet
  facet normal -0.582429 0.812882 0
    outer loop
      vertex 3.47231 -93.1967 0.799999
      vertex 3.80476 -92.9585 0
      vertex 3.47231 -93.1967 0
    endloop
  endfacet
  facet normal 0.999465 -0.0327124 0
    outer loop
      vertex -6.25 -88 0.799999
      vertex -6.23662 -87.5912 0
      vertex -6.23662 -87.5912 0.799999
    endloop
  endfacet
  facet normal 0.999465 -0.0327124 0
    outer loop
      vertex -6.23662 -87.5912 0
      vertex -6.25 -88 0.799999
      vertex -6.25 -88 0
    endloop
  endfacet
  facet normal -0.849186 0.528094 0
    outer loop
      vertex 5.19668 -91.4723 0
      vertex 5.41266 -91.125 0.799999
      vertex 5.41266 -91.125 0
    endloop
  endfacet
  facet normal -0.849186 0.528094 0
    outer loop
      vertex 5.41266 -91.125 0.799999
      vertex 5.19668 -91.4723 0
      vertex 5.19668 -91.4723 0.799999
    endloop
  endfacet
  facet normal -0.772958 0.634457 0
    outer loop
      vertex 4.699 -92.1209 0
      vertex 4.95846 -91.8048 0.799999
      vertex 4.95846 -91.8048 0
    endloop
  endfacet
  facet normal -0.772958 0.634457 0
    outer loop
      vertex 4.95846 -91.8048 0.799999
      vertex 4.699 -92.1209 0
      vertex 4.699 -92.1209 0.799999
    endloop
  endfacet
  facet normal -0.0327638 0.999463 0
    outer loop
      vertex 0.408769 -94.2366 0
      vertex 0 -94.25 0.799999
      vertex 0.408769 -94.2366 0.799999
    endloop
  endfacet
  facet normal -0.0327638 0.999463 0
    outer loop
      vertex 0 -94.25 0.799999
      vertex 0.408769 -94.2366 0
      vertex 0 -94.25 0
    endloop
  endfacet
  facet normal 0.849186 -0.528094 0
    outer loop
      vertex -5.41266 -84.875 0.799999
      vertex -5.19668 -84.5277 0
      vertex -5.19668 -84.5277 0.799999
    endloop
  endfacet
  facet normal 0.849186 -0.528094 0
    outer loop
      vertex -5.19668 -84.5277 0
      vertex -5.41266 -84.875 0.799999
      vertex -5.41266 -84.875 0
    endloop
  endfacet
  facet normal -0.290231 0.956957 0
    outer loop
      vertex 2.009 -93.9183 0
      vertex 1.61762 -94.037 0.799999
      vertex 2.009 -93.9183 0.799999
    endloop
  endfacet
  facet normal -0.290231 0.956957 0
    outer loop
      vertex 1.61762 -94.037 0.799999
      vertex 2.009 -93.9183 0
      vertex 1.61762 -94.037 0
    endloop
  endfacet
  facet normal 0.995184 0.0980268 0
    outer loop
      vertex -6.19653 -88.8158 0.799999
      vertex -6.23662 -88.4088 0
      vertex -6.23662 -88.4088 0.799999
    endloop
  endfacet
  facet normal 0.995184 0.0980268 0
    outer loop
      vertex -6.23662 -88.4088 0
      vertex -6.19653 -88.8158 0.799999
      vertex -6.19653 -88.8158 0
    endloop
  endfacet
  facet normal -0.935919 0.352216 0
    outer loop
      vertex 5.77425 -90.3918 0
      vertex 5.91831 -90.009 0.799999
      vertex 5.91831 -90.009 0
    endloop
  endfacet
  facet normal -0.935919 0.352216 0
    outer loop
      vertex 5.91831 -90.009 0.799999
      vertex 5.77425 -90.3918 0
      vertex 5.77425 -90.3918 0.799999
    endloop
  endfacet
  facet normal 0.973877 0.227075 0
    outer loop
      vertex -6.03704 -89.6176 0.799999
      vertex -6.12991 -89.2193 0
      vertex -6.12991 -89.2193 0.799999
    endloop
  endfacet
  facet normal 0.973877 0.227075 0
    outer loop
      vertex -6.12991 -89.2193 0
      vertex -6.03704 -89.6176 0.799999
      vertex -6.03704 -89.6176 0
    endloop
  endfacet
  facet normal 0.999465 0.0327124 0
    outer loop
      vertex -6.23662 -88.4088 0.799999
      vertex -6.25 -88 0
      vertex -6.25 -88 0.799999
    endloop
  endfacet
  facet normal 0.999465 0.0327124 0
    outer loop
      vertex -6.25 -88 0
      vertex -6.23662 -88.4088 0.799999
      vertex -6.23662 -88.4088 0
    endloop
  endfacet
  facet normal -0.352326 0.935877 0
    outer loop
      vertex 2.39177 -93.7742 0
      vertex 2.009 -93.9183 0.799999
      vertex 2.39177 -93.7742 0.799999
    endloop
  endfacet
  facet normal -0.352326 0.935877 0
    outer loop
      vertex 2.009 -93.9183 0.799999
      vertex 2.39177 -93.7742 0
      vertex 2.009 -93.9183 0
    endloop
  endfacet
  facet normal -0.162844 -0.986652 0
    outer loop
      vertex 0.815788 -81.8035 0
      vertex 1.21931 -81.8701 0.799999
      vertex 0.815788 -81.8035 0.799999
    endloop
  endfacet
  facet normal -0.162844 -0.986652 -0
    outer loop
      vertex 1.21931 -81.8701 0.799999
      vertex 0.815788 -81.8035 0
      vertex 1.21931 -81.8701 0
    endloop
  endfacet
  facet normal -0.772958 -0.634457 0
    outer loop
      vertex 4.95846 -84.1952 0
      vertex 4.699 -83.8791 0.799999
      vertex 4.699 -83.8791 0
    endloop
  endfacet
  facet normal -0.772958 -0.634457 0
    outer loop
      vertex 4.699 -83.8791 0.799999
      vertex 4.95846 -84.1952 0
      vertex 4.95846 -84.1952 0.799999
    endloop
  endfacet
  facet normal 0.683612 -0.729846 0
    outer loop
      vertex -4.41942 -83.5806 0
      vertex -4.12091 -83.301 0.799999
      vertex -4.41942 -83.5806 0.799999
    endloop
  endfacet
  facet normal 0.683612 -0.729846 0
    outer loop
      vertex -4.12091 -83.301 0.799999
      vertex -4.41942 -83.5806 0
      vertex -4.12091 -83.301 0
    endloop
  endfacet
  facet normal 0.4714 0.881919 -0
    outer loop
      vertex -2.7643 -93.6055 0
      vertex -3.125 -93.4127 0.799999
      vertex -2.7643 -93.6055 0.799999
    endloop
  endfacet
  facet normal 0.4714 0.881919 0
    outer loop
      vertex -3.125 -93.4127 0.799999
      vertex -2.7643 -93.6055 0
      vertex -3.125 -93.4127 0
    endloop
  endfacet
  facet normal -0.88193 -0.471381 0
    outer loop
      vertex 5.60545 -85.2357 0
      vertex 5.41266 -84.875 0.799999
      vertex 5.41266 -84.875 0
    endloop
  endfacet
  facet normal -0.88193 -0.471381 0
    outer loop
      vertex 5.41266 -84.875 0.799999
      vertex 5.60545 -85.2357 0
      vertex 5.60545 -85.2357 0.799999
    endloop
  endfacet
  facet normal 0.910843 0.412753 0
    outer loop
      vertex -5.60545 -90.7643 0.799999
      vertex -5.77425 -90.3918 0
      vertex -5.77425 -90.3918 0.799999
    endloop
  endfacet
  facet normal 0.910843 0.412753 0
    outer loop
      vertex -5.77425 -90.3918 0
      vertex -5.60545 -90.7643 0.799999
      vertex -5.60545 -90.7643 0
    endloop
  endfacet
  facet normal 0.995184 -0.0980268 0
    outer loop
      vertex -6.23662 -87.5912 0.799999
      vertex -6.19653 -87.1842 0
      vertex -6.19653 -87.1842 0.799999
    endloop
  endfacet
  facet normal 0.995184 -0.0980268 0
    outer loop
      vertex -6.19653 -87.1842 0
      vertex -6.23662 -87.5912 0.799999
      vertex -6.23662 -87.5912 0
    endloop
  endfacet
  facet normal 0.634455 0.77296 -0
    outer loop
      vertex -3.80476 -92.9585 0
      vertex -4.12091 -92.699 0.799999
      vertex -3.80476 -92.9585 0.799999
    endloop
  endfacet
  facet normal 0.634455 0.77296 0
    outer loop
      vertex -4.12091 -92.699 0.799999
      vertex -3.80476 -92.9585 0
      vertex -4.12091 -92.699 0
    endloop
  endfacet
  facet normal -0.910843 -0.412753 0
    outer loop
      vertex 5.77425 -85.6082 0
      vertex 5.60545 -85.2357 0.799999
      vertex 5.60545 -85.2357 0
    endloop
  endfacet
  facet normal -0.910843 -0.412753 0
    outer loop
      vertex 5.60545 -85.2357 0.799999
      vertex 5.77425 -85.6082 0
      vertex 5.77425 -85.6082 0.799999
    endloop
  endfacet
  facet normal -0.4714 0.881919 0
    outer loop
      vertex 3.125 -93.4127 0
      vertex 2.7643 -93.6055 0.799999
      vertex 3.125 -93.4127 0.799999
    endloop
  endfacet
  facet normal -0.4714 0.881919 0
    outer loop
      vertex 2.7643 -93.6055 0.799999
      vertex 3.125 -93.4127 0
      vertex 2.7643 -93.6055 0
    endloop
  endfacet
  facet normal -0.995184 -0.0980268 0
    outer loop
      vertex 6.23662 -87.5912 0
      vertex 6.19653 -87.1842 0.799999
      vertex 6.19653 -87.1842 0
    endloop
  endfacet
  facet normal -0.995184 -0.0980268 0
    outer loop
      vertex 6.19653 -87.1842 0.799999
      vertex 6.23662 -87.5912 0
      vertex 6.23662 -87.5912 0.799999
    endloop
  endfacet
  facet normal -0.290231 -0.956957 0
    outer loop
      vertex 1.61762 -81.963 0
      vertex 2.009 -82.0817 0.799999
      vertex 1.61762 -81.963 0.799999
    endloop
  endfacet
  facet normal -0.290231 -0.956957 -0
    outer loop
      vertex 2.009 -82.0817 0.799999
      vertex 1.61762 -81.963 0
      vertex 2.009 -82.0817 0
    endloop
  endfacet
  facet normal 0.352326 -0.935877 0
    outer loop
      vertex -2.39177 -82.2258 0
      vertex -2.009 -82.0817 0.799999
      vertex -2.39177 -82.2258 0.799999
    endloop
  endfacet
  facet normal 0.352326 -0.935877 0
    outer loop
      vertex -2.009 -82.0817 0.799999
      vertex -2.39177 -82.2258 0
      vertex -2.009 -82.0817 0
    endloop
  endfacet
  facet normal 0.352326 0.935877 -0
    outer loop
      vertex -2.009 -93.9183 0
      vertex -2.39177 -93.7742 0.799999
      vertex -2.009 -93.9183 0.799999
    endloop
  endfacet
  facet normal 0.352326 0.935877 0
    outer loop
      vertex -2.39177 -93.7742 0.799999
      vertex -2.009 -93.9183 0
      vertex -2.39177 -93.7742 0
    endloop
  endfacet
  facet normal -0.95694 0.290285 0
    outer loop
      vertex 5.91831 -90.009 0
      vertex 6.03704 -89.6176 0.799999
      vertex 6.03704 -89.6176 0
    endloop
  endfacet
  facet normal -0.95694 0.290285 0
    outer loop
      vertex 6.03704 -89.6176 0.799999
      vertex 5.91831 -90.009 0
      vertex 5.91831 -90.009 0.799999
    endloop
  endfacet
  facet normal 0.772958 -0.634457 0
    outer loop
      vertex -4.95846 -84.1952 0.799999
      vertex -4.699 -83.8791 0
      vertex -4.699 -83.8791 0.799999
    endloop
  endfacet
  facet normal 0.772958 -0.634457 0
    outer loop
      vertex -4.699 -83.8791 0
      vertex -4.95846 -84.1952 0.799999
      vertex -4.95846 -84.1952 0
    endloop
  endfacet
  facet normal -0.227139 0.973862 0
    outer loop
      vertex 1.61762 -94.037 0
      vertex 1.21931 -94.1299 0.799999
      vertex 1.61762 -94.037 0.799999
    endloop
  endfacet
  facet normal -0.227139 0.973862 0
    outer loop
      vertex 1.21931 -94.1299 0.799999
      vertex 1.61762 -94.037 0
      vertex 1.21931 -94.1299 0
    endloop
  endfacet
  facet normal -0.4714 -0.881919 0
    outer loop
      vertex 2.7643 -82.3945 0
      vertex 3.125 -82.5873 0.799999
      vertex 2.7643 -82.3945 0.799999
    endloop
  endfacet
  facet normal -0.4714 -0.881919 -0
    outer loop
      vertex 3.125 -82.5873 0.799999
      vertex 2.7643 -82.3945 0
      vertex 3.125 -82.5873 0
    endloop
  endfacet
  facet normal -0.0980465 0.995182 0
    outer loop
      vertex 0.815788 -94.1965 0
      vertex 0.408769 -94.2366 0.799999
      vertex 0.815788 -94.1965 0.799999
    endloop
  endfacet
  facet normal -0.0980465 0.995182 0
    outer loop
      vertex 0.408769 -94.2366 0.799999
      vertex 0.815788 -94.1965 0
      vertex 0.408769 -94.2366 0
    endloop
  endfacet
  facet normal -0.910843 0.412753 0
    outer loop
      vertex 5.60545 -90.7643 0
      vertex 5.77425 -90.3918 0.799999
      vertex 5.77425 -90.3918 0
    endloop
  endfacet
  facet normal -0.910843 0.412753 0
    outer loop
      vertex 5.77425 -90.3918 0.799999
      vertex 5.60545 -90.7643 0
      vertex 5.60545 -90.7643 0.799999
    endloop
  endfacet
  facet normal -0.88193 0.471381 0
    outer loop
      vertex 5.41266 -91.125 0
      vertex 5.60545 -90.7643 0.799999
      vertex 5.60545 -90.7643 0
    endloop
  endfacet
  facet normal -0.88193 0.471381 0
    outer loop
      vertex 5.60545 -90.7643 0.799999
      vertex 5.41266 -91.125 0
      vertex 5.41266 -91.125 0.799999
    endloop
  endfacet
  facet normal -0.634455 0.77296 0
    outer loop
      vertex 4.12091 -92.699 0
      vertex 3.80476 -92.9585 0.799999
      vertex 4.12091 -92.699 0.799999
    endloop
  endfacet
  facet normal -0.634455 0.77296 0
    outer loop
      vertex 3.80476 -92.9585 0.799999
      vertex 4.12091 -92.699 0
      vertex 3.80476 -92.9585 0
    endloop
  endfacet
  facet normal 0.634455 -0.77296 0
    outer loop
      vertex -4.12091 -83.301 0
      vertex -3.80476 -83.0415 0.799999
      vertex -4.12091 -83.301 0.799999
    endloop
  endfacet
  facet normal 0.634455 -0.77296 0
    outer loop
      vertex -3.80476 -83.0415 0.799999
      vertex -4.12091 -83.301 0
      vertex -3.80476 -83.0415 0
    endloop
  endfacet
  facet normal -0.227139 -0.973862 0
    outer loop
      vertex 1.21931 -81.8701 0
      vertex 1.61762 -81.963 0.799999
      vertex 1.21931 -81.8701 0.799999
    endloop
  endfacet
  facet normal -0.227139 -0.973862 -0
    outer loop
      vertex 1.61762 -81.963 0.799999
      vertex 1.21931 -81.8701 0
      vertex 1.61762 -81.963 0
    endloop
  endfacet
  facet normal 0.227139 -0.973862 0
    outer loop
      vertex -1.61762 -81.963 0
      vertex -1.21931 -81.8701 0.799999
      vertex -1.61762 -81.963 0.799999
    endloop
  endfacet
  facet normal 0.227139 -0.973862 0
    outer loop
      vertex -1.21931 -81.8701 0.799999
      vertex -1.61762 -81.963 0
      vertex -1.21931 -81.8701 0
    endloop
  endfacet
  facet normal 0.528119 0.849171 -0
    outer loop
      vertex -3.125 -93.4127 0
      vertex -3.47231 -93.1967 0.799999
      vertex -3.125 -93.4127 0.799999
    endloop
  endfacet
  facet normal 0.528119 0.849171 0
    outer loop
      vertex -3.47231 -93.1967 0.799999
      vertex -3.125 -93.4127 0
      vertex -3.47231 -93.1967 0
    endloop
  endfacet
  facet normal 0.290231 -0.956957 0
    outer loop
      vertex -2.009 -82.0817 0
      vertex -1.61762 -81.963 0.799999
      vertex -2.009 -82.0817 0.799999
    endloop
  endfacet
  facet normal 0.290231 -0.956957 0
    outer loop
      vertex -1.61762 -81.963 0.799999
      vertex -2.009 -82.0817 0
      vertex -1.61762 -81.963 0
    endloop
  endfacet
  facet normal 0.412522 0.910948 -0
    outer loop
      vertex -2.39177 -93.7742 0
      vertex -2.7643 -93.6055 0.799999
      vertex -2.39177 -93.7742 0.799999
    endloop
  endfacet
  facet normal 0.412522 0.910948 0
    outer loop
      vertex -2.7643 -93.6055 0.799999
      vertex -2.39177 -93.7742 0
      vertex -2.7643 -93.6055 0
    endloop
  endfacet
  facet normal 0.290231 0.956957 -0
    outer loop
      vertex -1.61762 -94.037 0
      vertex -2.009 -93.9183 0.799999
      vertex -1.61762 -94.037 0.799999
    endloop
  endfacet
  facet normal 0.290231 0.956957 0
    outer loop
      vertex -2.009 -93.9183 0.799999
      vertex -1.61762 -94.037 0
      vertex -2.009 -93.9183 0
    endloop
  endfacet
  facet normal -0.999465 0.0327124 0
    outer loop
      vertex 6.23662 -88.4088 0
      vertex 6.25 -88 0.799999
      vertex 6.25 -88 0
    endloop
  endfacet
  facet normal -0.999465 0.0327124 0
    outer loop
      vertex 6.25 -88 0.799999
      vertex 6.23662 -88.4088 0
      vertex 6.23662 -88.4088 0.799999
    endloop
  endfacet
  facet normal 0.935919 0.352216 0
    outer loop
      vertex -5.77425 -90.3918 0.799999
      vertex -5.91831 -90.009 0
      vertex -5.91831 -90.009 0.799999
    endloop
  endfacet
  facet normal 0.935919 0.352216 0
    outer loop
      vertex -5.91831 -90.009 0
      vertex -5.77425 -90.3918 0.799999
      vertex -5.77425 -90.3918 0
    endloop
  endfacet
  facet normal -0.95694 -0.290285 0
    outer loop
      vertex 6.03704 -86.3824 0
      vertex 5.91831 -85.991 0.799999
      vertex 5.91831 -85.991 0
    endloop
  endfacet
  facet normal -0.95694 -0.290285 0
    outer loop
      vertex 5.91831 -85.991 0.799999
      vertex 6.03704 -86.3824 0
      vertex 6.03704 -86.3824 0.799999
    endloop
  endfacet
  facet normal 0.582429 0.812882 -0
    outer loop
      vertex -3.47231 -93.1967 0
      vertex -3.80476 -92.9585 0.799999
      vertex -3.47231 -93.1967 0.799999
    endloop
  endfacet
  facet normal 0.582429 0.812882 0
    outer loop
      vertex -3.80476 -92.9585 0.799999
      vertex -3.47231 -93.1967 0
      vertex -3.80476 -92.9585 0
    endloop
  endfacet
  facet normal -0.683612 0.729846 0
    outer loop
      vertex 4.41942 -92.4194 0
      vertex 4.12091 -92.699 0.799999
      vertex 4.41942 -92.4194 0.799999
    endloop
  endfacet
  facet normal -0.683612 0.729846 0
    outer loop
      vertex 4.12091 -92.699 0.799999
      vertex 4.41942 -92.4194 0
      vertex 4.12091 -92.699 0
    endloop
  endfacet
  facet normal 0.162844 0.986652 -0
    outer loop
      vertex -0.815788 -94.1965 0
      vertex -1.21931 -94.1299 0.799999
      vertex -0.815788 -94.1965 0.799999
    endloop
  endfacet
  facet normal 0.162844 0.986652 0
    outer loop
      vertex -1.21931 -94.1299 0.799999
      vertex -0.815788 -94.1965 0
      vertex -1.21931 -94.1299 0
    endloop
  endfacet
  facet normal 0.0327638 0.999463 -0
    outer loop
      vertex 0 -94.25 0
      vertex -0.408769 -94.2366 0.799999
      vertex 0 -94.25 0.799999
    endloop
  endfacet
  facet normal 0.0327638 0.999463 0
    outer loop
      vertex -0.408769 -94.2366 0.799999
      vertex 0 -94.25 0
      vertex -0.408769 -94.2366 0
    endloop
  endfacet
  facet normal -0.729859 0.683598 0
    outer loop
      vertex 4.41942 -92.4194 0
      vertex 4.699 -92.1209 0.799999
      vertex 4.699 -92.1209 0
    endloop
  endfacet
  facet normal -0.729859 0.683598 0
    outer loop
      vertex 4.699 -92.1209 0.799999
      vertex 4.41942 -92.4194 0
      vertex 4.41942 -92.4194 0.799999
    endloop
  endfacet
  facet normal 0.227139 0.973862 -0
    outer loop
      vertex -1.21931 -94.1299 0
      vertex -1.61762 -94.037 0.799999
      vertex -1.21931 -94.1299 0.799999
    endloop
  endfacet
  facet normal 0.227139 0.973862 0
    outer loop
      vertex -1.61762 -94.037 0.799999
      vertex -1.21931 -94.1299 0
      vertex -1.61762 -94.037 0
    endloop
  endfacet
  facet normal -0.683612 -0.729846 0
    outer loop
      vertex 4.12091 -83.301 0
      vertex 4.41942 -83.5806 0.799999
      vertex 4.12091 -83.301 0.799999
    endloop
  endfacet
  facet normal -0.683612 -0.729846 -0
    outer loop
      vertex 4.41942 -83.5806 0.799999
      vertex 4.12091 -83.301 0
      vertex 4.41942 -83.5806 0
    endloop
  endfacet
  facet normal -0.973877 -0.227075 0
    outer loop
      vertex 6.12991 -86.7807 0
      vertex 6.03704 -86.3824 0.799999
      vertex 6.03704 -86.3824 0
    endloop
  endfacet
  facet normal -0.973877 -0.227075 0
    outer loop
      vertex 6.03704 -86.3824 0.799999
      vertex 6.12991 -86.7807 0
      vertex 6.12991 -86.7807 0.799999
    endloop
  endfacet
  facet normal 0.729859 -0.683598 0
    outer loop
      vertex -4.699 -83.8791 0.799999
      vertex -4.41942 -83.5806 0
      vertex -4.41942 -83.5806 0.799999
    endloop
  endfacet
  facet normal 0.729859 -0.683598 0
    outer loop
      vertex -4.41942 -83.5806 0
      vertex -4.699 -83.8791 0.799999
      vertex -4.699 -83.8791 0
    endloop
  endfacet
  facet normal -0.8129 0.582403 0
    outer loop
      vertex 4.95846 -91.8048 0
      vertex 5.19668 -91.4723 0.799999
      vertex 5.19668 -91.4723 0
    endloop
  endfacet
  facet normal -0.8129 0.582403 0
    outer loop
      vertex 5.19668 -91.4723 0.799999
      vertex 4.95846 -91.8048 0
      vertex 4.95846 -91.8048 0.799999
    endloop
  endfacet
  facet normal 0.910843 -0.412753 0
    outer loop
      vertex -5.77425 -85.6082 0.799999
      vertex -5.60545 -85.2357 0
      vertex -5.60545 -85.2357 0.799999
    endloop
  endfacet
  facet normal 0.910843 -0.412753 0
    outer loop
      vertex -5.60545 -85.2357 0
      vertex -5.77425 -85.6082 0.799999
      vertex -5.77425 -85.6082 0
    endloop
  endfacet
  facet normal 0.0980465 0.995182 -0
    outer loop
      vertex -0.408769 -94.2366 0
      vertex -0.815788 -94.1965 0.799999
      vertex -0.408769 -94.2366 0.799999
    endloop
  endfacet
  facet normal 0.0980465 0.995182 0
    outer loop
      vertex -0.815788 -94.1965 0.799999
      vertex -0.408769 -94.2366 0
      vertex -0.815788 -94.1965 0
    endloop
  endfacet
  facet normal 0.162844 -0.986652 0
    outer loop
      vertex -1.21931 -81.8701 0
      vertex -0.815788 -81.8035 0.799999
      vertex -1.21931 -81.8701 0.799999
    endloop
  endfacet
  facet normal 0.162844 -0.986652 0
    outer loop
      vertex -0.815788 -81.8035 0.799999
      vertex -1.21931 -81.8701 0
      vertex -0.815788 -81.8035 0
    endloop
  endfacet
  facet normal -0.995184 0.0980268 0
    outer loop
      vertex 6.19653 -88.8158 0
      vertex 6.23662 -88.4088 0.799999
      vertex 6.23662 -88.4088 0
    endloop
  endfacet
  facet normal -0.995184 0.0980268 0
    outer loop
      vertex 6.23662 -88.4088 0.799999
      vertex 6.19653 -88.8158 0
      vertex 6.19653 -88.8158 0.799999
    endloop
  endfacet
  facet normal 0.973877 -0.227075 0
    outer loop
      vertex -6.12991 -86.7807 0.799999
      vertex -6.03704 -86.3824 0
      vertex -6.03704 -86.3824 0.799999
    endloop
  endfacet
  facet normal 0.973877 -0.227075 0
    outer loop
      vertex -6.03704 -86.3824 0
      vertex -6.12991 -86.7807 0.799999
      vertex -6.12991 -86.7807 0
    endloop
  endfacet
  facet normal 0.582429 -0.812882 0
    outer loop
      vertex -3.80476 -83.0415 0
      vertex -3.47231 -82.8033 0.799999
      vertex -3.80476 -83.0415 0.799999
    endloop
  endfacet
  facet normal 0.582429 -0.812882 0
    outer loop
      vertex -3.47231 -82.8033 0.799999
      vertex -3.80476 -83.0415 0
      vertex -3.47231 -82.8033 0
    endloop
  endfacet
  facet normal 0.683612 0.729846 -0
    outer loop
      vertex -4.12091 -92.699 0
      vertex -4.41942 -92.4194 0.799999
      vertex -4.12091 -92.699 0.799999
    endloop
  endfacet
  facet normal 0.683612 0.729846 0
    outer loop
      vertex -4.41942 -92.4194 0.799999
      vertex -4.12091 -92.699 0
      vertex -4.41942 -92.4194 0
    endloop
  endfacet
  facet normal -0.528119 0.849171 0
    outer loop
      vertex 3.47231 -93.1967 0
      vertex 3.125 -93.4127 0.799999
      vertex 3.47231 -93.1967 0.799999
    endloop
  endfacet
  facet normal -0.528119 0.849171 0
    outer loop
      vertex 3.125 -93.4127 0.799999
      vertex 3.47231 -93.1967 0
      vertex 3.125 -93.4127 0
    endloop
  endfacet
  facet normal 0.986643 0.1629 0
    outer loop
      vertex -6.12991 -89.2193 0.799999
      vertex -6.19653 -88.8158 0
      vertex -6.19653 -88.8158 0.799999
    endloop
  endfacet
  facet normal 0.986643 0.1629 0
    outer loop
      vertex -6.19653 -88.8158 0
      vertex -6.12991 -89.2193 0.799999
      vertex -6.12991 -89.2193 0
    endloop
  endfacet
  facet normal -0.999465 -0.0327124 0
    outer loop
      vertex 6.25 -88 0
      vertex 6.23662 -87.5912 0.799999
      vertex 6.23662 -87.5912 0
    endloop
  endfacet
  facet normal -0.999465 -0.0327124 0
    outer loop
      vertex 6.23662 -87.5912 0.799999
      vertex 6.25 -88 0
      vertex 6.25 -88 0.799999
    endloop
  endfacet
  facet normal 0.95694 -0.290285 0
    outer loop
      vertex -6.03704 -86.3824 0.799999
      vertex -5.91831 -85.991 0
      vertex -5.91831 -85.991 0.799999
    endloop
  endfacet
  facet normal 0.95694 -0.290285 0
    outer loop
      vertex -5.91831 -85.991 0
      vertex -6.03704 -86.3824 0.799999
      vertex -6.03704 -86.3824 0
    endloop
  endfacet
  facet normal 0.0980465 -0.995182 0
    outer loop
      vertex -0.815788 -81.8035 0
      vertex -0.408769 -81.7634 0.799999
      vertex -0.815788 -81.8035 0.799999
    endloop
  endfacet
  facet normal 0.0980465 -0.995182 0
    outer loop
      vertex -0.408769 -81.7634 0.799999
      vertex -0.815788 -81.8035 0
      vertex -0.408769 -81.7634 0
    endloop
  endfacet
  facet normal 0.95694 0.290285 0
    outer loop
      vertex -5.91831 -90.009 0.799999
      vertex -6.03704 -89.6176 0
      vertex -6.03704 -89.6176 0.799999
    endloop
  endfacet
  facet normal 0.95694 0.290285 0
    outer loop
      vertex -6.03704 -89.6176 0
      vertex -5.91831 -90.009 0.799999
      vertex -5.91831 -90.009 0
    endloop
  endfacet
  facet normal 0.772958 0.634457 0
    outer loop
      vertex -4.699 -92.1209 0.799999
      vertex -4.95846 -91.8048 0
      vertex -4.95846 -91.8048 0.799999
    endloop
  endfacet
  facet normal 0.772958 0.634457 0
    outer loop
      vertex -4.95846 -91.8048 0
      vertex -4.699 -92.1209 0.799999
      vertex -4.699 -92.1209 0
    endloop
  endfacet
  facet normal -0.935919 -0.352216 0
    outer loop
      vertex 5.91831 -85.991 0
      vertex 5.77425 -85.6082 0.799999
      vertex 5.77425 -85.6082 0
    endloop
  endfacet
  facet normal -0.935919 -0.352216 0
    outer loop
      vertex 5.77425 -85.6082 0.799999
      vertex 5.91831 -85.991 0
      vertex 5.91831 -85.991 0.799999
    endloop
  endfacet
  facet normal -0.352326 -0.935877 0
    outer loop
      vertex 2.009 -82.0817 0
      vertex 2.39177 -82.2258 0.799999
      vertex 2.009 -82.0817 0.799999
    endloop
  endfacet
  facet normal -0.352326 -0.935877 -0
    outer loop
      vertex 2.39177 -82.2258 0.799999
      vertex 2.009 -82.0817 0
      vertex 2.39177 -82.2258 0
    endloop
  endfacet
  facet normal 0.4714 -0.881919 0
    outer loop
      vertex -3.125 -82.5873 0
      vertex -2.7643 -82.3945 0.799999
      vertex -3.125 -82.5873 0.799999
    endloop
  endfacet
  facet normal 0.4714 -0.881919 0
    outer loop
      vertex -2.7643 -82.3945 0.799999
      vertex -3.125 -82.5873 0
      vertex -2.7643 -82.3945 0
    endloop
  endfacet
  facet normal -0.162844 0.986652 0
    outer loop
      vertex 1.21931 -94.1299 0
      vertex 0.815788 -94.1965 0.799999
      vertex 1.21931 -94.1299 0.799999
    endloop
  endfacet
  facet normal -0.162844 0.986652 0
    outer loop
      vertex 0.815788 -94.1965 0.799999
      vertex 1.21931 -94.1299 0
      vertex 0.815788 -94.1965 0
    endloop
  endfacet
  facet normal 0.88193 0.471381 0
    outer loop
      vertex -5.41266 -91.125 0.799999
      vertex -5.60545 -90.7643 0
      vertex -5.60545 -90.7643 0.799999
    endloop
  endfacet
  facet normal 0.88193 0.471381 0
    outer loop
      vertex -5.60545 -90.7643 0
      vertex -5.41266 -91.125 0.799999
      vertex -5.41266 -91.125 0
    endloop
  endfacet
  facet normal -0.412522 0.910948 0
    outer loop
      vertex 2.7643 -93.6055 0
      vertex 2.39177 -93.7742 0.799999
      vertex 2.7643 -93.6055 0.799999
    endloop
  endfacet
  facet normal -0.412522 0.910948 0
    outer loop
      vertex 2.39177 -93.7742 0.799999
      vertex 2.7643 -93.6055 0
      vertex 2.39177 -93.7742 0
    endloop
  endfacet
  facet normal -0.528119 -0.849171 0
    outer loop
      vertex 3.125 -82.5873 0
      vertex 3.47231 -82.8033 0.799999
      vertex 3.125 -82.5873 0.799999
    endloop
  endfacet
  facet normal -0.528119 -0.849171 -0
    outer loop
      vertex 3.47231 -82.8033 0.799999
      vertex 3.125 -82.5873 0
      vertex 3.47231 -82.8033 0
    endloop
  endfacet
  facet normal -0.986643 -0.1629 0
    outer loop
      vertex 6.19653 -87.1842 0
      vertex 6.12991 -86.7807 0.799999
      vertex 6.12991 -86.7807 0
    endloop
  endfacet
  facet normal -0.986643 -0.1629 0
    outer loop
      vertex 6.12991 -86.7807 0.799999
      vertex 6.19653 -87.1842 0
      vertex 6.19653 -87.1842 0.799999
    endloop
  endfacet
  facet normal -0.582429 -0.812882 0
    outer loop
      vertex 3.47231 -82.8033 0
      vertex 3.80476 -83.0415 0.799999
      vertex 3.47231 -82.8033 0.799999
    endloop
  endfacet
  facet normal -0.582429 -0.812882 -0
    outer loop
      vertex 3.80476 -83.0415 0.799999
      vertex 3.47231 -82.8033 0
      vertex 3.80476 -83.0415 0
    endloop
  endfacet
  facet normal -0.0980465 -0.995182 0
    outer loop
      vertex 0.408769 -81.7634 0
      vertex 0.815788 -81.8035 0.799999
      vertex 0.408769 -81.7634 0.799999
    endloop
  endfacet
  facet normal -0.0980465 -0.995182 -0
    outer loop
      vertex 0.815788 -81.8035 0.799999
      vertex 0.408769 -81.7634 0
      vertex 0.815788 -81.8035 0
    endloop
  endfacet
  facet normal 0 0 -1
    outer loop
      vertex 6.23662 -88.4088 0.799999
      vertex 6.23662 -87.5912 0.799999
      vertex 6.25 -88 0.799999
    endloop
  endfacet
  facet normal 0 0 -1
    outer loop
      vertex 6.19653 -88.8158 0.799999
      vertex 6.23662 -87.5912 0.799999
      vertex 6.23662 -88.4088 0.799999
    endloop
  endfacet
  facet normal 0 0 -1
    outer loop
      vertex 6.19653 -88.8158 0.799999
      vertex 6.19653 -87.1842 0.799999
      vertex 6.23662 -87.5912 0.799999
    endloop
  endfacet
  facet normal 0 0 -1
    outer loop
      vertex 6.12991 -89.2193 0.799999
      vertex 6.19653 -87.1842 0.799999
      vertex 6.19653 -88.8158 0.799999
    endloop
  endfacet
  facet normal 0 0 -1
    outer loop
      vertex 6.12991 -89.2193 0.799999
      vertex 6.12991 -86.7807 0.799999
      vertex 6.19653 -87.1842 0.799999
    endloop
  endfacet
  facet normal 0 0 -1
    outer loop
      vertex 6.03704 -89.6176 0.799999
      vertex 6.12991 -86.7807 0.799999
      vertex 6.12991 -89.2193 0.799999
    endloop
  endfacet
  facet normal 0 0 -1
    outer loop
      vertex 6.03704 -89.6176 0.799999
      vertex 6.03704 -86.3824 0.799999
      vertex 6.12991 -86.7807 0.799999
    endloop
  endfacet
  facet normal 0 0 -1
    outer loop
      vertex 5.91831 -90.009 0.799999
      vertex 6.03704 -86.3824 0.799999
      vertex 6.03704 -89.6176 0.799999
    endloop
  endfacet
  facet normal 0 0 -1
    outer loop
      vertex 5.91831 -90.009 0.799999
      vertex 5.91831 -85.991 0.799999
      vertex 6.03704 -86.3824 0.799999
    endloop
  endfacet
  facet normal 0 0 -1
    outer loop
      vertex 5.77425 -90.3918 0.799999
      vertex 5.91831 -85.991 0.799999
      vertex 5.91831 -90.009 0.799999
    endloop
  endfacet
  facet normal 0 0 -1
    outer loop
      vertex 5.77425 -90.3918 0.799999
      vertex 5.77425 -85.6082 0.799999
      vertex 5.91831 -85.991 0.799999
    endloop
  endfacet
  facet normal 0 0 -1
    outer loop
      vertex 5.60545 -90.7643 0.799999
      vertex 5.77425 -85.6082 0.799999
      vertex 5.77425 -90.3918 0.799999
    endloop
  endfacet
  facet normal 0 0 -1
    outer loop
      vertex 5.60545 -90.7643 0.799999
      vertex 5.60545 -85.2357 0.799999
      vertex 5.77425 -85.6082 0.799999
    endloop
  endfacet
  facet normal 0 0 -1
    outer loop
      vertex 5.41266 -91.125 0.799999
      vertex 5.60545 -85.2357 0.799999
      vertex 5.60545 -90.7643 0.799999
    endloop
  endfacet
  facet normal 0 0 -1
    outer loop
      vertex 5.41266 -91.125 0.799999
      vertex 5.41266 -84.875 0.799999
      vertex 5.60545 -85.2357 0.799999
    endloop
  endfacet
  facet normal 0 0 -1
    outer loop
      vertex 5.19668 -91.4723 0.799999
      vertex 5.41266 -84.875 0.799999
      vertex 5.41266 -91.125 0.799999
    endloop
  endfacet
  facet normal 0 0 -1
    outer loop
      vertex 5.19668 -91.4723 0.799999
      vertex 5.19668 -84.5277 0.799999
      vertex 5.41266 -84.875 0.799999
    endloop
  endfacet
  facet normal 0 0 -1
    outer loop
      vertex 4.95846 -91.8048 0.799999
      vertex 5.19668 -84.5277 0.799999
      vertex 5.19668 -91.4723 0.799999
    endloop
  endfacet
  facet normal 0 0 -1
    outer loop
      vertex 4.95846 -91.8048 0.799999
      vertex 4.95846 -84.1952 0.799999
      vertex 5.19668 -84.5277 0.799999
    endloop
  endfacet
  facet normal 0 0 -1
    outer loop
      vertex 4.699 -92.1209 0.799999
      vertex 4.95846 -84.1952 0.799999
      vertex 4.95846 -91.8048 0.799999
    endloop
  endfacet
  facet normal 0 0 -1
    outer loop
      vertex 4.699 -92.1209 0.799999
      vertex 4.699 -83.8791 0.799999
      vertex 4.95846 -84.1952 0.799999
    endloop
  endfacet
  facet normal 0 0 -1
    outer loop
      vertex 4.41942 -92.4194 0.799999
      vertex 4.699 -83.8791 0.799999
      vertex 4.699 -92.1209 0.799999
    endloop
  endfacet
  facet normal 0 0 -1
    outer loop
      vertex 4.41942 -92.4194 0.799999
      vertex 4.41942 -83.5806 0.799999
      vertex 4.699 -83.8791 0.799999
    endloop
  endfacet
  facet normal 0 0 -1
    outer loop
      vertex 4.12091 -92.699 0.799999
      vertex 4.41942 -83.5806 0.799999
      vertex 4.41942 -92.4194 0.799999
    endloop
  endfacet
  facet normal 0 0 -1
    outer loop
      vertex 4.12091 -92.699 0.799999
      vertex 4.12091 -83.301 0.799999
      vertex 4.41942 -83.5806 0.799999
    endloop
  endfacet
  facet normal 0 0 -1
    outer loop
      vertex 3.80476 -92.9585 0.799999
      vertex 4.12091 -83.301 0.799999
      vertex 4.12091 -92.699 0.799999
    endloop
  endfacet
  facet normal 0 0 -1
    outer loop
      vertex 3.80476 -92.9585 0.799999
      vertex 3.80476 -83.0415 0.799999
      vertex 4.12091 -83.301 0.799999
    endloop
  endfacet
  facet normal 0 0 -1
    outer loop
      vertex 3.47231 -93.1967 0.799999
      vertex 3.80476 -83.0415 0.799999
      vertex 3.80476 -92.9585 0.799999
    endloop
  endfacet
  facet normal 0 0 -1
    outer loop
      vertex 3.47231 -93.1967 0.799999
      vertex 3.47231 -82.8033 0.799999
      vertex 3.80476 -83.0415 0.799999
    endloop
  endfacet
  facet normal 0 0 -1
    outer loop
      vertex 3.125 -93.4127 0.799999
      vertex 3.47231 -82.8033 0.799999
      vertex 3.47231 -93.1967 0.799999
    endloop
  endfacet
  facet normal 0 0 -1
    outer loop
      vertex 3.125 -93.4127 0.799999
      vertex 3.125 -82.5873 0.799999
      vertex 3.47231 -82.8033 0.799999
    endloop
  endfacet
  facet normal 0 0 -1
    outer loop
      vertex 2.7643 -93.6055 0.799999
      vertex 3.125 -82.5873 0.799999
      vertex 3.125 -93.4127 0.799999
    endloop
  endfacet
  facet normal 0 0 -1
    outer loop
      vertex 2.7643 -93.6055 0.799999
      vertex 2.7643 -82.3945 0.799999
      vertex 3.125 -82.5873 0.799999
    endloop
  endfacet
  facet normal 0 0 -1
    outer loop
      vertex 2.39177 -93.7742 0.799999
      vertex 2.7643 -82.3945 0.799999
      vertex 2.7643 -93.6055 0.799999
    endloop
  endfacet
  facet normal 0 0 -1
    outer loop
      vertex 2.39177 -93.7742 0.799999
      vertex 2.39177 -82.2258 0.799999
      vertex 2.7643 -82.3945 0.799999
    endloop
  endfacet
  facet normal 0 0 -1
    outer loop
      vertex 2.009 -93.9183 0.799999
      vertex 2.39177 -82.2258 0.799999
      vertex 2.39177 -93.7742 0.799999
    endloop
  endfacet
  facet normal 0 0 -1
    outer loop
      vertex 2.009 -93.9183 0.799999
      vertex 2.009 -82.0817 0.799999
      vertex 2.39177 -82.2258 0.799999
    endloop
  endfacet
  facet normal 0 0 -1
    outer loop
      vertex 1.61762 -94.037 0.799999
      vertex 2.009 -82.0817 0.799999
      vertex 2.009 -93.9183 0.799999
    endloop
  endfacet
  facet normal 0 0 -1
    outer loop
      vertex 1.61762 -94.037 0.799999
      vertex 1.61762 -81.963 0.799999
      vertex 2.009 -82.0817 0.799999
    endloop
  endfacet
  facet normal 0 0 -1
    outer loop
      vertex 1.21931 -94.1299 0.799999
      vertex 1.61762 -81.963 0.799999
      vertex 1.61762 -94.037 0.799999
    endloop
  endfacet
  facet normal 0 0 -1
    outer loop
      vertex 1.21931 -94.1299 0.799999
      vertex 1.21931 -81.8701 0.799999
      vertex 1.61762 -81.963 0.799999
    endloop
  endfacet
  facet normal 0 0 -1
    outer loop
      vertex 0.815788 -94.1965 0.799999
      vertex 1.21931 -81.8701 0.799999
      vertex 1.21931 -94.1299 0.799999
    endloop
  endfacet
  facet normal 0 0 -1
    outer loop
      vertex 0.815788 -94.1965 0.799999
      vertex 0.815788 -81.8035 0.799999
      vertex 1.21931 -81.8701 0.799999
    endloop
  endfacet
  facet normal 0 0 -1
    outer loop
      vertex 0.408769 -94.2366 0.799999
      vertex 0.815788 -81.8035 0.799999
      vertex 0.815788 -94.1965 0.799999
    endloop
  endfacet
  facet normal 0 0 -1
    outer loop
      vertex 0.408769 -94.2366 0.799999
      vertex 0.408769 -81.7634 0.799999
      vertex 0.815788 -81.8035 0.799999
    endloop
  endfacet
  facet normal 0 0 -1
    outer loop
      vertex 0 -94.25 0.799999
      vertex 0.408769 -81.7634 0.799999
      vertex 0.408769 -94.2366 0.799999
    endloop
  endfacet
  facet normal 0 0 -1
    outer loop
      vertex 0 -94.25 0.799999
      vertex 0 -81.75 0.799999
      vertex 0.408769 -81.7634 0.799999
    endloop
  endfacet
  facet normal 0 0 -1
    outer loop
      vertex -0.408769 -94.2366 0.799999
      vertex 0 -81.75 0.799999
      vertex 0 -94.25 0.799999
    endloop
  endfacet
  facet normal 0 0 -1
    outer loop
      vertex -0.408769 -94.2366 0.799999
      vertex -0.408769 -81.7634 0.799999
      vertex 0 -81.75 0.799999
    endloop
  endfacet
  facet normal 0 0 -1
    outer loop
      vertex -0.815788 -94.1965 0.799999
      vertex -0.408769 -81.7634 0.799999
      vertex -0.408769 -94.2366 0.799999
    endloop
  endfacet
  facet normal 0 0 -1
    outer loop
      vertex -0.815788 -94.1965 0.799999
      vertex -0.815788 -81.8035 0.799999
      vertex -0.408769 -81.7634 0.799999
    endloop
  endfacet
  facet normal 0 0 -1
    outer loop
      vertex -1.21931 -94.1299 0.799999
      vertex -0.815788 -81.8035 0.799999
      vertex -0.815788 -94.1965 0.799999
    endloop
  endfacet
  facet normal 0 0 -1
    outer loop
      vertex -1.21931 -94.1299 0.799999
      vertex -1.21931 -81.8701 0.799999
      vertex -0.815788 -81.8035 0.799999
    endloop
  endfacet
  facet normal 0 0 -1
    outer loop
      vertex -1.61762 -94.037 0.799999
      vertex -1.21931 -81.8701 0.799999
      vertex -1.21931 -94.1299 0.799999
    endloop
  endfacet
  facet normal 0 0 -1
    outer loop
      vertex -1.61762 -94.037 0.799999
      vertex -1.61762 -81.963 0.799999
      vertex -1.21931 -81.8701 0.799999
    endloop
  endfacet
  facet normal 0 0 -1
    outer loop
      vertex -2.009 -93.9183 0.799999
      vertex -1.61762 -81.963 0.799999
      vertex -1.61762 -94.037 0.799999
    endloop
  endfacet
  facet normal 0 0 -1
    outer loop
      vertex -2.009 -93.9183 0.799999
      vertex -2.009 -82.0817 0.799999
      vertex -1.61762 -81.963 0.799999
    endloop
  endfacet
  facet normal 0 0 -1
    outer loop
      vertex -2.39177 -93.7742 0.799999
      vertex -2.009 -82.0817 0.799999
      vertex -2.009 -93.9183 0.799999
    endloop
  endfacet
  facet normal 0 0 -1
    outer loop
      vertex -2.39177 -93.7742 0.799999
      vertex -2.39177 -82.2258 0.799999
      vertex -2.009 -82.0817 0.799999
    endloop
  endfacet
  facet normal 0 0 -1
    outer loop
      vertex -2.7643 -93.6055 0.799999
      vertex -2.39177 -82.2258 0.799999
      vertex -2.39177 -93.7742 0.799999
    endloop
  endfacet
  facet normal 0 0 -1
    outer loop
      vertex -2.7643 -93.6055 0.799999
      vertex -2.7643 -82.3945 0.799999
      vertex -2.39177 -82.2258 0.799999
    endloop
  endfacet
  facet normal 0 0 -1
    outer loop
      vertex -3.125 -93.4127 0.799999
      vertex -2.7643 -82.3945 0.799999
      vertex -2.7643 -93.6055 0.799999
    endloop
  endfacet
  facet normal 0 0 -1
    outer loop
      vertex -3.125 -93.4127 0.799999
      vertex -3.125 -82.5873 0.799999
      vertex -2.7643 -82.3945 0.799999
    endloop
  endfacet
  facet normal 0 0 -1
    outer loop
      vertex -3.47231 -93.1967 0.799999
      vertex -3.125 -82.5873 0.799999
      vertex -3.125 -93.4127 0.799999
    endloop
  endfacet
  facet normal 0 0 -1
    outer loop
      vertex -3.47231 -93.1967 0.799999
      vertex -3.47231 -82.8033 0.799999
      vertex -3.125 -82.5873 0.799999
    endloop
  endfacet
  facet normal 0 0 -1
    outer loop
      vertex -3.80476 -92.9585 0.799999
      vertex -3.47231 -82.8033 0.799999
      vertex -3.47231 -93.1967 0.799999
    endloop
  endfacet
  facet normal 0 0 -1
    outer loop
      vertex -3.80476 -92.9585 0.799999
      vertex -3.80476 -83.0415 0.799999
      vertex -3.47231 -82.8033 0.799999
    endloop
  endfacet
  facet normal 0 0 -1
    outer loop
      vertex -4.12091 -92.699 0.799999
      vertex -3.80476 -83.0415 0.799999
      vertex -3.80476 -92.9585 0.799999
    endloop
  endfacet
  facet normal 0 0 -1
    outer loop
      vertex -4.12091 -92.699 0.799999
      vertex -4.12091 -83.301 0.799999
      vertex -3.80476 -83.0415 0.799999
    endloop
  endfacet
  facet normal 0 0 -1
    outer loop
      vertex -4.41942 -92.4194 0.799999
      vertex -4.12091 -83.301 0.799999
      vertex -4.12091 -92.699 0.799999
    endloop
  endfacet
  facet normal 0 0 -1
    outer loop
      vertex -4.41942 -92.4194 0.799999
      vertex -4.41942 -83.5806 0.799999
      vertex -4.12091 -83.301 0.799999
    endloop
  endfacet
  facet normal 0 0 -1
    outer loop
      vertex -4.699 -92.1209 0.799999
      vertex -4.41942 -83.5806 0.799999
      vertex -4.41942 -92.4194 0.799999
    endloop
  endfacet
  facet normal 0 0 -1
    outer loop
      vertex -4.699 -92.1209 0.799999
      vertex -4.699 -83.8791 0.799999
      vertex -4.41942 -83.5806 0.799999
    endloop
  endfacet
  facet normal 0 0 -1
    outer loop
      vertex -4.95846 -91.8048 0.799999
      vertex -4.699 -83.8791 0.799999
      vertex -4.699 -92.1209 0.799999
    endloop
  endfacet
  facet normal 0 0 -1
    outer loop
      vertex -4.95846 -91.8048 0.799999
      vertex -4.95846 -84.1952 0.799999
      vertex -4.699 -83.8791 0.799999
    endloop
  endfacet
  facet normal 0 0 -1
    outer loop
      vertex -5.19668 -91.4723 0.799999
      vertex -4.95846 -84.1952 0.799999
      vertex -4.95846 -91.8048 0.799999
    endloop
  endfacet
  facet normal 0 0 -1
    outer loop
      vertex -5.19668 -91.4723 0.799999
      vertex -5.19668 -84.5277 0.799999
      vertex -4.95846 -84.1952 0.799999
    endloop
  endfacet
  facet normal 0 0 -1
    outer loop
      vertex -5.41266 -91.125 0.799999
      vertex -5.19668 -84.5277 0.799999
      vertex -5.19668 -91.4723 0.799999
    endloop
  endfacet
  facet normal 0 0 -1
    outer loop
      vertex -5.41266 -91.125 0.799999
      vertex -5.41266 -84.875 0.799999
      vertex -5.19668 -84.5277 0.799999
    endloop
  endfacet
  facet normal 0 0 -1
    outer loop
      vertex -5.60545 -90.7643 0.799999
      vertex -5.41266 -84.875 0.799999
      vertex -5.41266 -91.125 0.799999
    endloop
  endfacet
  facet normal 0 0 -1
    outer loop
      vertex -5.60545 -90.7643 0.799999
      vertex -5.60545 -85.2357 0.799999
      vertex -5.41266 -84.875 0.799999
    endloop
  endfacet
  facet normal 0 0 -1
    outer loop
      vertex -5.77425 -90.3918 0.799999
      vertex -5.60545 -85.2357 0.799999
      vertex -5.60545 -90.7643 0.799999
    endloop
  endfacet
  facet normal 0 0 -1
    outer loop
      vertex -5.77425 -90.3918 0.799999
      vertex -5.77425 -85.6082 0.799999
      vertex -5.60545 -85.2357 0.799999
    endloop
  endfacet
  facet normal 0 0 -1
    outer loop
      vertex -5.91831 -90.009 0.799999
      vertex -5.77425 -85.6082 0.799999
      vertex -5.77425 -90.3918 0.799999
    endloop
  endfacet
  facet normal 0 0 -1
    outer loop
      vertex -5.91831 -90.009 0.799999
      vertex -5.91831 -85.991 0.799999
      vertex -5.77425 -85.6082 0.799999
    endloop
  endfacet
  facet normal 0 0 -1
    outer loop
      vertex -6.03704 -89.6176 0.799999
      vertex -5.91831 -85.991 0.799999
      vertex -5.91831 -90.009 0.799999
    endloop
  endfacet
  facet normal 0 0 -1
    outer loop
      vertex -6.03704 -89.6176 0.799999
      vertex -6.03704 -86.3824 0.799999
      vertex -5.91831 -85.991 0.799999
    endloop
  endfacet
  facet normal 0 0 -1
    outer loop
      vertex -6.12991 -89.2193 0.799999
      vertex -6.03704 -86.3824 0.799999
      vertex -6.03704 -89.6176 0.799999
    endloop
  endfacet
  facet normal 0 0 -1
    outer loop
      vertex -6.12991 -89.2193 0.799999
      vertex -6.12991 -86.7807 0.799999
      vertex -6.03704 -86.3824 0.799999
    endloop
  endfacet
  facet normal 0 0 -1
    outer loop
      vertex -6.19653 -88.8158 0.799999
      vertex -6.12991 -86.7807 0.799999
      vertex -6.12991 -89.2193 0.799999
    endloop
  endfacet
  facet normal 0 0 -1
    outer loop
      vertex -6.19653 -88.8158 0.799999
      vertex -6.19653 -87.1842 0.799999
      vertex -6.12991 -86.7807 0.799999
    endloop
  endfacet
  facet normal 0 0 -1
    outer loop
      vertex -6.23662 -88.4088 0.799999
      vertex -6.19653 -87.1842 0.799999
      vertex -6.19653 -88.8158 0.799999
    endloop
  endfacet
  facet normal 0 0 -1
    outer loop
      vertex -6.23662 -88.4088 0.799999
      vertex -6.23662 -87.5912 0.799999
      vertex -6.19653 -87.1842 0.799999
    endloop
  endfacet
  facet normal 0 -0 -1
    outer loop
      vertex -6.23662 -87.5912 0.799999
      vertex -6.23662 -88.4088 0.799999
      vertex -6.25 -88 0.799999
    endloop
  endfacet
  facet normal 0.729859 0.683598 0
    outer loop
      vertex -4.41942 -92.4194 0.799999
      vertex -4.699 -92.1209 0
      vertex -4.699 -92.1209 0.799999
    endloop
  endfacet
  facet normal 0.729859 0.683598 0
    outer loop
      vertex -4.699 -92.1209 0
      vertex -4.41942 -92.4194 0.799999
      vertex -4.41942 -92.4194 0
    endloop
  endfacet
  facet normal -0.0327638 -0.999463 0
    outer loop
      vertex 0 -81.75 0
      vertex 0.408769 -81.7634 0.799999
      vertex 0 -81.75 0.799999
    endloop
  endfacet
  facet normal -0.0327638 -0.999463 -0
    outer loop
      vertex 0.408769 -81.7634 0.799999
      vertex 0 -81.75 0
      vertex 0.408769 -81.7634 0
    endloop
  endfacet
  facet normal 0.986643 -0.1629 0
    outer loop
      vertex -6.19653 -87.1842 0.799999
      vertex -6.12991 -86.7807 0
      vertex -6.12991 -86.7807 0.799999
    endloop
  endfacet
  facet normal 0.986643 -0.1629 0
    outer loop
      vertex -6.12991 -86.7807 0
      vertex -6.19653 -87.1842 0.799999
      vertex -6.19653 -87.1842 0
    endloop
  endfacet
  facet normal 0.8129 0.582403 0
    outer loop
      vertex -4.95846 -91.8048 0.799999
      vertex -5.19668 -91.4723 0
      vertex -5.19668 -91.4723 0.799999
    endloop
  endfacet
  facet normal 0.8129 0.582403 0
    outer loop
      vertex -5.19668 -91.4723 0
      vertex -4.95846 -91.8048 0.799999
      vertex -4.95846 -91.8048 0
    endloop
  endfacet
  facet normal -0.412522 -0.910948 0
    outer loop
      vertex 2.39177 -82.2258 0
      vertex 2.7643 -82.3945 0.799999
      vertex 2.39177 -82.2258 0.799999
    endloop
  endfacet
  facet normal -0.412522 -0.910948 -0
    outer loop
      vertex 2.7643 -82.3945 0.799999
      vertex 2.39177 -82.2258 0
      vertex 2.7643 -82.3945 0
    endloop
  endfacet
  facet normal -0.729859 -0.683598 0
    outer loop
      vertex 4.699 -83.8791 0
      vertex 4.41942 -83.5806 0.799999
      vertex 4.41942 -83.5806 0
    endloop
  endfacet
  facet normal -0.729859 -0.683598 0
    outer loop
      vertex 4.41942 -83.5806 0.799999
      vertex 4.699 -83.8791 0
      vertex 4.699 -83.8791 0.799999
    endloop
  endfacet
  facet normal 0.0327638 -0.999463 0
    outer loop
      vertex -0.408769 -81.7634 0
      vertex 0 -81.75 0.799999
      vertex -0.408769 -81.7634 0.799999
    endloop
  endfacet
  facet normal 0.0327638 -0.999463 0
    outer loop
      vertex 0 -81.75 0.799999
      vertex -0.408769 -81.7634 0
      vertex 0 -81.75 0
    endloop
  endfacet
  facet normal -0.986643 0.1629 0
    outer loop
      vertex 6.12991 -89.2193 0
      vertex 6.19653 -88.8158 0.799999
      vertex 6.19653 -88.8158 0
    endloop
  endfacet
  facet normal -0.986643 0.1629 0
    outer loop
      vertex 6.19653 -88.8158 0.799999
      vertex 6.12991 -89.2193 0
      vertex 6.12991 -89.2193 0.799999
    endloop
  endfacet
  facet normal 0.412522 -0.910948 0
    outer loop
      vertex -2.7643 -82.3945 0
      vertex -2.39177 -82.2258 0.799999
      vertex -2.7643 -82.3945 0.799999
    endloop
  endfacet
  facet normal 0.412522 -0.910948 0
    outer loop
      vertex -2.39177 -82.2258 0.799999
      vertex -2.7643 -82.3945 0
      vertex -2.39177 -82.2258 0
    endloop
  endfacet
  facet normal -0.634455 -0.77296 0
    outer loop
      vertex 3.80476 -83.0415 0
      vertex 4.12091 -83.301 0.799999
      vertex 3.80476 -83.0415 0.799999
    endloop
  endfacet
  facet normal -0.634455 -0.77296 -0
    outer loop
      vertex 4.12091 -83.301 0.799999
      vertex 3.80476 -83.0415 0
      vertex 4.12091 -83.301 0
    endloop
  endfacet
  facet normal -0.849186 -0.528094 0
    outer loop
      vertex 5.41266 -84.875 0
      vertex 5.19668 -84.5277 0.799999
      vertex 5.19668 -84.5277 0
    endloop
  endfacet
  facet normal -0.849186 -0.528094 0
    outer loop
      vertex 5.19668 -84.5277 0.799999
      vertex 5.41266 -84.875 0
      vertex 5.41266 -84.875 0.799999
    endloop
  endfacet
  facet normal 0.935919 -0.352216 0
    outer loop
      vertex -5.91831 -85.991 0.799999
      vertex -5.77425 -85.6082 0
      vertex -5.77425 -85.6082 0.799999
    endloop
  endfacet
  facet normal 0.935919 -0.352216 0
    outer loop
      vertex -5.77425 -85.6082 0
      vertex -5.91831 -85.991 0.799999
      vertex -5.91831 -85.991 0
    endloop
  endfacet
  facet normal 0.8129 -0.582403 0
    outer loop
      vertex -5.19668 -84.5277 0.799999
      vertex -4.95846 -84.1952 0
      vertex -4.95846 -84.1952 0.799999
    endloop
  endfacet
  facet normal 0.8129 -0.582403 0
    outer loop
      vertex -4.95846 -84.1952 0
      vertex -5.19668 -84.5277 0.799999
      vertex -5.19668 -84.5277 0
    endloop
  endfacet
  facet normal 0.88193 -0.471381 0
    outer loop
      vertex -5.60545 -85.2357 0.799999
      vertex -5.41266 -84.875 0
      vertex -5.41266 -84.875 0.799999
    endloop
  endfacet
  facet normal 0.88193 -0.471381 0
    outer loop
      vertex -5.41266 -84.875 0
      vertex -5.60545 -85.2357 0.799999
      vertex -5.60545 -85.2357 0
    endloop
  endfacet
  facet normal 0.995185 0.098014 0
    outer loop
      vertex 106.571 6.98505 3
      vertex 105.886 13.9402 0
      vertex 105.886 13.9402 3
    endloop
  endfacet
  facet normal 0.995185 0.098014 0
    outer loop
      vertex 105.886 13.9402 0
      vertex 106.571 6.98505 3
      vertex 106.571 6.98505 0
    endloop
  endfacet
  facet normal 0.999463 0.0327667 0
    outer loop
      vertex 106.8 0 3
      vertex 106.571 6.98505 0
      vertex 106.571 6.98505 3
    endloop
  endfacet
  facet normal 0.999463 0.0327667 0
    outer loop
      vertex 106.571 6.98505 0
      vertex 106.8 0 3
      vertex 106.8 0 0
    endloop
  endfacet
  facet normal 0.986653 0.162835 0
    outer loop
      vertex 105.886 13.9402 3
      vertex 104.748 20.8356 0
      vertex 104.748 20.8356 3
    endloop
  endfacet
  facet normal 0.986653 0.162835 0
    outer loop
      vertex 104.748 20.8356 0
      vertex 105.886 13.9402 3
      vertex 105.886 13.9402 0
    endloop
  endfacet
  facet normal 0.973877 0.227075 0
    outer loop
      vertex 104.748 20.8356 3
      vertex 103.161 27.6419 0
      vertex 103.161 27.6419 3
    endloop
  endfacet
  facet normal 0.973877 0.227075 0
    outer loop
      vertex 103.161 27.6419 0
      vertex 104.748 20.8356 3
      vertex 104.748 20.8356 0
    endloop
  endfacet
  facet normal -0.995185 -0.098014 0
    outer loop
      vertex -105.886 -13.9402 0
      vertex -106.571 -6.98505 3
      vertex -106.571 -6.98505 0
    endloop
  endfacet
  facet normal -0.995185 -0.098014 0
    outer loop
      vertex -106.571 -6.98505 3
      vertex -105.886 -13.9402 0
      vertex -105.886 -13.9402 3
    endloop
  endfacet
  facet normal -0.999463 -0.0327667 0
    outer loop
      vertex -106.571 -6.98505 0
      vertex -106.8 0 3
      vertex -106.8 0 0
    endloop
  endfacet
  facet normal -0.999463 -0.0327667 0
    outer loop
      vertex -106.8 0 3
      vertex -106.571 -6.98505 0
      vertex -106.571 -6.98505 3
    endloop
  endfacet
  facet normal 0.935912 -0.352235 0
    outer loop
      vertex 98.6703 -40.8706 3
      vertex 101.132 -34.3297 0
      vertex 101.132 -34.3297 3
    endloop
  endfacet
  facet normal 0.935912 -0.352235 0
    outer loop
      vertex 101.132 -34.3297 0
      vertex 98.6703 -40.8706 3
      vertex 98.6703 -40.8706 0
    endloop
  endfacet
  facet normal -0.352235 0.935912 0
    outer loop
      vertex -34.3297 101.132 0
      vertex -40.8706 98.6703 3
      vertex -34.3297 101.132 3
    endloop
  endfacet
  facet normal -0.352235 0.935912 0
    outer loop
      vertex -40.8706 98.6703 3
      vertex -34.3297 101.132 0
      vertex -40.8706 98.6703 0
    endloop
  endfacet
  facet normal 0.352235 -0.935912 0
    outer loop
      vertex 34.3297 -101.132 0
      vertex 40.8706 -98.6703 3
      vertex 34.3297 -101.132 3
    endloop
  endfacet
  facet normal 0.352235 -0.935912 0
    outer loop
      vertex 40.8706 -98.6703 3
      vertex 34.3297 -101.132 0
      vertex 40.8706 -98.6703 0
    endloop
  endfacet
  facet normal -0.986653 -0.162835 0
    outer loop
      vertex -104.748 -20.8356 0
      vertex -105.886 -13.9402 3
      vertex -105.886 -13.9402 0
    endloop
  endfacet
  facet normal -0.986653 -0.162835 0
    outer loop
      vertex -105.886 -13.9402 3
      vertex -104.748 -20.8356 0
      vertex -104.748 -20.8356 3
    endloop
  endfacet
  facet normal -0.849206 -0.528062 0
    outer loop
      vertex -88.801 -59.3349 0
      vertex -92.4915 -53.4 3
      vertex -92.4915 -53.4 0
    endloop
  endfacet
  facet normal -0.849206 -0.528062 0
    outer loop
      vertex -92.4915 -53.4 3
      vertex -88.801 -59.3349 0
      vertex -88.801 -59.3349 3
    endloop
  endfacet
  facet normal -0.290321 -0.956929 0
    outer loop
      vertex -34.3297 -101.132 0
      vertex -27.6419 -103.161 3
      vertex -34.3297 -101.132 3
    endloop
  endfacet
  facet normal -0.290321 -0.956929 -0
    outer loop
      vertex -27.6419 -103.161 3
      vertex -34.3297 -101.132 0
      vertex -27.6419 -103.161 0
    endloop
  endfacet
  facet normal 0.683591 0.729865 -0
    outer loop
      vertex 75.519 75.519 0
      vertex 70.4181 80.2965 3
      vertex 75.519 75.519 3
    endloop
  endfacet
  facet normal 0.683591 0.729865 0
    outer loop
      vertex 70.4181 80.2965 3
      vertex 75.519 75.519 0
      vertex 70.4181 80.2965 0
    endloop
  endfacet
  facet normal -0.227075 0.973877 0
    outer loop
      vertex -20.8356 104.748 0
      vertex -27.6419 103.161 3
      vertex -20.8356 104.748 3
    endloop
  endfacet
  facet normal -0.227075 0.973877 0
    outer loop
      vertex -27.6419 103.161 3
      vertex -20.8356 104.748 0
      vertex -27.6419 103.161 0
    endloop
  endfacet
  facet normal -0.995185 0.098014 0
    outer loop
      vertex -106.571 6.98505 0
      vertex -105.886 13.9402 3
      vertex -105.886 13.9402 0
    endloop
  endfacet
  facet normal -0.995185 0.098014 0
    outer loop
      vertex -105.886 13.9402 3
      vertex -106.571 6.98505 0
      vertex -106.571 6.98505 3
    endloop
  endfacet
  facet normal 0.956929 -0.290321 0
    outer loop
      vertex 101.132 -34.3297 3
      vertex 103.161 -27.6419 0
      vertex 103.161 -27.6419 3
    endloop
  endfacet
  facet normal 0.956929 -0.290321 0
    outer loop
      vertex 103.161 -27.6419 0
      vertex 101.132 -34.3297 3
      vertex 101.132 -34.3297 0
    endloop
  endfacet
  facet normal -0.973877 -0.227075 0
    outer loop
      vertex -103.161 -27.6419 0
      vertex -104.748 -20.8356 3
      vertex -104.748 -20.8356 0
    endloop
  endfacet
  facet normal -0.973877 -0.227075 0
    outer loop
      vertex -104.748 -20.8356 3
      vertex -103.161 -27.6419 0
      vertex -103.161 -27.6419 3
    endloop
  endfacet
  facet normal 0.098014 0.995185 -0
    outer loop
      vertex 13.9402 105.886 0
      vertex 6.98505 106.571 3
      vertex 13.9402 105.886 3
    endloop
  endfacet
  facet normal 0.098014 0.995185 0
    outer loop
      vertex 6.98505 106.571 3
      vertex 13.9402 105.886 0
      vertex 6.98505 106.571 0
    endloop
  endfacet
  facet normal 0.956929 0.290321 0
    outer loop
      vertex 103.161 27.6419 3
      vertex 101.132 34.3297 0
      vertex 101.132 34.3297 3
    endloop
  endfacet
  facet normal 0.956929 0.290321 0
    outer loop
      vertex 101.132 34.3297 0
      vertex 103.161 27.6419 3
      vertex 103.161 27.6419 0
    endloop
  endfacet
  facet normal 0.098014 -0.995185 0
    outer loop
      vertex 6.98505 -106.571 0
      vertex 13.9402 -105.886 3
      vertex 6.98505 -106.571 3
    endloop
  endfacet
  facet normal 0.098014 -0.995185 0
    outer loop
      vertex 13.9402 -105.886 3
      vertex 6.98505 -106.571 0
      vertex 13.9402 -105.886 0
    endloop
  endfacet
  facet normal -0.973877 0.227075 0
    outer loop
      vertex -104.748 20.8356 0
      vertex -103.161 27.6419 3
      vertex -103.161 27.6419 0
    endloop
  endfacet
  facet normal -0.973877 0.227075 0
    outer loop
      vertex -103.161 27.6419 3
      vertex -104.748 20.8356 0
      vertex -104.748 20.8356 3
    endloop
  endfacet
  facet normal 0.999463 -0.0327667 0
    outer loop
      vertex 106.571 -6.98505 3
      vertex 106.8 0 0
      vertex 106.8 0 3
    endloop
  endfacet
  facet normal 0.999463 -0.0327667 0
    outer loop
      vertex 106.8 0 0
      vertex 106.571 -6.98505 3
      vertex 106.571 -6.98505 0
    endloop
  endfacet
  facet normal -0.528062 0.849206 0
    outer loop
      vertex -53.4 92.4915 0
      vertex -59.3349 88.801 3
      vertex -53.4 92.4915 3
    endloop
  endfacet
  facet normal -0.528062 0.849206 0
    outer loop
      vertex -59.3349 88.801 3
      vertex -53.4 92.4915 0
      vertex -59.3349 88.801 0
    endloop
  endfacet
  facet normal -0.290321 0.956929 0
    outer loop
      vertex -27.6419 103.161 0
      vertex -34.3297 101.132 3
      vertex -27.6419 103.161 3
    endloop
  endfacet
  facet normal -0.290321 0.956929 0
    outer loop
      vertex -34.3297 101.132 3
      vertex -27.6419 103.161 0
      vertex -34.3297 101.132 0
    endloop
  endfacet
  facet normal 0.81284 -0.582487 0
    outer loop
      vertex 84.7301 -65.0157 3
      vertex 88.801 -59.3349 0
      vertex 88.801 -59.3349 3
    endloop
  endfacet
  facet normal 0.81284 -0.582487 0
    outer loop
      vertex 88.801 -59.3349 0
      vertex 84.7301 -65.0157 3
      vertex 84.7301 -65.0157 0
    endloop
  endfacet
  facet normal -0.910864 -0.412706 0
    outer loop
      vertex -95.786 -47.2364 0
      vertex -98.6703 -40.8706 3
      vertex -98.6703 -40.8706 0
    endloop
  endfacet
  facet normal -0.910864 -0.412706 0
    outer loop
      vertex -98.6703 -40.8706 3
      vertex -95.786 -47.2364 0
      vertex -95.786 -47.2364 3
    endloop
  endfacet
  facet normal 0.81284 0.582487 0
    outer loop
      vertex 88.801 59.3349 3
      vertex 84.7301 65.0157 0
      vertex 84.7301 65.0157 3
    endloop
  endfacet
  facet normal 0.81284 0.582487 0
    outer loop
      vertex 84.7301 65.0157 0
      vertex 88.801 59.3349 3
      vertex 88.801 59.3349 0
    endloop
  endfacet
  facet normal 0.910864 0.412706 0
    outer loop
      vertex 98.6703 40.8706 3
      vertex 95.786 47.2364 0
      vertex 95.786 47.2364 3
    endloop
  endfacet
  facet normal 0.910864 0.412706 0
    outer loop
      vertex 95.786 47.2364 0
      vertex 98.6703 40.8706 3
      vertex 98.6703 40.8706 0
    endloop
  endfacet
  facet normal 0.63439 -0.773013 0
    outer loop
      vertex 65.0157 -84.7301 0
      vertex 70.4181 -80.2965 3
      vertex 65.0157 -84.7301 3
    endloop
  endfacet
  facet normal 0.63439 -0.773013 0
    outer loop
      vertex 70.4181 -80.2965 3
      vertex 65.0157 -84.7301 0
      vertex 70.4181 -80.2965 0
    endloop
  endfacet
  facet normal -0.098014 -0.995185 0
    outer loop
      vertex -13.9402 -105.886 0
      vertex -6.98505 -106.571 3
      vertex -13.9402 -105.886 3
    endloop
  endfacet
  facet normal -0.098014 -0.995185 -0
    outer loop
      vertex -6.98505 -106.571 3
      vertex -13.9402 -105.886 0
      vertex -6.98505 -106.571 0
    endloop
  endfacet
  facet normal 0.881922 0.471395 0
    outer loop
      vertex 95.786 47.2364 3
      vertex 92.4915 53.4 0
      vertex 92.4915 53.4 3
    endloop
  endfacet
  facet normal 0.881922 0.471395 0
    outer loop
      vertex 92.4915 53.4 0
      vertex 95.786 47.2364 3
      vertex 95.786 47.2364 0
    endloop
  endfacet
  facet normal -0.881922 0.471395 0
    outer loop
      vertex -95.786 47.2364 0
      vertex -92.4915 53.4 3
      vertex -92.4915 53.4 0
    endloop
  endfacet
  facet normal -0.881922 0.471395 0
    outer loop
      vertex -92.4915 53.4 3
      vertex -95.786 47.2364 0
      vertex -95.786 47.2364 3
    endloop
  endfacet
  facet normal 0.528062 0.849206 -0
    outer loop
      vertex 59.3349 88.801 0
      vertex 53.4 92.4915 3
      vertex 59.3349 88.801 3
    endloop
  endfacet
  facet normal 0.528062 0.849206 0
    outer loop
      vertex 53.4 92.4915 3
      vertex 59.3349 88.801 0
      vertex 53.4 92.4915 0
    endloop
  endfacet
  facet normal -0.986653 0.162835 0
    outer loop
      vertex -105.886 13.9402 0
      vertex -104.748 20.8356 3
      vertex -104.748 20.8356 0
    endloop
  endfacet
  facet normal -0.986653 0.162835 0
    outer loop
      vertex -104.748 20.8356 3
      vertex -105.886 13.9402 0
      vertex -105.886 13.9402 3
    endloop
  endfacet
  facet normal 0.352235 0.935912 -0
    outer loop
      vertex 40.8706 98.6703 0
      vertex 34.3297 101.132 3
      vertex 40.8706 98.6703 3
    endloop
  endfacet
  facet normal 0.352235 0.935912 0
    outer loop
      vertex 34.3297 101.132 3
      vertex 40.8706 98.6703 0
      vertex 34.3297 101.132 0
    endloop
  endfacet
  facet normal 0.412706 -0.910864 0
    outer loop
      vertex 40.8706 -98.6703 0
      vertex 47.2364 -95.786 3
      vertex 40.8706 -98.6703 3
    endloop
  endfacet
  facet normal 0.412706 -0.910864 0
    outer loop
      vertex 47.2364 -95.786 3
      vertex 40.8706 -98.6703 0
      vertex 47.2364 -95.786 0
    endloop
  endfacet
  facet normal 0.849206 -0.528062 0
    outer loop
      vertex 88.801 -59.3349 3
      vertex 92.4915 -53.4 0
      vertex 92.4915 -53.4 3
    endloop
  endfacet
  facet normal 0.849206 -0.528062 0
    outer loop
      vertex 92.4915 -53.4 0
      vertex 88.801 -59.3349 3
      vertex 88.801 -59.3349 0
    endloop
  endfacet
  facet normal -0.582487 0.81284 0
    outer loop
      vertex -59.3349 88.801 0
      vertex -65.0157 84.7301 3
      vertex -59.3349 88.801 3
    endloop
  endfacet
  facet normal -0.582487 0.81284 0
    outer loop
      vertex -65.0157 84.7301 3
      vertex -59.3349 88.801 0
      vertex -65.0157 84.7301 0
    endloop
  endfacet
  facet normal -0.227075 -0.973877 0
    outer loop
      vertex -27.6419 -103.161 0
      vertex -20.8356 -104.748 3
      vertex -27.6419 -103.161 3
    endloop
  endfacet
  facet normal -0.227075 -0.973877 -0
    outer loop
      vertex -20.8356 -104.748 3
      vertex -27.6419 -103.161 0
      vertex -20.8356 -104.748 0
    endloop
  endfacet
  facet normal -0.098014 0.995185 0
    outer loop
      vertex -6.98505 106.571 0
      vertex -13.9402 105.886 3
      vertex -6.98505 106.571 3
    endloop
  endfacet
  facet normal -0.098014 0.995185 0
    outer loop
      vertex -13.9402 105.886 3
      vertex -6.98505 106.571 0
      vertex -13.9402 105.886 0
    endloop
  endfacet
  facet normal 0.227075 0.973877 -0
    outer loop
      vertex 27.6419 103.161 0
      vertex 20.8356 104.748 3
      vertex 27.6419 103.161 3
    endloop
  endfacet
  facet normal 0.227075 0.973877 0
    outer loop
      vertex 20.8356 104.748 3
      vertex 27.6419 103.161 0
      vertex 20.8356 104.748 0
    endloop
  endfacet
  facet normal -0.849206 0.528062 0
    outer loop
      vertex -92.4915 53.4 0
      vertex -88.801 59.3349 3
      vertex -88.801 59.3349 0
    endloop
  endfacet
  facet normal -0.849206 0.528062 0
    outer loop
      vertex -88.801 59.3349 3
      vertex -92.4915 53.4 0
      vertex -92.4915 53.4 3
    endloop
  endfacet
  facet normal 0.582487 -0.81284 0
    outer loop
      vertex 59.3349 -88.801 0
      vertex 65.0157 -84.7301 3
      vertex 59.3349 -88.801 3
    endloop
  endfacet
  facet normal 0.582487 -0.81284 0
    outer loop
      vertex 65.0157 -84.7301 3
      vertex 59.3349 -88.801 0
      vertex 65.0157 -84.7301 0
    endloop
  endfacet
  facet normal -0.935912 0.352235 0
    outer loop
      vertex -101.132 34.3297 0
      vertex -98.6703 40.8706 3
      vertex -98.6703 40.8706 0
    endloop
  endfacet
  facet normal -0.935912 0.352235 0
    outer loop
      vertex -98.6703 40.8706 3
      vertex -101.132 34.3297 0
      vertex -101.132 34.3297 3
    endloop
  endfacet
  facet normal -0 0 1
    outer loop
      vertex -62.2254 60.5254 3
      vertex -9.65926 2.58819 3
      vertex -61.7854 60.5833 3
    endloop
  endfacet
  facet normal 0 0 1
    outer loop
      vertex -10 0 3
      vertex -60.5833 -61.7854 3
      vertex -60.5254 -62.2254 3
    endloop
  endfacet
  facet normal 0 0 1
    outer loop
      vertex -9.65926 2.58819 3
      vertex -62.2254 60.5254 3
      vertex -9.80785 1.9509 3
    endloop
  endfacet
  facet normal 0 0 1
    outer loop
      vertex -10 0 3
      vertex -60.7532 -61.3754 3
      vertex -60.5833 -61.7854 3
    endloop
  endfacet
  facet normal -0 0 1
    outer loop
      vertex -104.748 20.8356 3
      vertex -9.80785 1.9509 3
      vertex -62.2254 60.5254 3
    endloop
  endfacet
  facet normal 0 0 1
    outer loop
      vertex -10 0 3
      vertex -61.0233 -61.0233 3
      vertex -60.7532 -61.3754 3
    endloop
  endfacet
  facet normal 0 0 1
    outer loop
      vertex -9.80785 1.9509 3
      vertex -104.748 20.8356 3
      vertex -9.91445 1.30526 3
    endloop
  endfacet
  facet normal 0 0 1
    outer loop
      vertex -10 0 3
      vertex -61.3754 -60.7532 3
      vertex -61.0233 -61.0233 3
    endloop
  endfacet
  facet normal -0 0 1
    outer loop
      vertex -105.886 13.9402 3
      vertex -9.91445 1.30526 3
      vertex -104.748 20.8356 3
    endloop
  endfacet
  facet normal 0 0 1
    outer loop
      vertex -10 0 3
      vertex -61.7854 -60.5833 3
      vertex -61.3754 -60.7532 3
    endloop
  endfacet
  facet normal 0 0 1
    outer loop
      vertex -9.91445 1.30526 3
      vertex -105.886 13.9402 3
      vertex -9.97859 0.654031 3
    endloop
  endfacet
  facet normal 0 -0 1
    outer loop
      vertex -106.571 -6.98505 3
      vertex -10 0 3
      vertex -106.8 0 3
    endloop
  endfacet
  facet normal 0 0 1
    outer loop
      vertex -98.6703 40.8706 3
      vertex -62.2254 60.5254 3
      vertex -62.6654 60.5833 3
    endloop
  endfacet
  facet normal 0 -0 1
    outer loop
      vertex -105.886 -13.9402 3
      vertex -10 0 3
      vertex -106.571 -6.98505 3
    endloop
  endfacet
  facet normal 0 0 1
    outer loop
      vertex -95.786 47.2364 3
      vertex -62.6654 60.5833 3
      vertex -63.0754 60.7532 3
    endloop
  endfacet
  facet normal 0 -0 1
    outer loop
      vertex -104.748 -20.8356 3
      vertex -10 0 3
      vertex -105.886 -13.9402 3
    endloop
  endfacet
  facet normal 0 0 1
    outer loop
      vertex -92.4915 53.4 3
      vertex -63.0754 60.7532 3
      vertex -63.4275 61.0233 3
    endloop
  endfacet
  facet normal 0 -0 1
    outer loop
      vertex -62.2254 -60.5254 3
      vertex -10 0 3
      vertex -104.748 -20.8356 3
    endloop
  endfacet
  facet normal 0 0 1
    outer loop
      vertex -88.801 59.3349 3
      vertex -63.4275 61.0233 3
      vertex -63.6976 61.3754 3
    endloop
  endfacet
  facet normal 0 0 1
    outer loop
      vertex -10 0 3
      vertex -62.2254 -60.5254 3
      vertex -61.7854 -60.5833 3
    endloop
  endfacet
  facet normal 0 0 1
    outer loop
      vertex -84.7301 65.0157 3
      vertex -63.6976 61.3754 3
      vertex -63.8675 61.7854 3
    endloop
  endfacet
  facet normal -0 -0 1
    outer loop
      vertex -103.161 -27.6419 3
      vertex -62.2254 -60.5254 3
      vertex -104.748 -20.8356 3
    endloop
  endfacet
  facet normal 0 0 1
    outer loop
      vertex -84.7301 65.0157 3
      vertex -63.8675 61.7854 3
      vertex -63.9254 62.2254 3
    endloop
  endfacet
  facet normal -0 -0 1
    outer loop
      vertex -101.132 -34.3297 3
      vertex -62.2254 -60.5254 3
      vertex -103.161 -27.6419 3
    endloop
  endfacet
  facet normal -0 0 1
    outer loop
      vertex -60.7532 -63.0754 3
      vertex -47.2364 -95.786 3
      vertex -60.5833 -62.6654 3
    endloop
  endfacet
  facet normal 0 0 1
    outer loop
      vertex -47.2364 -95.786 3
      vertex -60.7532 -63.0754 3
      vertex -53.4 -92.4915 3
    endloop
  endfacet
  facet normal -0 0 1
    outer loop
      vertex -61.0233 -63.4275 3
      vertex -53.4 -92.4915 3
      vertex -60.7532 -63.0754 3
    endloop
  endfacet
  facet normal 0 0 1
    outer loop
      vertex -53.4 -92.4915 3
      vertex -61.0233 -63.4275 3
      vertex -59.3349 -88.801 3
    endloop
  endfacet
  facet normal -0 0 1
    outer loop
      vertex -61.3754 -63.6976 3
      vertex -59.3349 -88.801 3
      vertex -61.0233 -63.4275 3
    endloop
  endfacet
  facet normal 0 0 1
    outer loop
      vertex -65.0157 -84.7301 3
      vertex -61.3754 -63.6976 3
      vertex -61.7854 -63.8675 3
    endloop
  endfacet
  facet normal 0 0 1
    outer loop
      vertex -65.0157 -84.7301 3
      vertex -61.7854 -63.8675 3
      vertex -62.2254 -63.9254 3
    endloop
  endfacet
  facet normal 0 0 1
    outer loop
      vertex -70.4181 -80.2965 3
      vertex -62.2254 -63.9254 3
      vertex -62.6654 -63.8675 3
    endloop
  endfacet
  facet normal 0 0 1
    outer loop
      vertex -70.4181 -80.2965 3
      vertex -62.6654 -63.8675 3
      vertex -63.0754 -63.6976 3
    endloop
  endfacet
  facet normal 0 0 1
    outer loop
      vertex -75.519 -75.519 3
      vertex -63.0754 -63.6976 3
      vertex -63.4275 -63.4275 3
    endloop
  endfacet
  facet normal 0 0 1
    outer loop
      vertex -75.519 -75.519 3
      vertex -63.4275 -63.4275 3
      vertex -63.6976 -63.0754 3
    endloop
  endfacet
  facet normal 0 0 1
    outer loop
      vertex -80.2965 -70.4181 3
      vertex -63.6976 -63.0754 3
      vertex -63.8675 -62.6654 3
    endloop
  endfacet
  facet normal 0 0 1
    outer loop
      vertex -61.3754 -63.6976 3
      vertex -65.0157 -84.7301 3
      vertex -59.3349 -88.801 3
    endloop
  endfacet
  facet normal 0 0 1
    outer loop
      vertex -80.2965 -70.4181 3
      vertex -63.8675 -62.6654 3
      vertex -63.9254 -62.2254 3
    endloop
  endfacet
  facet normal 0 0 1
    outer loop
      vertex -63.6976 63.0754 3
      vertex -80.2965 70.4181 3
      vertex -63.8675 62.6654 3
    endloop
  endfacet
  facet normal 0 0 1
    outer loop
      vertex -63.8675 62.6654 3
      vertex -80.2965 70.4181 3
      vertex -63.9254 62.2254 3
    endloop
  endfacet
  facet normal 0 0 1
    outer loop
      vertex -62.2254 -63.9254 3
      vertex -70.4181 -80.2965 3
      vertex -65.0157 -84.7301 3
    endloop
  endfacet
  facet normal -0 0 1
    outer loop
      vertex -84.7301 65.0157 3
      vertex -63.9254 62.2254 3
      vertex -80.2965 70.4181 3
    endloop
  endfacet
  facet normal 0 0 1
    outer loop
      vertex -63.0754 -63.6976 3
      vertex -75.519 -75.519 3
      vertex -70.4181 -80.2965 3
    endloop
  endfacet
  facet normal 0 0 1
    outer loop
      vertex -63.6976 61.3754 3
      vertex -84.7301 65.0157 3
      vertex -88.801 59.3349 3
    endloop
  endfacet
  facet normal 0 0 1
    outer loop
      vertex -63.6976 -63.0754 3
      vertex -80.2965 -70.4181 3
      vertex -75.519 -75.519 3
    endloop
  endfacet
  facet normal 0 0 1
    outer loop
      vertex -63.4275 61.0233 3
      vertex -88.801 59.3349 3
      vertex -92.4915 53.4 3
    endloop
  endfacet
  facet normal 0 0 1
    outer loop
      vertex -63.9254 -62.2254 3
      vertex -84.7301 -65.0157 3
      vertex -80.2965 -70.4181 3
    endloop
  endfacet
  facet normal 0 0 1
    outer loop
      vertex -63.0754 60.7532 3
      vertex -92.4915 53.4 3
      vertex -95.786 47.2364 3
    endloop
  endfacet
  facet normal 0 0 1
    outer loop
      vertex -63.8675 -61.7854 3
      vertex -84.7301 -65.0157 3
      vertex -63.9254 -62.2254 3
    endloop
  endfacet
  facet normal 0 0 1
    outer loop
      vertex -62.6654 60.5833 3
      vertex -95.786 47.2364 3
      vertex -98.6703 40.8706 3
    endloop
  endfacet
  facet normal 0 0 1
    outer loop
      vertex -63.6976 -61.3754 3
      vertex -84.7301 -65.0157 3
      vertex -63.8675 -61.7854 3
    endloop
  endfacet
  facet normal 0 0 1
    outer loop
      vertex -62.2254 60.5254 3
      vertex -98.6703 40.8706 3
      vertex -101.132 34.3297 3
    endloop
  endfacet
  facet normal 0 -0 1
    outer loop
      vertex -84.7301 -65.0157 3
      vertex -63.6976 -61.3754 3
      vertex -88.801 -59.3349 3
    endloop
  endfacet
  facet normal 0 0 1
    outer loop
      vertex -62.2254 60.5254 3
      vertex -101.132 34.3297 3
      vertex -103.161 27.6419 3
    endloop
  endfacet
  facet normal 0 0 1
    outer loop
      vertex -63.4275 -61.0233 3
      vertex -88.801 -59.3349 3
      vertex -63.6976 -61.3754 3
    endloop
  endfacet
  facet normal 0 0 1
    outer loop
      vertex -62.2254 60.5254 3
      vertex -103.161 27.6419 3
      vertex -104.748 20.8356 3
    endloop
  endfacet
  facet normal -0 -0 1
    outer loop
      vertex -88.801 -59.3349 3
      vertex -63.4275 -61.0233 3
      vertex -92.4915 -53.4 3
    endloop
  endfacet
  facet normal -0 0 1
    outer loop
      vertex -106.571 6.98505 3
      vertex -9.97859 0.654031 3
      vertex -105.886 13.9402 3
    endloop
  endfacet
  facet normal 0 0 1
    outer loop
      vertex -63.0754 -60.7532 3
      vertex -92.4915 -53.4 3
      vertex -63.4275 -61.0233 3
    endloop
  endfacet
  facet normal 0 0 1
    outer loop
      vertex -9.97859 0.654031 3
      vertex -106.571 6.98505 3
      vertex -10 0 3
    endloop
  endfacet
  facet normal -0 -0 1
    outer loop
      vertex -92.4915 -53.4 3
      vertex -63.0754 -60.7532 3
      vertex -95.786 -47.2364 3
    endloop
  endfacet
  facet normal 0 0 1
    outer loop
      vertex -10 0 3
      vertex -106.571 6.98505 3
      vertex -106.8 0 3
    endloop
  endfacet
  facet normal 0 0 1
    outer loop
      vertex -62.6654 -60.5833 3
      vertex -95.786 -47.2364 3
      vertex -63.0754 -60.7532 3
    endloop
  endfacet
  facet normal -0 -0 1
    outer loop
      vertex -98.6703 -40.8706 3
      vertex -62.2254 -60.5254 3
      vertex -101.132 -34.3297 3
    endloop
  endfacet
  facet normal -0 -0 1
    outer loop
      vertex -95.786 -47.2364 3
      vertex -62.6654 -60.5833 3
      vertex -98.6703 -40.8706 3
    endloop
  endfacet
  facet normal 0 0 1
    outer loop
      vertex -62.2254 -60.5254 3
      vertex -98.6703 -40.8706 3
      vertex -62.6654 -60.5833 3
    endloop
  endfacet
  facet normal 0 0 1
    outer loop
      vertex 8.3147 -5.5557 3
      vertex 56.0332 -3.04381 3
      vertex 8.66025 -5 3
    endloop
  endfacet
  facet normal 0 0 1
    outer loop
      vertex 56.0332 -3.04381 3
      vertex 8.3147 -5.5557 3
      vertex 56.2408 -3.29673 3
    endloop
  endfacet
  facet normal 0 0 1
    outer loop
      vertex 7.93353 -6.08761 3
      vertex 56.2408 -3.29673 3
      vertex 8.3147 -5.5557 3
    endloop
  endfacet
  facet normal 0 0 1
    outer loop
      vertex 56.2408 -3.29673 3
      vertex 7.93353 -6.08761 3
      vertex 56.4645 -3.53553 3
    endloop
  endfacet
  facet normal 0 0 1
    outer loop
      vertex 7.5184 -6.59346 3
      vertex 56.4645 -3.53553 3
      vertex 7.93353 -6.08761 3
    endloop
  endfacet
  facet normal 0 0 1
    outer loop
      vertex 56.4645 -3.53553 3
      vertex 7.5184 -6.59346 3
      vertex 56.7033 -3.7592 3
    endloop
  endfacet
  facet normal 0 0 1
    outer loop
      vertex 7.07107 -7.07107 3
      vertex 56.7033 -3.7592 3
      vertex 7.5184 -6.59346 3
    endloop
  endfacet
  facet normal 0 0 1
    outer loop
      vertex 56.7033 -3.7592 3
      vertex 7.07107 -7.07107 3
      vertex 56.9562 -3.96677 3
    endloop
  endfacet
  facet normal 0 0 1
    outer loop
      vertex 56.9562 -3.96677 3
      vertex 7.07107 -7.07107 3
      vertex 61.0233 -61.0233 3
    endloop
  endfacet
  facet normal -0 0 1
    outer loop
      vertex 6.59346 -7.5184 3
      vertex 61.0233 -61.0233 3
      vertex 7.07107 -7.07107 3
    endloop
  endfacet
  facet normal -0 0 1
    outer loop
      vertex 6.08761 -7.93353 3
      vertex 61.0233 -61.0233 3
      vertex 6.59346 -7.5184 3
    endloop
  endfacet
  facet normal 0 0 1
    outer loop
      vertex 61.0233 -61.0233 3
      vertex 6.08761 -7.93353 3
      vertex 60.7532 -61.3754 3
    endloop
  endfacet
  facet normal -0 0 1
    outer loop
      vertex 5.5557 -8.3147 3
      vertex 60.7532 -61.3754 3
      vertex 6.08761 -7.93353 3
    endloop
  endfacet
  facet normal -0 0 1
    outer loop
      vertex 5 -8.66025 3
      vertex 60.7532 -61.3754 3
      vertex 5.5557 -8.3147 3
    endloop
  endfacet
  facet normal -0 0 1
    outer loop
      vertex 4.42289 -8.96873 3
      vertex 60.7532 -61.3754 3
      vertex 5 -8.66025 3
    endloop
  endfacet
  facet normal 0 0 1
    outer loop
      vertex 60.7532 -61.3754 3
      vertex 4.42289 -8.96873 3
      vertex 60.5833 -61.7854 3
    endloop
  endfacet
  facet normal -0 0 1
    outer loop
      vertex 3.82683 -9.2388 3
      vertex 60.5833 -61.7854 3
      vertex 4.42289 -8.96873 3
    endloop
  endfacet
  facet normal -0 0 1
    outer loop
      vertex 3.21439 -9.4693 3
      vertex 60.5833 -61.7854 3
      vertex 3.82683 -9.2388 3
    endloop
  endfacet
  facet normal -0 0 1
    outer loop
      vertex 2.58819 -9.65926 3
      vertex 60.5833 -61.7854 3
      vertex 3.21439 -9.4693 3
    endloop
  endfacet
  facet normal -0 0 1
    outer loop
      vertex 1.9509 -9.80785 3
      vertex 60.5833 -61.7854 3
      vertex 2.58819 -9.65926 3
    endloop
  endfacet
  facet normal 0 0 1
    outer loop
      vertex 60.5833 -61.7854 3
      vertex 1.9509 -9.80785 3
      vertex 13.9402 -105.886 3
    endloop
  endfacet
  facet normal -0 0 1
    outer loop
      vertex 1.30526 -9.91445 3
      vertex 13.9402 -105.886 3
      vertex 1.9509 -9.80785 3
    endloop
  endfacet
  facet normal 0 0 1
    outer loop
      vertex 13.9402 -105.886 3
      vertex 1.30526 -9.91445 3
      vertex 6.98505 -106.571 3
    endloop
  endfacet
  facet normal -0 0 1
    outer loop
      vertex 0.654031 -9.97859 3
      vertex 6.98505 -106.571 3
      vertex 1.30526 -9.91445 3
    endloop
  endfacet
  facet normal -0 0 1
    outer loop
      vertex 0 -10 3
      vertex 6.98505 -106.571 3
      vertex 0.654031 -9.97859 3
    endloop
  endfacet
  facet normal 0 0 1
    outer loop
      vertex 0 -10 3
      vertex 0 -106.8 3
      vertex 6.98505 -106.571 3
    endloop
  endfacet
  facet normal 0 0 1
    outer loop
      vertex -0.654031 -9.97859 3
      vertex 0 -106.8 3
      vertex 0 -10 3
    endloop
  endfacet
  facet normal 0 0 1
    outer loop
      vertex -6.98505 -106.571 3
      vertex -0.654031 -9.97859 3
      vertex -1.30526 -9.91445 3
    endloop
  endfacet
  facet normal 0 0 1
    outer loop
      vertex -13.9402 -105.886 3
      vertex -1.30526 -9.91445 3
      vertex -1.9509 -9.80785 3
    endloop
  endfacet
  facet normal 0 0 1
    outer loop
      vertex -60.5254 -62.2254 3
      vertex -1.9509 -9.80785 3
      vertex -2.58819 -9.65926 3
    endloop
  endfacet
  facet normal 0 0 1
    outer loop
      vertex -60.5254 -62.2254 3
      vertex -2.58819 -9.65926 3
      vertex -3.21439 -9.4693 3
    endloop
  endfacet
  facet normal 0 0 1
    outer loop
      vertex -60.5254 -62.2254 3
      vertex -3.21439 -9.4693 3
      vertex -3.82683 -9.2388 3
    endloop
  endfacet
  facet normal 0 0 1
    outer loop
      vertex -60.5254 -62.2254 3
      vertex -3.82683 -9.2388 3
      vertex -4.42289 -8.96873 3
    endloop
  endfacet
  facet normal 0 0 1
    outer loop
      vertex -60.5254 -62.2254 3
      vertex -4.42289 -8.96873 3
      vertex -5 -8.66025 3
    endloop
  endfacet
  facet normal 0 0 1
    outer loop
      vertex -60.5254 -62.2254 3
      vertex -5 -8.66025 3
      vertex -5.5557 -8.3147 3
    endloop
  endfacet
  facet normal 0 0 1
    outer loop
      vertex -60.5254 -62.2254 3
      vertex -5.5557 -8.3147 3
      vertex -6.08761 -7.93353 3
    endloop
  endfacet
  facet normal 0 0 1
    outer loop
      vertex -60.5254 -62.2254 3
      vertex -6.08761 -7.93353 3
      vertex -6.59346 -7.5184 3
    endloop
  endfacet
  facet normal 0 0 1
    outer loop
      vertex -0.654031 -9.97859 3
      vertex -6.98505 -106.571 3
      vertex 0 -106.8 3
    endloop
  endfacet
  facet normal 0 0 1
    outer loop
      vertex -60.5254 -62.2254 3
      vertex -6.59346 -7.5184 3
      vertex -7.07107 -7.07107 3
    endloop
  endfacet
  facet normal 0 0 1
    outer loop
      vertex -60.5254 -62.2254 3
      vertex -7.07107 -7.07107 3
      vertex -7.5184 -6.59346 3
    endloop
  endfacet
  facet normal 0 0 1
    outer loop
      vertex -60.5254 -62.2254 3
      vertex -7.5184 -6.59346 3
      vertex -7.93353 -6.08761 3
    endloop
  endfacet
  facet normal 0 0 1
    outer loop
      vertex -60.5254 -62.2254 3
      vertex -7.93353 -6.08761 3
      vertex -8.3147 -5.5557 3
    endloop
  endfacet
  facet normal 0 0 1
    outer loop
      vertex -60.5254 -62.2254 3
      vertex -8.3147 -5.5557 3
      vertex -8.66025 -5 3
    endloop
  endfacet
  facet normal 0 0 1
    outer loop
      vertex -60.5254 -62.2254 3
      vertex -8.66025 -5 3
      vertex -8.96873 -4.42289 3
    endloop
  endfacet
  facet normal 0 0 1
    outer loop
      vertex -60.5254 -62.2254 3
      vertex -8.96873 -4.42289 3
      vertex -9.2388 -3.82683 3
    endloop
  endfacet
  facet normal 0 0 1
    outer loop
      vertex -60.5254 -62.2254 3
      vertex -9.2388 -3.82683 3
      vertex -9.4693 -3.21439 3
    endloop
  endfacet
  facet normal 0 0 1
    outer loop
      vertex -60.5254 -62.2254 3
      vertex -9.4693 -3.21439 3
      vertex -9.65926 -2.58819 3
    endloop
  endfacet
  facet normal 0 0 1
    outer loop
      vertex -60.5254 -62.2254 3
      vertex -9.65926 -2.58819 3
      vertex -9.80785 -1.9509 3
    endloop
  endfacet
  facet normal 0 0 1
    outer loop
      vertex -60.5254 -62.2254 3
      vertex -9.80785 -1.9509 3
      vertex -9.91445 -1.30526 3
    endloop
  endfacet
  facet normal 0 0 1
    outer loop
      vertex -10 0 3
      vertex -60.5254 -62.2254 3
      vertex -9.97859 -0.654031 3
    endloop
  endfacet
  facet normal 0 0 1
    outer loop
      vertex -9.4693 3.21439 3
      vertex -61.7854 60.5833 3
      vertex -9.65926 2.58819 3
    endloop
  endfacet
  facet normal 0 0 1
    outer loop
      vertex -9.2388 3.82683 3
      vertex -61.7854 60.5833 3
      vertex -9.4693 3.21439 3
    endloop
  endfacet
  facet normal 0 0 1
    outer loop
      vertex -9.97859 -0.654031 3
      vertex -60.5254 -62.2254 3
      vertex -9.91445 -1.30526 3
    endloop
  endfacet
  facet normal 0 0 1
    outer loop
      vertex -60.5254 62.2254 3
      vertex -13.9402 105.886 3
      vertex -20.8356 104.748 3
    endloop
  endfacet
  facet normal 0 0 1
    outer loop
      vertex -1.30526 -9.91445 3
      vertex -13.9402 -105.886 3
      vertex -6.98505 -106.571 3
    endloop
  endfacet
  facet normal 0 0 1
    outer loop
      vertex -60.5254 62.2254 3
      vertex -20.8356 104.748 3
      vertex -27.6419 103.161 3
    endloop
  endfacet
  facet normal 0 0 1
    outer loop
      vertex -1.9509 -9.80785 3
      vertex -20.8356 -104.748 3
      vertex -13.9402 -105.886 3
    endloop
  endfacet
  facet normal 0 0 1
    outer loop
      vertex -60.5254 62.2254 3
      vertex -27.6419 103.161 3
      vertex -34.3297 101.132 3
    endloop
  endfacet
  facet normal 0 0 1
    outer loop
      vertex -1.9509 -9.80785 3
      vertex -60.5254 -62.2254 3
      vertex -20.8356 -104.748 3
    endloop
  endfacet
  facet normal 0 0 1
    outer loop
      vertex -60.5254 62.2254 3
      vertex -34.3297 101.132 3
      vertex -40.8706 98.6703 3
    endloop
  endfacet
  facet normal 0 0 1
    outer loop
      vertex -20.8356 -104.748 3
      vertex -60.5254 -62.2254 3
      vertex -27.6419 -103.161 3
    endloop
  endfacet
  facet normal 0 0 1
    outer loop
      vertex -60.5833 62.6654 3
      vertex -40.8706 98.6703 3
      vertex -47.2364 95.786 3
    endloop
  endfacet
  facet normal 0 0 1
    outer loop
      vertex -27.6419 -103.161 3
      vertex -60.5254 -62.2254 3
      vertex -34.3297 -101.132 3
    endloop
  endfacet
  facet normal 0 0 1
    outer loop
      vertex -60.7532 63.0754 3
      vertex -47.2364 95.786 3
      vertex -53.4 92.4915 3
    endloop
  endfacet
  facet normal 0 0 1
    outer loop
      vertex -34.3297 -101.132 3
      vertex -60.5254 -62.2254 3
      vertex -40.8706 -98.6703 3
    endloop
  endfacet
  facet normal 0 0 1
    outer loop
      vertex -61.0233 63.4275 3
      vertex -53.4 92.4915 3
      vertex -59.3349 88.801 3
    endloop
  endfacet
  facet normal -0 0 1
    outer loop
      vertex -60.5833 -62.6654 3
      vertex -40.8706 -98.6703 3
      vertex -60.5254 -62.2254 3
    endloop
  endfacet
  facet normal 0 0 1
    outer loop
      vertex -40.8706 -98.6703 3
      vertex -60.5833 -62.6654 3
      vertex -47.2364 -95.786 3
    endloop
  endfacet
  facet normal 0 0 1
    outer loop
      vertex -40.8706 98.6703 3
      vertex -60.5833 62.6654 3
      vertex -60.5254 62.2254 3
    endloop
  endfacet
  facet normal 0 0 1
    outer loop
      vertex -47.2364 95.786 3
      vertex -60.7532 63.0754 3
      vertex -60.5833 62.6654 3
    endloop
  endfacet
  facet normal 0 0 1
    outer loop
      vertex -53.4 92.4915 3
      vertex -61.0233 63.4275 3
      vertex -60.7532 63.0754 3
    endloop
  endfacet
  facet normal 0 0 1
    outer loop
      vertex -59.3349 88.801 3
      vertex -61.3754 63.6976 3
      vertex -61.0233 63.4275 3
    endloop
  endfacet
  facet normal -0 0 1
    outer loop
      vertex -65.0157 84.7301 3
      vertex -61.3754 63.6976 3
      vertex -59.3349 88.801 3
    endloop
  endfacet
  facet normal 0 0 1
    outer loop
      vertex -61.3754 63.6976 3
      vertex -65.0157 84.7301 3
      vertex -61.7854 63.8675 3
    endloop
  endfacet
  facet normal 0 0 1
    outer loop
      vertex -61.7854 63.8675 3
      vertex -65.0157 84.7301 3
      vertex -62.2254 63.9254 3
    endloop
  endfacet
  facet normal -0 0 1
    outer loop
      vertex -70.4181 80.2965 3
      vertex -62.2254 63.9254 3
      vertex -65.0157 84.7301 3
    endloop
  endfacet
  facet normal 0 0 1
    outer loop
      vertex -62.2254 63.9254 3
      vertex -70.4181 80.2965 3
      vertex -62.6654 63.8675 3
    endloop
  endfacet
  facet normal 0 0 1
    outer loop
      vertex -62.6654 63.8675 3
      vertex -70.4181 80.2965 3
      vertex -63.0754 63.6976 3
    endloop
  endfacet
  facet normal -0 0 1
    outer loop
      vertex -75.519 75.519 3
      vertex -63.0754 63.6976 3
      vertex -70.4181 80.2965 3
    endloop
  endfacet
  facet normal -0 0 1
    outer loop
      vertex -80.2965 70.4181 3
      vertex -63.6976 63.0754 3
      vertex -75.519 75.519 3
    endloop
  endfacet
  facet normal 0 0 1
    outer loop
      vertex -63.4275 63.4275 3
      vertex -75.519 75.519 3
      vertex -63.6976 63.0754 3
    endloop
  endfacet
  facet normal 0 0 1
    outer loop
      vertex -63.0754 63.6976 3
      vertex -75.519 75.519 3
      vertex -63.4275 63.4275 3
    endloop
  endfacet
  facet normal 0 0 1
    outer loop
      vertex 84.7301 -65.0157 3
      vertex 63.8675 -61.7854 3
      vertex 63.9254 -62.2254 3
    endloop
  endfacet
  facet normal 0 0 1
    outer loop
      vertex 103.161 -27.6419 3
      vertex 63.0438 -3.96677 3
      vertex 101.132 -34.3297 3
    endloop
  endfacet
  facet normal 0 0 1
    outer loop
      vertex 95.786 -47.2364 3
      vertex 63.6976 -61.3754 3
      vertex 63.8675 -61.7854 3
    endloop
  endfacet
  facet normal -0 0 1
    outer loop
      vertex 62.7779 -4.15735 3
      vertex 101.132 -34.3297 3
      vertex 63.0438 -3.96677 3
    endloop
  endfacet
  facet normal 0 0 1
    outer loop
      vertex 95.786 -47.2364 3
      vertex 63.4275 -61.0233 3
      vertex 63.6976 -61.3754 3
    endloop
  endfacet
  facet normal -0 0 1
    outer loop
      vertex 62.5 -4.33013 3
      vertex 101.132 -34.3297 3
      vertex 62.7779 -4.15735 3
    endloop
  endfacet
  facet normal 0 0 1
    outer loop
      vertex 101.132 -34.3297 3
      vertex 62.5 -4.33013 3
      vertex 98.6703 -40.8706 3
    endloop
  endfacet
  facet normal 0 0 1
    outer loop
      vertex 95.786 -47.2364 3
      vertex 63.0754 -60.7532 3
      vertex 63.4275 -61.0233 3
    endloop
  endfacet
  facet normal -0 0 1
    outer loop
      vertex 62.2114 -4.48436 3
      vertex 98.6703 -40.8706 3
      vertex 62.5 -4.33013 3
    endloop
  endfacet
  facet normal -0 0 1
    outer loop
      vertex 61.9134 -4.6194 3
      vertex 98.6703 -40.8706 3
      vertex 62.2114 -4.48436 3
    endloop
  endfacet
  facet normal -0 0 1
    outer loop
      vertex 61.6072 -4.73465 3
      vertex 98.6703 -40.8706 3
      vertex 61.9134 -4.6194 3
    endloop
  endfacet
  facet normal 0 0 1
    outer loop
      vertex 95.786 -47.2364 3
      vertex 62.6654 -60.5833 3
      vertex 63.0754 -60.7532 3
    endloop
  endfacet
  facet normal 0 0 1
    outer loop
      vertex 98.6703 -40.8706 3
      vertex 61.6072 -4.73465 3
      vertex 95.786 -47.2364 3
    endloop
  endfacet
  facet normal 0 0 1
    outer loop
      vertex 95.786 -47.2364 3
      vertex 61.6072 -4.73465 3
      vertex 62.6654 -60.5833 3
    endloop
  endfacet
  facet normal -0 0 1
    outer loop
      vertex 61.2941 -4.82963 3
      vertex 62.6654 -60.5833 3
      vertex 61.6072 -4.73465 3
    endloop
  endfacet
  facet normal -0 0 1
    outer loop
      vertex 60.9755 -4.90393 3
      vertex 62.6654 -60.5833 3
      vertex 61.2941 -4.82963 3
    endloop
  endfacet
  facet normal 0 0 1
    outer loop
      vertex 62.6654 -60.5833 3
      vertex 60.9755 -4.90393 3
      vertex 62.2254 -60.5254 3
    endloop
  endfacet
  facet normal -0 0 1
    outer loop
      vertex 60.6526 -4.95722 3
      vertex 62.2254 -60.5254 3
      vertex 60.9755 -4.90393 3
    endloop
  endfacet
  facet normal -0 0 1
    outer loop
      vertex 60.327 -4.98929 3
      vertex 62.2254 -60.5254 3
      vertex 60.6526 -4.95722 3
    endloop
  endfacet
  facet normal -0 0 1
    outer loop
      vertex 60 -5 3
      vertex 62.2254 -60.5254 3
      vertex 60.327 -4.98929 3
    endloop
  endfacet
  facet normal 0 0 1
    outer loop
      vertex 59.673 -4.98929 3
      vertex 62.2254 -60.5254 3
      vertex 60 -5 3
    endloop
  endfacet
  facet normal 0 0 1
    outer loop
      vertex 62.2254 -60.5254 3
      vertex 59.673 -4.98929 3
      vertex 61.7854 -60.5833 3
    endloop
  endfacet
  facet normal 0 0 1
    outer loop
      vertex 59.3474 -4.95722 3
      vertex 61.7854 -60.5833 3
      vertex 59.673 -4.98929 3
    endloop
  endfacet
  facet normal 0 0 1
    outer loop
      vertex 59.0245 -4.90393 3
      vertex 61.7854 -60.5833 3
      vertex 59.3474 -4.95722 3
    endloop
  endfacet
  facet normal 0 0 1
    outer loop
      vertex 58.7059 -4.82963 3
      vertex 61.7854 -60.5833 3
      vertex 59.0245 -4.90393 3
    endloop
  endfacet
  facet normal -0 0 1
    outer loop
      vertex 64.9572 0.652631 3
      vertex 106.8 0 3
      vertex 106.571 6.98505 3
    endloop
  endfacet
  facet normal 0 0 1
    outer loop
      vertex 64.7346 1.6072 3
      vertex 106.571 6.98505 3
      vertex 105.886 13.9402 3
    endloop
  endfacet
  facet normal 0 0 1
    outer loop
      vertex 106.8 0 3
      vertex 64.9893 0.327015 3
      vertex 65 0 3
    endloop
  endfacet
  facet normal 0 0 1
    outer loop
      vertex 64.3301 2.5 3
      vertex 105.886 13.9402 3
      vertex 104.748 20.8356 3
    endloop
  endfacet
  facet normal 0 0 1
    outer loop
      vertex 64.9893 -0.327015 3
      vertex 106.8 0 3
      vertex 65 0 3
    endloop
  endfacet
  facet normal 0 0 1
    outer loop
      vertex 63.7592 3.29673 3
      vertex 104.748 20.8356 3
      vertex 103.161 27.6419 3
    endloop
  endfacet
  facet normal 0 0 1
    outer loop
      vertex 64.9572 -0.652631 3
      vertex 106.8 0 3
      vertex 64.9893 -0.327015 3
    endloop
  endfacet
  facet normal 0 0 1
    outer loop
      vertex 63.0438 3.96677 3
      vertex 103.161 27.6419 3
      vertex 101.132 34.3297 3
    endloop
  endfacet
  facet normal 0 0 1
    outer loop
      vertex 106.8 0 3
      vertex 64.9572 -0.652631 3
      vertex 106.571 -6.98505 3
    endloop
  endfacet
  facet normal 0 0 1
    outer loop
      vertex 62.5 4.33013 3
      vertex 101.132 34.3297 3
      vertex 98.6703 40.8706 3
    endloop
  endfacet
  facet normal -0 0 1
    outer loop
      vertex 64.9039 -0.975451 3
      vertex 106.571 -6.98505 3
      vertex 64.9572 -0.652631 3
    endloop
  endfacet
  facet normal 0 0 1
    outer loop
      vertex 61.6072 4.73465 3
      vertex 98.6703 40.8706 3
      vertex 95.786 47.2364 3
    endloop
  endfacet
  facet normal -0 0 1
    outer loop
      vertex 64.8296 -1.2941 3
      vertex 106.571 -6.98505 3
      vertex 64.9039 -0.975451 3
    endloop
  endfacet
  facet normal 0 0 1
    outer loop
      vertex 63.0754 60.7532 3
      vertex 95.786 47.2364 3
      vertex 92.4915 53.4 3
    endloop
  endfacet
  facet normal -0 0 1
    outer loop
      vertex 64.7346 -1.6072 3
      vertex 106.571 -6.98505 3
      vertex 64.8296 -1.2941 3
    endloop
  endfacet
  facet normal 0 0 1
    outer loop
      vertex 63.4275 61.0233 3
      vertex 92.4915 53.4 3
      vertex 88.801 59.3349 3
    endloop
  endfacet
  facet normal 0 0 1
    outer loop
      vertex 106.571 -6.98505 3
      vertex 64.7346 -1.6072 3
      vertex 105.886 -13.9402 3
    endloop
  endfacet
  facet normal -0 0 1
    outer loop
      vertex 63.6976 61.3754 3
      vertex 88.801 59.3349 3
      vertex 84.7301 65.0157 3
    endloop
  endfacet
  facet normal -0 0 1
    outer loop
      vertex 64.6194 -1.91342 3
      vertex 105.886 -13.9402 3
      vertex 64.7346 -1.6072 3
    endloop
  endfacet
  facet normal 0 0 1
    outer loop
      vertex 63.9254 62.2254 3
      vertex 84.7301 65.0157 3
      vertex 80.2965 70.4181 3
    endloop
  endfacet
  facet normal -0 0 1
    outer loop
      vertex 64.4844 -2.21144 3
      vertex 105.886 -13.9402 3
      vertex 64.6194 -1.91342 3
    endloop
  endfacet
  facet normal 0 0 1
    outer loop
      vertex 63.6976 63.0754 3
      vertex 80.2965 70.4181 3
      vertex 75.519 75.519 3
    endloop
  endfacet
  facet normal 0 0 1
    outer loop
      vertex 105.886 -13.9402 3
      vertex 64.3301 -2.5 3
      vertex 104.748 -20.8356 3
    endloop
  endfacet
  facet normal 0 0 1
    outer loop
      vertex 63.0754 63.6976 3
      vertex 75.519 75.519 3
      vertex 70.4181 80.2965 3
    endloop
  endfacet
  facet normal -0 0 1
    outer loop
      vertex 64.1573 -2.77785 3
      vertex 104.748 -20.8356 3
      vertex 64.3301 -2.5 3
    endloop
  endfacet
  facet normal 0 0 1
    outer loop
      vertex 62.2254 63.9254 3
      vertex 70.4181 80.2965 3
      vertex 65.0157 84.7301 3
    endloop
  endfacet
  facet normal -0 0 1
    outer loop
      vertex 63.9668 -3.04381 3
      vertex 104.748 -20.8356 3
      vertex 64.1573 -2.77785 3
    endloop
  endfacet
  facet normal -0 0 1
    outer loop
      vertex 63.7592 -3.29673 3
      vertex 104.748 -20.8356 3
      vertex 63.9668 -3.04381 3
    endloop
  endfacet
  facet normal -0 0 1
    outer loop
      vertex 64.3301 -2.5 3
      vertex 105.886 -13.9402 3
      vertex 64.4844 -2.21144 3
    endloop
  endfacet
  facet normal 0 0 1
    outer loop
      vertex 84.7301 65.0157 3
      vertex 63.9254 62.2254 3
      vertex 63.8675 61.7854 3
    endloop
  endfacet
  facet normal 0 0 1
    outer loop
      vertex 106.8 0 3
      vertex 64.9572 0.652631 3
      vertex 64.9893 0.327015 3
    endloop
  endfacet
  facet normal 0 0 1
    outer loop
      vertex 106.571 6.98505 3
      vertex 64.9039 0.975451 3
      vertex 64.9572 0.652631 3
    endloop
  endfacet
  facet normal 0 0 1
    outer loop
      vertex 84.7301 65.0157 3
      vertex 63.8675 61.7854 3
      vertex 63.6976 61.3754 3
    endloop
  endfacet
  facet normal 0 0 1
    outer loop
      vertex 106.571 6.98505 3
      vertex 64.8296 1.2941 3
      vertex 64.9039 0.975451 3
    endloop
  endfacet
  facet normal 0 0 1
    outer loop
      vertex 106.571 6.98505 3
      vertex 64.7346 1.6072 3
      vertex 64.8296 1.2941 3
    endloop
  endfacet
  facet normal 0 0 1
    outer loop
      vertex 105.886 13.9402 3
      vertex 64.6194 1.91342 3
      vertex 64.7346 1.6072 3
    endloop
  endfacet
  facet normal 0 0 1
    outer loop
      vertex 105.886 13.9402 3
      vertex 64.4844 2.21144 3
      vertex 64.6194 1.91342 3
    endloop
  endfacet
  facet normal 0 0 1
    outer loop
      vertex 88.801 59.3349 3
      vertex 63.6976 61.3754 3
      vertex 63.4275 61.0233 3
    endloop
  endfacet
  facet normal 0 0 1
    outer loop
      vertex 105.886 13.9402 3
      vertex 64.3301 2.5 3
      vertex 64.4844 2.21144 3
    endloop
  endfacet
  facet normal 0 0 1
    outer loop
      vertex 80.2965 70.4181 3
      vertex 63.8675 62.6654 3
      vertex 63.9254 62.2254 3
    endloop
  endfacet
  facet normal 0 0 1
    outer loop
      vertex 80.2965 70.4181 3
      vertex 63.6976 63.0754 3
      vertex 63.8675 62.6654 3
    endloop
  endfacet
  facet normal 0 0 1
    outer loop
      vertex 75.519 75.519 3
      vertex 63.4275 63.4275 3
      vertex 63.6976 63.0754 3
    endloop
  endfacet
  facet normal 0 0 1
    outer loop
      vertex 75.519 75.519 3
      vertex 63.0754 63.6976 3
      vertex 63.4275 63.4275 3
    endloop
  endfacet
  facet normal 0 0 1
    outer loop
      vertex 70.4181 80.2965 3
      vertex 62.6654 63.8675 3
      vertex 63.0754 63.6976 3
    endloop
  endfacet
  facet normal 0 0 1
    outer loop
      vertex 70.4181 80.2965 3
      vertex 62.2254 63.9254 3
      vertex 62.6654 63.8675 3
    endloop
  endfacet
  facet normal 0 0 1
    outer loop
      vertex 65.0157 84.7301 3
      vertex 61.7854 63.8675 3
      vertex 62.2254 63.9254 3
    endloop
  endfacet
  facet normal 0 0 1
    outer loop
      vertex 65.0157 84.7301 3
      vertex 61.3754 63.6976 3
      vertex 61.7854 63.8675 3
    endloop
  endfacet
  facet normal 0 0 1
    outer loop
      vertex 59.3349 88.801 3
      vertex 61.3754 63.6976 3
      vertex 65.0157 84.7301 3
    endloop
  endfacet
  facet normal 0 0 1
    outer loop
      vertex 61.3754 63.6976 3
      vertex 59.3349 88.801 3
      vertex 61.0233 63.4275 3
    endloop
  endfacet
  facet normal 0 0 1
    outer loop
      vertex 53.4 92.4915 3
      vertex 61.0233 63.4275 3
      vertex 59.3349 88.801 3
    endloop
  endfacet
  facet normal 0 0 1
    outer loop
      vertex 62.2254 60.5254 3
      vertex 60 5 3
      vertex 60.327 4.98929 3
    endloop
  endfacet
  facet normal 0 0 1
    outer loop
      vertex 60.5833 61.7854 3
      vertex 59.673 4.98929 3
      vertex 60 5 3
    endloop
  endfacet
  facet normal 0 0 1
    outer loop
      vertex 60.5833 61.7854 3
      vertex 59.3474 4.95722 3
      vertex 59.673 4.98929 3
    endloop
  endfacet
  facet normal 0 0 1
    outer loop
      vertex 61.0233 63.4275 3
      vertex 53.4 92.4915 3
      vertex 60.7532 63.0754 3
    endloop
  endfacet
  facet normal 0 0 1
    outer loop
      vertex 47.2364 95.786 3
      vertex 60.7532 63.0754 3
      vertex 53.4 92.4915 3
    endloop
  endfacet
  facet normal 0 0 1
    outer loop
      vertex 60.7532 63.0754 3
      vertex 47.2364 95.786 3
      vertex 60.5833 62.6654 3
    endloop
  endfacet
  facet normal 0 0 1
    outer loop
      vertex 60.5833 61.7854 3
      vertex 59.0245 4.90393 3
      vertex 59.3474 4.95722 3
    endloop
  endfacet
  facet normal 0 0 1
    outer loop
      vertex 60.5833 61.7854 3
      vertex 58.7059 4.82963 3
      vertex 59.0245 4.90393 3
    endloop
  endfacet
  facet normal 0 0 1
    outer loop
      vertex 60.5833 61.7854 3
      vertex 58.3928 4.73465 3
      vertex 58.7059 4.82963 3
    endloop
  endfacet
  facet normal 0 0 1
    outer loop
      vertex 60.5833 61.7854 3
      vertex 58.0866 4.6194 3
      vertex 58.3928 4.73465 3
    endloop
  endfacet
  facet normal 0 0 1
    outer loop
      vertex 60.5833 61.7854 3
      vertex 57.7886 4.48436 3
      vertex 58.0866 4.6194 3
    endloop
  endfacet
  facet normal 0 0 1
    outer loop
      vertex 60.5833 61.7854 3
      vertex 57.5 4.33013 3
      vertex 57.7886 4.48436 3
    endloop
  endfacet
  facet normal 0 0 1
    outer loop
      vertex 60.5833 61.7854 3
      vertex 6.08761 7.93353 3
      vertex 6.59346 7.5184 3
    endloop
  endfacet
  facet normal 0 0 1
    outer loop
      vertex 60.5833 61.7854 3
      vertex 57.2221 4.15735 3
      vertex 57.5 4.33013 3
    endloop
  endfacet
  facet normal 0 0 1
    outer loop
      vertex 60.5833 61.7854 3
      vertex 6.59346 7.5184 3
      vertex 7.07107 7.07107 3
    endloop
  endfacet
  facet normal 0 0 1
    outer loop
      vertex 60.5833 61.7854 3
      vertex 56.9562 3.96677 3
      vertex 57.2221 4.15735 3
    endloop
  endfacet
  facet normal 0 0 1
    outer loop
      vertex 60.5833 61.7854 3
      vertex 7.07107 7.07107 3
      vertex 56.9562 3.96677 3
    endloop
  endfacet
  facet normal 0 0 1
    outer loop
      vertex 56.9562 3.96677 3
      vertex 7.07107 7.07107 3
      vertex 56.7033 3.7592 3
    endloop
  endfacet
  facet normal -0 -0 1
    outer loop
      vertex 7.5184 6.59346 3
      vertex 56.7033 3.7592 3
      vertex 7.07107 7.07107 3
    endloop
  endfacet
  facet normal 0 0 1
    outer loop
      vertex 56.7033 3.7592 3
      vertex 7.5184 6.59346 3
      vertex 56.4645 3.53553 3
    endloop
  endfacet
  facet normal -0 -0 1
    outer loop
      vertex 7.93353 6.08761 3
      vertex 56.4645 3.53553 3
      vertex 7.5184 6.59346 3
    endloop
  endfacet
  facet normal 0 0 1
    outer loop
      vertex 56.4645 3.53553 3
      vertex 7.93353 6.08761 3
      vertex 56.2408 3.29673 3
    endloop
  endfacet
  facet normal -0 -0 1
    outer loop
      vertex 8.3147 5.5557 3
      vertex 56.2408 3.29673 3
      vertex 7.93353 6.08761 3
    endloop
  endfacet
  facet normal 0 0 1
    outer loop
      vertex 56.2408 3.29673 3
      vertex 8.3147 5.5557 3
      vertex 56.0332 3.04381 3
    endloop
  endfacet
  facet normal -0 -0 1
    outer loop
      vertex 8.66025 5 3
      vertex 56.0332 3.04381 3
      vertex 8.3147 5.5557 3
    endloop
  endfacet
  facet normal 0 0 1
    outer loop
      vertex 56.0332 3.04381 3
      vertex 8.66025 5 3
      vertex 55.8427 2.77785 3
    endloop
  endfacet
  facet normal -0 -0 1
    outer loop
      vertex 8.96873 4.42289 3
      vertex 55.8427 2.77785 3
      vertex 8.66025 5 3
    endloop
  endfacet
  facet normal 0 0 1
    outer loop
      vertex 55.8427 2.77785 3
      vertex 8.96873 4.42289 3
      vertex 55.6699 2.5 3
    endloop
  endfacet
  facet normal 0 0 1
    outer loop
      vertex 40.8706 98.6703 3
      vertex 60.5833 62.6654 3
      vertex 47.2364 95.786 3
    endloop
  endfacet
  facet normal 0 0 1
    outer loop
      vertex 104.748 -20.8356 3
      vertex 63.7592 -3.29673 3
      vertex 103.161 -27.6419 3
    endloop
  endfacet
  facet normal -0 0 1
    outer loop
      vertex 63.5355 -3.53553 3
      vertex 103.161 -27.6419 3
      vertex 63.7592 -3.29673 3
    endloop
  endfacet
  facet normal -0 0 1
    outer loop
      vertex 63.2967 -3.7592 3
      vertex 103.161 -27.6419 3
      vertex 63.5355 -3.53553 3
    endloop
  endfacet
  facet normal -0 0 1
    outer loop
      vertex 63.6976 -63.0754 3
      vertex 80.2965 -70.4181 3
      vertex 63.8675 -62.6654 3
    endloop
  endfacet
  facet normal -0 0 1
    outer loop
      vertex 63.0438 -3.96677 3
      vertex 103.161 -27.6419 3
      vertex 63.2967 -3.7592 3
    endloop
  endfacet
  facet normal 0 0 1
    outer loop
      vertex 63.8675 -61.7854 3
      vertex 92.4915 -53.4 3
      vertex 95.786 -47.2364 3
    endloop
  endfacet
  facet normal 0 0 1
    outer loop
      vertex 63.8675 -61.7854 3
      vertex 88.801 -59.3349 3
      vertex 92.4915 -53.4 3
    endloop
  endfacet
  facet normal -0 0 1
    outer loop
      vertex 63.8675 -61.7854 3
      vertex 84.7301 -65.0157 3
      vertex 88.801 -59.3349 3
    endloop
  endfacet
  facet normal -0 0 1
    outer loop
      vertex 63.8675 -62.6654 3
      vertex 80.2965 -70.4181 3
      vertex 63.9254 -62.2254 3
    endloop
  endfacet
  facet normal 0 0 1
    outer loop
      vertex 84.7301 -65.0157 3
      vertex 63.9254 -62.2254 3
      vertex 80.2965 -70.4181 3
    endloop
  endfacet
  facet normal 0 0 1
    outer loop
      vertex 80.2965 -70.4181 3
      vertex 63.6976 -63.0754 3
      vertex 75.519 -75.519 3
    endloop
  endfacet
  facet normal -0 0 1
    outer loop
      vertex 63.4275 -63.4275 3
      vertex 75.519 -75.519 3
      vertex 63.6976 -63.0754 3
    endloop
  endfacet
  facet normal -0 0 1
    outer loop
      vertex 63.0754 -63.6976 3
      vertex 75.519 -75.519 3
      vertex 63.4275 -63.4275 3
    endloop
  endfacet
  facet normal 0 0 1
    outer loop
      vertex 75.519 -75.519 3
      vertex 63.0754 -63.6976 3
      vertex 70.4181 -80.2965 3
    endloop
  endfacet
  facet normal -0 0 1
    outer loop
      vertex 62.6654 -63.8675 3
      vertex 70.4181 -80.2965 3
      vertex 63.0754 -63.6976 3
    endloop
  endfacet
  facet normal -0 0 1
    outer loop
      vertex 62.2254 -63.9254 3
      vertex 70.4181 -80.2965 3
      vertex 62.6654 -63.8675 3
    endloop
  endfacet
  facet normal 0 0 1
    outer loop
      vertex 70.4181 -80.2965 3
      vertex 62.2254 -63.9254 3
      vertex 65.0157 -84.7301 3
    endloop
  endfacet
  facet normal 0 0 1
    outer loop
      vertex 61.7854 -63.8675 3
      vertex 65.0157 -84.7301 3
      vertex 62.2254 -63.9254 3
    endloop
  endfacet
  facet normal 0 0 1
    outer loop
      vertex 61.3754 -63.6976 3
      vertex 65.0157 -84.7301 3
      vertex 61.7854 -63.8675 3
    endloop
  endfacet
  facet normal 0 0 1
    outer loop
      vertex 59.3349 -88.801 3
      vertex 61.3754 -63.6976 3
      vertex 61.0233 -63.4275 3
    endloop
  endfacet
  facet normal 0 0 1
    outer loop
      vertex 53.4 -92.4915 3
      vertex 61.0233 -63.4275 3
      vertex 60.7532 -63.0754 3
    endloop
  endfacet
  facet normal 0 0 1
    outer loop
      vertex 47.2364 -95.786 3
      vertex 60.7532 -63.0754 3
      vertex 60.5833 -62.6654 3
    endloop
  endfacet
  facet normal 0 0 1
    outer loop
      vertex 61.7854 -60.5833 3
      vertex 58.7059 -4.82963 3
      vertex 61.3754 -60.7532 3
    endloop
  endfacet
  facet normal 0 0 1
    outer loop
      vertex 58.3928 -4.73465 3
      vertex 61.3754 -60.7532 3
      vertex 58.7059 -4.82963 3
    endloop
  endfacet
  facet normal 0 0 1
    outer loop
      vertex 58.0866 -4.6194 3
      vertex 61.3754 -60.7532 3
      vertex 58.3928 -4.73465 3
    endloop
  endfacet
  facet normal 0 0 1
    outer loop
      vertex 61.3754 -63.6976 3
      vertex 59.3349 -88.801 3
      vertex 65.0157 -84.7301 3
    endloop
  endfacet
  facet normal 0 0 1
    outer loop
      vertex 40.8706 -98.6703 3
      vertex 60.5833 -62.6654 3
      vertex 60.5254 -62.2254 3
    endloop
  endfacet
  facet normal 0 0 1
    outer loop
      vertex 57.7886 -4.48436 3
      vertex 61.3754 -60.7532 3
      vertex 58.0866 -4.6194 3
    endloop
  endfacet
  facet normal 0 0 1
    outer loop
      vertex 57.5 -4.33013 3
      vertex 61.3754 -60.7532 3
      vertex 57.7886 -4.48436 3
    endloop
  endfacet
  facet normal 0 0 1
    outer loop
      vertex 61.3754 -60.7532 3
      vertex 57.5 -4.33013 3
      vertex 61.0233 -61.0233 3
    endloop
  endfacet
  facet normal 0 0 1
    outer loop
      vertex 57.2221 -4.15735 3
      vertex 61.0233 -61.0233 3
      vertex 57.5 -4.33013 3
    endloop
  endfacet
  facet normal 0 0 1
    outer loop
      vertex 56.9562 -3.96677 3
      vertex 61.0233 -61.0233 3
      vertex 57.2221 -4.15735 3
    endloop
  endfacet
  facet normal 0 0 1
    outer loop
      vertex 55.8427 -2.77785 3
      vertex 8.66025 -5 3
      vertex 56.0332 -3.04381 3
    endloop
  endfacet
  facet normal 0 0 1
    outer loop
      vertex 55.5156 -2.21144 3
      vertex 9.2388 -3.82683 3
      vertex 55.6699 -2.5 3
    endloop
  endfacet
  facet normal 0 0 1
    outer loop
      vertex 8.96873 -4.42289 3
      vertex 55.6699 -2.5 3
      vertex 9.2388 -3.82683 3
    endloop
  endfacet
  facet normal 0 0 1
    outer loop
      vertex 55.6699 -2.5 3
      vertex 8.96873 -4.42289 3
      vertex 55.8427 -2.77785 3
    endloop
  endfacet
  facet normal 0 0 1
    outer loop
      vertex 8.66025 -5 3
      vertex 55.8427 -2.77785 3
      vertex 8.96873 -4.42289 3
    endloop
  endfacet
  facet normal 0 0 1
    outer loop
      vertex 9.2388 -3.82683 3
      vertex 55.5156 -2.21144 3
      vertex 9.4693 -3.21439 3
    endloop
  endfacet
  facet normal 0 0 1
    outer loop
      vertex 55.3806 -1.91342 3
      vertex 9.4693 -3.21439 3
      vertex 55.5156 -2.21144 3
    endloop
  endfacet
  facet normal 0 0 1
    outer loop
      vertex 55.2654 -1.6072 3
      vertex 9.4693 -3.21439 3
      vertex 55.3806 -1.91342 3
    endloop
  endfacet
  facet normal 0 0 1
    outer loop
      vertex 9.4693 -3.21439 3
      vertex 55.2654 -1.6072 3
      vertex 9.65926 -2.58819 3
    endloop
  endfacet
  facet normal 0 0 1
    outer loop
      vertex 55.1704 -1.2941 3
      vertex 9.65926 -2.58819 3
      vertex 55.2654 -1.6072 3
    endloop
  endfacet
  facet normal 0 0 1
    outer loop
      vertex 9.65926 -2.58819 3
      vertex 55.1704 -1.2941 3
      vertex 9.80785 -1.9509 3
    endloop
  endfacet
  facet normal 0 0 1
    outer loop
      vertex 55.0961 -0.975451 3
      vertex 9.80785 -1.9509 3
      vertex 55.1704 -1.2941 3
    endloop
  endfacet
  facet normal 0 0 1
    outer loop
      vertex 9.80785 -1.9509 3
      vertex 55.0961 -0.975451 3
      vertex 9.91445 -1.30526 3
    endloop
  endfacet
  facet normal 0 0 1
    outer loop
      vertex 55.0428 -0.652631 3
      vertex 9.91445 -1.30526 3
      vertex 55.0961 -0.975451 3
    endloop
  endfacet
  facet normal 0 0 1
    outer loop
      vertex 9.91445 -1.30526 3
      vertex 55.0428 -0.652631 3
      vertex 9.97859 -0.654031 3
    endloop
  endfacet
  facet normal 0 0 1
    outer loop
      vertex 55.0107 -0.327015 3
      vertex 9.97859 -0.654031 3
      vertex 55.0428 -0.652631 3
    endloop
  endfacet
  facet normal 0 0 1
    outer loop
      vertex 9.97859 -0.654031 3
      vertex 55.0107 -0.327015 3
      vertex 10 0 3
    endloop
  endfacet
  facet normal 0 -0 1
    outer loop
      vertex 20.8356 -104.748 3
      vertex 60.5833 -61.7854 3
      vertex 13.9402 -105.886 3
    endloop
  endfacet
  facet normal -0 0 1
    outer loop
      vertex 10 0 3
      vertex 55.0107 -0.327015 3
      vertex 55 0 3
    endloop
  endfacet
  facet normal 0 0 1
    outer loop
      vertex 55.6699 2.5 3
      vertex 9.2388 3.82683 3
      vertex 55.5156 2.21144 3
    endloop
  endfacet
  facet normal 0 0 1
    outer loop
      vertex 60.5833 62.6654 3
      vertex 40.8706 98.6703 3
      vertex 60.5254 62.2254 3
    endloop
  endfacet
  facet normal 0 0 1
    outer loop
      vertex 61.0233 -63.4275 3
      vertex 53.4 -92.4915 3
      vertex 59.3349 -88.801 3
    endloop
  endfacet
  facet normal 0 0 1
    outer loop
      vertex 34.3297 101.132 3
      vertex 60.5254 62.2254 3
      vertex 40.8706 98.6703 3
    endloop
  endfacet
  facet normal 0 0 1
    outer loop
      vertex 60.7532 -63.0754 3
      vertex 47.2364 -95.786 3
      vertex 53.4 -92.4915 3
    endloop
  endfacet
  facet normal 0 0 1
    outer loop
      vertex 27.6419 103.161 3
      vertex 60.5254 62.2254 3
      vertex 34.3297 101.132 3
    endloop
  endfacet
  facet normal 0 0 1
    outer loop
      vertex 60.5833 -62.6654 3
      vertex 40.8706 -98.6703 3
      vertex 47.2364 -95.786 3
    endloop
  endfacet
  facet normal 0 0 1
    outer loop
      vertex 20.8356 104.748 3
      vertex 60.5254 62.2254 3
      vertex 27.6419 103.161 3
    endloop
  endfacet
  facet normal 0 0 1
    outer loop
      vertex 60.5254 -62.2254 3
      vertex 34.3297 -101.132 3
      vertex 40.8706 -98.6703 3
    endloop
  endfacet
  facet normal 0 0 1
    outer loop
      vertex 1.9509 9.80785 3
      vertex 60.5254 62.2254 3
      vertex 20.8356 104.748 3
    endloop
  endfacet
  facet normal 0 0 1
    outer loop
      vertex 60.5254 -62.2254 3
      vertex 27.6419 -103.161 3
      vertex 34.3297 -101.132 3
    endloop
  endfacet
  facet normal 0 0 1
    outer loop
      vertex 1.9509 9.80785 3
      vertex 20.8356 104.748 3
      vertex 13.9402 105.886 3
    endloop
  endfacet
  facet normal 0 0 1
    outer loop
      vertex 60.5254 -62.2254 3
      vertex 20.8356 -104.748 3
      vertex 27.6419 -103.161 3
    endloop
  endfacet
  facet normal 0 0 1
    outer loop
      vertex 60.5833 -61.7854 3
      vertex 20.8356 -104.748 3
      vertex 60.5254 -62.2254 3
    endloop
  endfacet
  facet normal 0 0 1
    outer loop
      vertex 55 0 3
      vertex 9.97859 0.654031 3
      vertex 10 0 3
    endloop
  endfacet
  facet normal 0 0 1
    outer loop
      vertex 55.0107 0.327015 3
      vertex 9.97859 0.654031 3
      vertex 55 0 3
    endloop
  endfacet
  facet normal 0 0 1
    outer loop
      vertex 55.0428 0.652631 3
      vertex 9.97859 0.654031 3
      vertex 55.0107 0.327015 3
    endloop
  endfacet
  facet normal -0 -0 1
    outer loop
      vertex 9.97859 0.654031 3
      vertex 55.0428 0.652631 3
      vertex 9.91445 1.30526 3
    endloop
  endfacet
  facet normal 0 0 1
    outer loop
      vertex 55.0961 0.975451 3
      vertex 9.91445 1.30526 3
      vertex 55.0428 0.652631 3
    endloop
  endfacet
  facet normal -0 -0 1
    outer loop
      vertex 9.91445 1.30526 3
      vertex 55.0961 0.975451 3
      vertex 9.80785 1.9509 3
    endloop
  endfacet
  facet normal 0 0 1
    outer loop
      vertex 55.1704 1.2941 3
      vertex 9.80785 1.9509 3
      vertex 55.0961 0.975451 3
    endloop
  endfacet
  facet normal -0 -0 1
    outer loop
      vertex 9.80785 1.9509 3
      vertex 55.1704 1.2941 3
      vertex 9.65926 2.58819 3
    endloop
  endfacet
  facet normal 0 0 1
    outer loop
      vertex 55.2654 1.6072 3
      vertex 9.65926 2.58819 3
      vertex 55.1704 1.2941 3
    endloop
  endfacet
  facet normal -0 -0 1
    outer loop
      vertex 9.65926 2.58819 3
      vertex 55.2654 1.6072 3
      vertex 9.4693 3.21439 3
    endloop
  endfacet
  facet normal 0 0 1
    outer loop
      vertex 55.3806 1.91342 3
      vertex 9.4693 3.21439 3
      vertex 55.2654 1.6072 3
    endloop
  endfacet
  facet normal -0 -0 1
    outer loop
      vertex 9.4693 3.21439 3
      vertex 55.3806 1.91342 3
      vertex 9.2388 3.82683 3
    endloop
  endfacet
  facet normal 0 0 1
    outer loop
      vertex 1.30526 9.91445 3
      vertex 13.9402 105.886 3
      vertex 6.98505 106.571 3
    endloop
  endfacet
  facet normal 0 0 1
    outer loop
      vertex 55.5156 2.21144 3
      vertex 9.2388 3.82683 3
      vertex 55.3806 1.91342 3
    endloop
  endfacet
  facet normal -0 -0 1
    outer loop
      vertex 9.2388 3.82683 3
      vertex 55.6699 2.5 3
      vertex 8.96873 4.42289 3
    endloop
  endfacet
  facet normal 0 0 1
    outer loop
      vertex 60.5833 61.7854 3
      vertex 5.5557 8.3147 3
      vertex 6.08761 7.93353 3
    endloop
  endfacet
  facet normal 0 0 1
    outer loop
      vertex 60.5833 61.7854 3
      vertex 5 8.66025 3
      vertex 5.5557 8.3147 3
    endloop
  endfacet
  facet normal 0 0 1
    outer loop
      vertex 60.5833 61.7854 3
      vertex 4.42289 8.96873 3
      vertex 5 8.66025 3
    endloop
  endfacet
  facet normal 0 0 1
    outer loop
      vertex 60.5833 61.7854 3
      vertex 3.82683 9.2388 3
      vertex 4.42289 8.96873 3
    endloop
  endfacet
  facet normal 0 0 1
    outer loop
      vertex 60.5833 61.7854 3
      vertex 3.21439 9.4693 3
      vertex 3.82683 9.2388 3
    endloop
  endfacet
  facet normal 0 0 1
    outer loop
      vertex 60.5833 61.7854 3
      vertex 2.58819 9.65926 3
      vertex 3.21439 9.4693 3
    endloop
  endfacet
  facet normal 0 0 1
    outer loop
      vertex 60.5254 62.2254 3
      vertex 1.9509 9.80785 3
      vertex 2.58819 9.65926 3
    endloop
  endfacet
  facet normal 0 0 1
    outer loop
      vertex 13.9402 105.886 3
      vertex 1.30526 9.91445 3
      vertex 1.9509 9.80785 3
    endloop
  endfacet
  facet normal 0 0 1
    outer loop
      vertex 6.98505 106.571 3
      vertex 0.654031 9.97859 3
      vertex 1.30526 9.91445 3
    endloop
  endfacet
  facet normal 0 0 1
    outer loop
      vertex 0 106.8 3
      vertex 0.654031 9.97859 3
      vertex 6.98505 106.571 3
    endloop
  endfacet
  facet normal 0 0 1
    outer loop
      vertex 0 106.8 3
      vertex 0 10 3
      vertex 0.654031 9.97859 3
    endloop
  endfacet
  facet normal 0 0 1
    outer loop
      vertex 0 106.8 3
      vertex -0.654031 9.97859 3
      vertex 0 10 3
    endloop
  endfacet
  facet normal -0 0 1
    outer loop
      vertex -6.98505 106.571 3
      vertex -0.654031 9.97859 3
      vertex 0 106.8 3
    endloop
  endfacet
  facet normal 0 0 1
    outer loop
      vertex -0.654031 9.97859 3
      vertex -6.98505 106.571 3
      vertex -1.30526 9.91445 3
    endloop
  endfacet
  facet normal -0 0 1
    outer loop
      vertex -13.9402 105.886 3
      vertex -1.30526 9.91445 3
      vertex -6.98505 106.571 3
    endloop
  endfacet
  facet normal 0 0 1
    outer loop
      vertex -1.30526 9.91445 3
      vertex -13.9402 105.886 3
      vertex -1.9509 9.80785 3
    endloop
  endfacet
  facet normal -0 0 1
    outer loop
      vertex -60.5254 62.2254 3
      vertex -1.9509 9.80785 3
      vertex -13.9402 105.886 3
    endloop
  endfacet
  facet normal 0 0 1
    outer loop
      vertex -1.9509 9.80785 3
      vertex -60.5254 62.2254 3
      vertex -2.58819 9.65926 3
    endloop
  endfacet
  facet normal -0 0 1
    outer loop
      vertex -60.5833 61.7854 3
      vertex -2.58819 9.65926 3
      vertex -60.5254 62.2254 3
    endloop
  endfacet
  facet normal 0 0 1
    outer loop
      vertex -2.58819 9.65926 3
      vertex -60.5833 61.7854 3
      vertex -3.21439 9.4693 3
    endloop
  endfacet
  facet normal 0 0 1
    outer loop
      vertex -3.21439 9.4693 3
      vertex -60.5833 61.7854 3
      vertex -3.82683 9.2388 3
    endloop
  endfacet
  facet normal 0 0 1
    outer loop
      vertex -3.82683 9.2388 3
      vertex -60.5833 61.7854 3
      vertex -4.42289 8.96873 3
    endloop
  endfacet
  facet normal -0 0 1
    outer loop
      vertex -60.7532 61.3754 3
      vertex -4.42289 8.96873 3
      vertex -60.5833 61.7854 3
    endloop
  endfacet
  facet normal 0 0 1
    outer loop
      vertex -4.42289 8.96873 3
      vertex -60.7532 61.3754 3
      vertex -5 8.66025 3
    endloop
  endfacet
  facet normal 0 0 1
    outer loop
      vertex -5 8.66025 3
      vertex -60.7532 61.3754 3
      vertex -5.5557 8.3147 3
    endloop
  endfacet
  facet normal 0 0 1
    outer loop
      vertex -5.5557 8.3147 3
      vertex -60.7532 61.3754 3
      vertex -6.08761 7.93353 3
    endloop
  endfacet
  facet normal -0 0 1
    outer loop
      vertex -61.0233 61.0233 3
      vertex -6.08761 7.93353 3
      vertex -60.7532 61.3754 3
    endloop
  endfacet
  facet normal 0 0 1
    outer loop
      vertex -6.08761 7.93353 3
      vertex -61.0233 61.0233 3
      vertex -6.59346 7.5184 3
    endloop
  endfacet
  facet normal 0 0 1
    outer loop
      vertex -6.59346 7.5184 3
      vertex -61.0233 61.0233 3
      vertex -7.07107 7.07107 3
    endloop
  endfacet
  facet normal 0 0 1
    outer loop
      vertex -7.07107 7.07107 3
      vertex -61.0233 61.0233 3
      vertex -7.5184 6.59346 3
    endloop
  endfacet
  facet normal 0 0 1
    outer loop
      vertex -7.5184 6.59346 3
      vertex -61.0233 61.0233 3
      vertex -7.93353 6.08761 3
    endloop
  endfacet
  facet normal -0 0 1
    outer loop
      vertex -61.3754 60.7532 3
      vertex -7.93353 6.08761 3
      vertex -61.0233 61.0233 3
    endloop
  endfacet
  facet normal 0 0 1
    outer loop
      vertex -7.93353 6.08761 3
      vertex -61.3754 60.7532 3
      vertex -8.3147 5.5557 3
    endloop
  endfacet
  facet normal 0 0 1
    outer loop
      vertex -8.3147 5.5557 3
      vertex -61.3754 60.7532 3
      vertex -8.66025 5 3
    endloop
  endfacet
  facet normal 0 0 1
    outer loop
      vertex -8.66025 5 3
      vertex -61.3754 60.7532 3
      vertex -8.96873 4.42289 3
    endloop
  endfacet
  facet normal -0 0 1
    outer loop
      vertex -61.7854 60.5833 3
      vertex -8.96873 4.42289 3
      vertex -61.3754 60.7532 3
    endloop
  endfacet
  facet normal 0 0 1
    outer loop
      vertex -8.96873 4.42289 3
      vertex -61.7854 60.5833 3
      vertex -9.2388 3.82683 3
    endloop
  endfacet
  facet normal 0 0 1
    outer loop
      vertex 104.748 20.8356 3
      vertex 64.1573 2.77785 3
      vertex 64.3301 2.5 3
    endloop
  endfacet
  facet normal 0 0 1
    outer loop
      vertex 104.748 20.8356 3
      vertex 63.9668 3.04381 3
      vertex 64.1573 2.77785 3
    endloop
  endfacet
  facet normal 0 0 1
    outer loop
      vertex 92.4915 53.4 3
      vertex 63.4275 61.0233 3
      vertex 63.0754 60.7532 3
    endloop
  endfacet
  facet normal 0 0 1
    outer loop
      vertex 104.748 20.8356 3
      vertex 63.7592 3.29673 3
      vertex 63.9668 3.04381 3
    endloop
  endfacet
  facet normal 0 0 1
    outer loop
      vertex 103.161 27.6419 3
      vertex 63.5355 3.53553 3
      vertex 63.7592 3.29673 3
    endloop
  endfacet
  facet normal 0 0 1
    outer loop
      vertex 103.161 27.6419 3
      vertex 63.2967 3.7592 3
      vertex 63.5355 3.53553 3
    endloop
  endfacet
  facet normal 0 0 1
    outer loop
      vertex 95.786 47.2364 3
      vertex 63.0754 60.7532 3
      vertex 62.6654 60.5833 3
    endloop
  endfacet
  facet normal 0 0 1
    outer loop
      vertex 103.161 27.6419 3
      vertex 63.0438 3.96677 3
      vertex 63.2967 3.7592 3
    endloop
  endfacet
  facet normal 0 0 1
    outer loop
      vertex 101.132 34.3297 3
      vertex 62.7779 4.15735 3
      vertex 63.0438 3.96677 3
    endloop
  endfacet
  facet normal 0 0 1
    outer loop
      vertex 95.786 47.2364 3
      vertex 62.6654 60.5833 3
      vertex 61.6072 4.73465 3
    endloop
  endfacet
  facet normal 0 0 1
    outer loop
      vertex 101.132 34.3297 3
      vertex 62.5 4.33013 3
      vertex 62.7779 4.15735 3
    endloop
  endfacet
  facet normal 0 0 1
    outer loop
      vertex 60.9755 4.90393 3
      vertex 62.6654 60.5833 3
      vertex 62.2254 60.5254 3
    endloop
  endfacet
  facet normal 0 0 1
    outer loop
      vertex 98.6703 40.8706 3
      vertex 62.2114 4.48436 3
      vertex 62.5 4.33013 3
    endloop
  endfacet
  facet normal 0 0 1
    outer loop
      vertex 98.6703 40.8706 3
      vertex 61.9134 4.6194 3
      vertex 62.2114 4.48436 3
    endloop
  endfacet
  facet normal 0 0 1
    outer loop
      vertex 60 5 3
      vertex 62.2254 60.5254 3
      vertex 61.7854 60.5833 3
    endloop
  endfacet
  facet normal 0 0 1
    outer loop
      vertex 98.6703 40.8706 3
      vertex 61.6072 4.73465 3
      vertex 61.9134 4.6194 3
    endloop
  endfacet
  facet normal 0 0 1
    outer loop
      vertex 60 5 3
      vertex 61.7854 60.5833 3
      vertex 61.3754 60.7532 3
    endloop
  endfacet
  facet normal 0 0 1
    outer loop
      vertex 62.6654 60.5833 3
      vertex 61.2941 4.82963 3
      vertex 61.6072 4.73465 3
    endloop
  endfacet
  facet normal 0 0 1
    outer loop
      vertex 60 5 3
      vertex 61.3754 60.7532 3
      vertex 61.0233 61.0233 3
    endloop
  endfacet
  facet normal 0 0 1
    outer loop
      vertex 62.6654 60.5833 3
      vertex 60.9755 4.90393 3
      vertex 61.2941 4.82963 3
    endloop
  endfacet
  facet normal 0 0 1
    outer loop
      vertex 60 5 3
      vertex 61.0233 61.0233 3
      vertex 60.7532 61.3754 3
    endloop
  endfacet
  facet normal 0 0 1
    outer loop
      vertex 62.2254 60.5254 3
      vertex 60.6526 4.95722 3
      vertex 60.9755 4.90393 3
    endloop
  endfacet
  facet normal 0 0 1
    outer loop
      vertex 60 5 3
      vertex 60.7532 61.3754 3
      vertex 60.5833 61.7854 3
    endloop
  endfacet
  facet normal 0 0 1
    outer loop
      vertex 2.58819 9.65926 3
      vertex 60.5833 61.7854 3
      vertex 60.5254 62.2254 3
    endloop
  endfacet
  facet normal 0 0 1
    outer loop
      vertex 62.2254 60.5254 3
      vertex 60.327 4.98929 3
      vertex 60.6526 4.95722 3
    endloop
  endfacet
  facet normal 0.849206 0.528062 0
    outer loop
      vertex 92.4915 53.4 3
      vertex 88.801 59.3349 0
      vertex 88.801 59.3349 3
    endloop
  endfacet
  facet normal 0.849206 0.528062 0
    outer loop
      vertex 88.801 59.3349 0
      vertex 92.4915 53.4 3
      vertex 92.4915 53.4 0
    endloop
  endfacet
  facet normal 0.986653 -0.162835 0
    outer loop
      vertex 104.748 -20.8356 3
      vertex 105.886 -13.9402 0
      vertex 105.886 -13.9402 3
    endloop
  endfacet
  facet normal 0.986653 -0.162835 0
    outer loop
      vertex 105.886 -13.9402 0
      vertex 104.748 -20.8356 3
      vertex 104.748 -20.8356 0
    endloop
  endfacet
  facet normal -0.162835 0.986653 0
    outer loop
      vertex -13.9402 105.886 0
      vertex -20.8356 104.748 3
      vertex -13.9402 105.886 3
    endloop
  endfacet
  facet normal -0.162835 0.986653 0
    outer loop
      vertex -20.8356 104.748 3
      vertex -13.9402 105.886 0
      vertex -20.8356 104.748 0
    endloop
  endfacet
  facet normal 0 0 -1
    outer loop
      vertex -83.0415 3.80476 0
      vertex -61.3865 59.0945 0
      vertex -82.8033 3.47231 0
    endloop
  endfacet
  facet normal 0 0 -1
    outer loop
      vertex -83.301 4.12091 0
      vertex -61.3865 59.0945 0
      vertex -83.0415 3.80476 0
    endloop
  endfacet
  facet normal 0 0 -1
    outer loop
      vertex -61.3865 59.0945 0
      vertex -83.301 4.12091 0
      vertex -62.223 58.9843 0
    endloop
  endfacet
  facet normal 0 0 -1
    outer loop
      vertex -62.223 58.9843 0
      vertex -83.301 4.12091 0
      vertex -62.2254 58.984 0
    endloop
  endfacet
  facet normal 0 0 -1
    outer loop
      vertex -83.5806 4.41942 0
      vertex -62.2254 58.984 0
      vertex -83.301 4.12091 0
    endloop
  endfacet
  facet normal 0 0 -1
    outer loop
      vertex -83.8791 4.699 0
      vertex -62.2254 58.984 0
      vertex -83.5806 4.41942 0
    endloop
  endfacet
  facet normal 0 0 -1
    outer loop
      vertex -84.1952 4.95846 0
      vertex -62.2254 58.984 0
      vertex -83.8791 4.699 0
    endloop
  endfacet
  facet normal -0 0 -1
    outer loop
      vertex -62.2254 58.984 0
      vertex -84.1952 4.95846 0
      vertex -62.2278 58.9843 0
    endloop
  endfacet
  facet normal -0 0 -1
    outer loop
      vertex -62.2278 58.9843 0
      vertex -84.1952 4.95846 0
      vertex -63.0643 59.0945 0
    endloop
  endfacet
  facet normal 0 0 -1
    outer loop
      vertex -84.5277 5.19668 0
      vertex -63.0643 59.0945 0
      vertex -84.1952 4.95846 0
    endloop
  endfacet
  facet normal 0 0 -1
    outer loop
      vertex -84.875 5.41266 0
      vertex -63.0643 59.0945 0
      vertex -84.5277 5.19668 0
    endloop
  endfacet
  facet normal 0 0 -1
    outer loop
      vertex -98.6703 40.8706 0
      vertex -63.0643 59.0945 0
      vertex -84.875 5.41266 0
    endloop
  endfacet
  facet normal 0 -0 -1
    outer loop
      vertex -95.786 47.2364 0
      vertex -63.0643 59.0945 0
      vertex -98.6703 40.8706 0
    endloop
  endfacet
  facet normal -0 0 -1
    outer loop
      vertex -63.0643 59.0945 0
      vertex -95.786 47.2364 0
      vertex -63.0666 59.0954 0
    endloop
  endfacet
  facet normal -0 0 -1
    outer loop
      vertex -63.0666 59.0954 0
      vertex -95.786 47.2364 0
      vertex -63.8461 59.4183 0
    endloop
  endfacet
  facet normal 0 0 -1
    outer loop
      vertex -64.5174 59.9334 0
      vertex -84.7301 65.0157 0
      vertex -80.2965 70.4181 0
    endloop
  endfacet
  facet normal 0 -0 -1
    outer loop
      vertex -92.4915 53.4 0
      vertex -63.8461 59.4183 0
      vertex -95.786 47.2364 0
    endloop
  endfacet
  facet normal 0 0 -1
    outer loop
      vertex -98.6703 40.8706 0
      vertex -84.875 5.41266 0
      vertex -85.2357 5.60545 0
    endloop
  endfacet
  facet normal 0 0 -1
    outer loop
      vertex -98.6703 40.8706 0
      vertex -85.2357 5.60545 0
      vertex -85.6082 5.77425 0
    endloop
  endfacet
  facet normal 0 0 -1
    outer loop
      vertex -98.6703 40.8706 0
      vertex -85.6082 5.77425 0
      vertex -85.991 5.91831 0
    endloop
  endfacet
  facet normal 0 0 -1
    outer loop
      vertex -101.132 34.3297 0
      vertex -85.991 5.91831 0
      vertex -86.3824 6.03704 0
    endloop
  endfacet
  facet normal 0 0 -1
    outer loop
      vertex -101.132 34.3297 0
      vertex -86.3824 6.03704 0
      vertex -86.7807 6.12991 0
    endloop
  endfacet
  facet normal 0 0 -1
    outer loop
      vertex -101.132 34.3297 0
      vertex -86.7807 6.12991 0
      vertex -87.1842 6.19653 0
    endloop
  endfacet
  facet normal 0 0 -1
    outer loop
      vertex -103.161 27.6419 0
      vertex -87.1842 6.19653 0
      vertex -87.5912 6.23662 0
    endloop
  endfacet
  facet normal 0 0 -1
    outer loop
      vertex -103.161 27.6419 0
      vertex -87.5912 6.23662 0
      vertex -88 6.25 0
    endloop
  endfacet
  facet normal 0 0 -1
    outer loop
      vertex -103.161 27.6419 0
      vertex -88 6.25 0
      vertex -88.4088 6.23662 0
    endloop
  endfacet
  facet normal -0 0 -1
    outer loop
      vertex -64.5174 59.9334 0
      vertex -88.801 59.3349 0
      vertex -84.7301 65.0157 0
    endloop
  endfacet
  facet normal 0 0 -1
    outer loop
      vertex -103.161 27.6419 0
      vertex -88.4088 6.23662 0
      vertex -88.8158 6.19653 0
    endloop
  endfacet
  facet normal 0 0 -1
    outer loop
      vertex -104.748 20.8356 0
      vertex -88.8158 6.19653 0
      vertex -89.2193 6.12991 0
    endloop
  endfacet
  facet normal 0 0 -1
    outer loop
      vertex -104.748 20.8356 0
      vertex -89.2193 6.12991 0
      vertex -89.6176 6.03704 0
    endloop
  endfacet
  facet normal 0 0 -1
    outer loop
      vertex -104.748 20.8356 0
      vertex -89.6176 6.03704 0
      vertex -90.009 5.91831 0
    endloop
  endfacet
  facet normal 0 0 -1
    outer loop
      vertex -104.748 20.8356 0
      vertex -90.009 5.91831 0
      vertex -90.3918 5.77425 0
    endloop
  endfacet
  facet normal 0 0 -1
    outer loop
      vertex -104.748 20.8356 0
      vertex -90.3918 5.77425 0
      vertex -90.7643 5.60545 0
    endloop
  endfacet
  facet normal 0 0 -1
    outer loop
      vertex -105.886 13.9402 0
      vertex -90.7643 5.60545 0
      vertex -91.125 5.41266 0
    endloop
  endfacet
  facet normal 0 0 -1
    outer loop
      vertex -105.886 13.9402 0
      vertex -91.125 5.41266 0
      vertex -91.4723 5.19668 0
    endloop
  endfacet
  facet normal 0 0 -1
    outer loop
      vertex -105.886 13.9402 0
      vertex -91.4723 5.19668 0
      vertex -91.8048 4.95846 0
    endloop
  endfacet
  facet normal 0 0 -1
    outer loop
      vertex -105.886 13.9402 0
      vertex -91.8048 4.95846 0
      vertex -92.1209 4.699 0
    endloop
  endfacet
  facet normal 0 0 -1
    outer loop
      vertex -105.886 13.9402 0
      vertex -92.1209 4.699 0
      vertex -92.4194 4.41942 0
    endloop
  endfacet
  facet normal 0 0 -1
    outer loop
      vertex -64.5174 59.9334 0
      vertex -92.4915 53.4 0
      vertex -88.801 59.3349 0
    endloop
  endfacet
  facet normal 0 0 -1
    outer loop
      vertex -105.886 13.9402 0
      vertex -92.4194 4.41942 0
      vertex -92.699 4.12091 0
    endloop
  endfacet
  facet normal 0 0 -1
    outer loop
      vertex -106.571 6.98505 0
      vertex -92.699 4.12091 0
      vertex -92.9585 3.80476 0
    endloop
  endfacet
  facet normal 0 0 -1
    outer loop
      vertex -106.571 6.98505 0
      vertex -92.9585 3.80476 0
      vertex -93.1967 3.47231 0
    endloop
  endfacet
  facet normal 0 0 -1
    outer loop
      vertex -106.571 6.98505 0
      vertex -93.1967 3.47231 0
      vertex -93.4127 3.125 0
    endloop
  endfacet
  facet normal 0 0 -1
    outer loop
      vertex -106.571 6.98505 0
      vertex -93.4127 3.125 0
      vertex -93.6055 2.7643 0
    endloop
  endfacet
  facet normal 0 0 -1
    outer loop
      vertex -106.571 6.98505 0
      vertex -93.6055 2.7643 0
      vertex -93.7742 2.39177 0
    endloop
  endfacet
  facet normal 0 0 -1
    outer loop
      vertex -106.571 6.98505 0
      vertex -93.7742 2.39177 0
      vertex -93.9183 2.009 0
    endloop
  endfacet
  facet normal 0 0 -1
    outer loop
      vertex -106.571 6.98505 0
      vertex -93.9183 2.009 0
      vertex -94.037 1.61762 0
    endloop
  endfacet
  facet normal 0 0 -1
    outer loop
      vertex -106.8 0 0
      vertex -94.037 1.61762 0
      vertex -94.1299 1.21931 0
    endloop
  endfacet
  facet normal 0 0 -1
    outer loop
      vertex -106.8 0 0
      vertex -94.1299 1.21931 0
      vertex -94.1965 0.815788 0
    endloop
  endfacet
  facet normal 0 0 -1
    outer loop
      vertex -106.8 0 0
      vertex -94.1965 0.815788 0
      vertex -94.2366 0.408769 0
    endloop
  endfacet
  facet normal -0 0 -1
    outer loop
      vertex -64.5154 59.9319 0
      vertex -92.4915 53.4 0
      vertex -64.5174 59.9334 0
    endloop
  endfacet
  facet normal 0 0 -1
    outer loop
      vertex -106.8 0 0
      vertex -94.2366 0.408769 0
      vertex -94.25 0 0
    endloop
  endfacet
  facet normal -0 0 -1
    outer loop
      vertex -93.7742 -2.39177 0
      vertex -106.571 -6.98505 0
      vertex -93.9183 -2.009 0
    endloop
  endfacet
  facet normal -0 0 -1
    outer loop
      vertex -93.9183 -2.009 0
      vertex -106.571 -6.98505 0
      vertex -94.037 -1.61762 0
    endloop
  endfacet
  facet normal -0 0 -1
    outer loop
      vertex -63.8461 59.4183 0
      vertex -92.4915 53.4 0
      vertex -64.5154 59.9319 0
    endloop
  endfacet
  facet normal 0 0 -1
    outer loop
      vertex -106.8 0 0
      vertex -94.037 -1.61762 0
      vertex -106.571 -6.98505 0
    endloop
  endfacet
  facet normal 0 0 -1
    outer loop
      vertex -85.991 5.91831 0
      vertex -101.132 34.3297 0
      vertex -98.6703 40.8706 0
    endloop
  endfacet
  facet normal 0 0 -1
    outer loop
      vertex -94.037 -1.61762 0
      vertex -106.8 0 0
      vertex -94.1299 -1.21931 0
    endloop
  endfacet
  facet normal 0 0 -1
    outer loop
      vertex -87.1842 6.19653 0
      vertex -103.161 27.6419 0
      vertex -101.132 34.3297 0
    endloop
  endfacet
  facet normal 0 0 -1
    outer loop
      vertex -94.1299 -1.21931 0
      vertex -106.8 0 0
      vertex -94.1965 -0.815788 0
    endloop
  endfacet
  facet normal 0 0 -1
    outer loop
      vertex -88.8158 6.19653 0
      vertex -104.748 20.8356 0
      vertex -103.161 27.6419 0
    endloop
  endfacet
  facet normal 0 0 -1
    outer loop
      vertex -94.1965 -0.815788 0
      vertex -106.8 0 0
      vertex -94.2366 -0.408769 0
    endloop
  endfacet
  facet normal 0 0 -1
    outer loop
      vertex -90.7643 5.60545 0
      vertex -105.886 13.9402 0
      vertex -104.748 20.8356 0
    endloop
  endfacet
  facet normal 0 0 -1
    outer loop
      vertex -94.2366 -0.408769 0
      vertex -106.8 0 0
      vertex -94.25 0 0
    endloop
  endfacet
  facet normal 0 0 -1
    outer loop
      vertex -92.699 4.12091 0
      vertex -106.571 6.98505 0
      vertex -105.886 13.9402 0
    endloop
  endfacet
  facet normal -0 0 -1
    outer loop
      vertex -94.037 1.61762 0
      vertex -106.8 0 0
      vertex -106.571 6.98505 0
    endloop
  endfacet
  facet normal 0 0 -1
    outer loop
      vertex -61.3842 -59.0954 0
      vertex -8.96873 -4.42289 0
      vertex -60.6047 -59.4183 0
    endloop
  endfacet
  facet normal 0 0 -1
    outer loop
      vertex -10 0 0
      vertex -58.9843 62.223 0
      vertex -58.984 62.2254 0
    endloop
  endfacet
  facet normal -0 0 -1
    outer loop
      vertex -8.96873 -4.42289 0
      vertex -61.3842 -59.0954 0
      vertex -9.2388 -3.82683 0
    endloop
  endfacet
  facet normal 0 0 -1
    outer loop
      vertex -10 0 0
      vertex -59.0945 61.3865 0
      vertex -58.9843 62.223 0
    endloop
  endfacet
  facet normal 0 0 -1
    outer loop
      vertex -82.3945 -2.7643 0
      vertex -9.2388 -3.82683 0
      vertex -61.3842 -59.0954 0
    endloop
  endfacet
  facet normal 0 0 -1
    outer loop
      vertex -10 0 0
      vertex -59.0954 61.3842 0
      vertex -59.0945 61.3865 0
    endloop
  endfacet
  facet normal 0 -0 -1
    outer loop
      vertex -82.2258 -2.39177 0
      vertex -9.2388 -3.82683 0
      vertex -82.3945 -2.7643 0
    endloop
  endfacet
  facet normal 0 0 -1
    outer loop
      vertex -10 0 0
      vertex -59.4183 60.6047 0
      vertex -59.0954 61.3842 0
    endloop
  endfacet
  facet normal 0 0 -1
    outer loop
      vertex -9.2388 -3.82683 0
      vertex -82.2258 -2.39177 0
      vertex -9.4693 -3.21439 0
    endloop
  endfacet
  facet normal 0 0 -1
    outer loop
      vertex -10 0 0
      vertex -59.9319 59.9353 0
      vertex -59.4183 60.6047 0
    endloop
  endfacet
  facet normal 0 -0 -1
    outer loop
      vertex -82.0817 -2.009 0
      vertex -9.4693 -3.21439 0
      vertex -82.2258 -2.39177 0
    endloop
  endfacet
  facet normal 0 0 -1
    outer loop
      vertex -10 0 0
      vertex -59.9334 59.9334 0
      vertex -59.9319 59.9353 0
    endloop
  endfacet
  facet normal 0 -0 -1
    outer loop
      vertex -81.963 -1.61762 0
      vertex -9.65926 -2.58819 0
      vertex -82.0817 -2.009 0
    endloop
  endfacet
  facet normal 0 0 -1
    outer loop
      vertex -81.7634 0.408769 0
      vertex -10 0 0
      vertex -81.75 0 0
    endloop
  endfacet
  facet normal 0 0 -1
    outer loop
      vertex -9.65926 -2.58819 0
      vertex -81.963 -1.61762 0
      vertex -9.80785 -1.9509 0
    endloop
  endfacet
  facet normal 0 0 -1
    outer loop
      vertex -10 0 0
      vertex -59.9353 59.9319 0
      vertex -59.9334 59.9334 0
    endloop
  endfacet
  facet normal 0 0 -1
    outer loop
      vertex -9.4693 -3.21439 0
      vertex -82.0817 -2.009 0
      vertex -9.65926 -2.58819 0
    endloop
  endfacet
  facet normal 0 0 -1
    outer loop
      vertex -10 0 0
      vertex -60.6047 59.4183 0
      vertex -59.9353 59.9319 0
    endloop
  endfacet
  facet normal 0 0 -1
    outer loop
      vertex -82.3945 -2.7643 0
      vertex -61.3842 -59.0954 0
      vertex -61.3865 -59.0945 0
    endloop
  endfacet
  facet normal 0 0 -1
    outer loop
      vertex -10 0 0
      vertex -61.3842 59.0954 0
      vertex -60.6047 59.4183 0
    endloop
  endfacet
  facet normal 0 0 -1
    outer loop
      vertex -83.301 -4.12091 0
      vertex -61.3865 -59.0945 0
      vertex -62.223 -58.9843 0
    endloop
  endfacet
  facet normal 0 0 -1
    outer loop
      vertex -81.8035 0.815788 0
      vertex -10 0 0
      vertex -81.7634 0.408769 0
    endloop
  endfacet
  facet normal 0 0 -1
    outer loop
      vertex -83.301 -4.12091 0
      vertex -62.223 -58.9843 0
      vertex -62.2254 -58.984 0
    endloop
  endfacet
  facet normal 0 0 -1
    outer loop
      vertex -81.8701 1.21931 0
      vertex -10 0 0
      vertex -81.8035 0.815788 0
    endloop
  endfacet
  facet normal 0 0 -1
    outer loop
      vertex -84.1952 -4.95846 0
      vertex -62.2254 -58.984 0
      vertex -62.2278 -58.9843 0
    endloop
  endfacet
  facet normal 0 0 -1
    outer loop
      vertex -81.963 1.61762 0
      vertex -10 0 0
      vertex -81.8701 1.21931 0
    endloop
  endfacet
  facet normal 0 0 -1
    outer loop
      vertex -84.1952 -4.95846 0
      vertex -62.2278 -58.9843 0
      vertex -63.0643 -59.0945 0
    endloop
  endfacet
  facet normal 0 0 -1
    outer loop
      vertex -82.0817 2.009 0
      vertex -10 0 0
      vertex -81.963 1.61762 0
    endloop
  endfacet
  facet normal 0 0 -1
    outer loop
      vertex -95.786 -47.2364 0
      vertex -63.0643 -59.0945 0
      vertex -63.0666 -59.0954 0
    endloop
  endfacet
  facet normal 0 0 -1
    outer loop
      vertex -82.2258 2.39177 0
      vertex -10 0 0
      vertex -82.0817 2.009 0
    endloop
  endfacet
  facet normal 0 0 -1
    outer loop
      vertex -95.786 -47.2364 0
      vertex -63.0666 -59.0954 0
      vertex -63.8461 -59.4183 0
    endloop
  endfacet
  facet normal 0 0 -1
    outer loop
      vertex -82.3945 2.7643 0
      vertex -10 0 0
      vertex -82.2258 2.39177 0
    endloop
  endfacet
  facet normal 0 0 -1
    outer loop
      vertex -92.4915 -53.4 0
      vertex -63.8461 -59.4183 0
      vertex -64.5154 -59.9319 0
    endloop
  endfacet
  facet normal 0 0 -1
    outer loop
      vertex -10 0 0
      vertex -82.3945 2.7643 0
      vertex -61.3842 59.0954 0
    endloop
  endfacet
  facet normal 0 0 -1
    outer loop
      vertex -92.4915 -53.4 0
      vertex -64.5154 -59.9319 0
      vertex -64.5174 -59.9334 0
    endloop
  endfacet
  facet normal 0 0 -1
    outer loop
      vertex -61.3842 59.0954 0
      vertex -82.3945 2.7643 0
      vertex -61.3865 59.0945 0
    endloop
  endfacet
  facet normal 0 0 -1
    outer loop
      vertex -88.801 -59.3349 0
      vertex -64.5174 -59.9334 0
      vertex -64.5189 -59.9353 0
    endloop
  endfacet
  facet normal 0 0 -1
    outer loop
      vertex -82.5873 3.125 0
      vertex -61.3865 59.0945 0
      vertex -82.3945 2.7643 0
    endloop
  endfacet
  facet normal 0 0 -1
    outer loop
      vertex -88.801 -59.3349 0
      vertex -64.5189 -59.9353 0
      vertex -65.0325 -60.6047 0
    endloop
  endfacet
  facet normal 0 0 -1
    outer loop
      vertex -82.8033 3.47231 0
      vertex -61.3865 59.0945 0
      vertex -82.5873 3.125 0
    endloop
  endfacet
  facet normal 0 0 -1
    outer loop
      vertex -84.7301 -65.0157 0
      vertex -65.0325 -60.6047 0
      vertex -65.3554 -61.3842 0
    endloop
  endfacet
  facet normal 0 0 -1
    outer loop
      vertex -64.5174 59.9334 0
      vertex -80.2965 70.4181 0
      vertex -64.5189 59.9353 0
    endloop
  endfacet
  facet normal 0 0 -1
    outer loop
      vertex -84.7301 -65.0157 0
      vertex -65.3554 -61.3842 0
      vertex -65.3563 -61.3865 0
    endloop
  endfacet
  facet normal 0 0 -1
    outer loop
      vertex -64.5189 59.9353 0
      vertex -80.2965 70.4181 0
      vertex -65.0325 60.6047 0
    endloop
  endfacet
  facet normal 0 0 -1
    outer loop
      vertex -84.7301 -65.0157 0
      vertex -65.3563 -61.3865 0
      vertex -65.4665 -62.223 0
    endloop
  endfacet
  facet normal 0 0 -1
    outer loop
      vertex -65.0325 60.6047 0
      vertex -80.2965 70.4181 0
      vertex -65.3554 61.3842 0
    endloop
  endfacet
  facet normal -0 0 -1
    outer loop
      vertex -65.3563 -63.0643 0
      vertex -80.2965 -70.4181 0
      vertex -65.4665 -62.2278 0
    endloop
  endfacet
  facet normal 0 0 -1
    outer loop
      vertex -65.3554 61.3842 0
      vertex -80.2965 70.4181 0
      vertex -65.3563 61.3865 0
    endloop
  endfacet
  facet normal -0 0 -1
    outer loop
      vertex -5.41266 84.875 0
      vertex -59.0945 63.0643 0
      vertex -40.8706 98.6703 0
    endloop
  endfacet
  facet normal 0 0 -1
    outer loop
      vertex -40.8706 98.6703 0
      vertex -59.0945 63.0643 0
      vertex -47.2364 95.786 0
    endloop
  endfacet
  facet normal 0 0 -1
    outer loop
      vertex -59.0954 63.0666 0
      vertex -47.2364 95.786 0
      vertex -59.0945 63.0643 0
    endloop
  endfacet
  facet normal 0 0 -1
    outer loop
      vertex -59.4183 63.8461 0
      vertex -47.2364 95.786 0
      vertex -59.0954 63.0666 0
    endloop
  endfacet
  facet normal 0 0 -1
    outer loop
      vertex -47.2364 95.786 0
      vertex -59.4183 63.8461 0
      vertex -53.4 92.4915 0
    endloop
  endfacet
  facet normal 0 0 -1
    outer loop
      vertex -59.9319 64.5154 0
      vertex -53.4 92.4915 0
      vertex -59.4183 63.8461 0
    endloop
  endfacet
  facet normal 0 0 -1
    outer loop
      vertex -59.9334 64.5174 0
      vertex -53.4 92.4915 0
      vertex -59.9319 64.5154 0
    endloop
  endfacet
  facet normal 0 0 -1
    outer loop
      vertex -53.4 92.4915 0
      vertex -59.9334 64.5174 0
      vertex -59.3349 88.801 0
    endloop
  endfacet
  facet normal 0 0 -1
    outer loop
      vertex -59.9353 64.5189 0
      vertex -59.3349 88.801 0
      vertex -59.9334 64.5174 0
    endloop
  endfacet
  facet normal 0 0 -1
    outer loop
      vertex -60.6047 65.0325 0
      vertex -59.3349 88.801 0
      vertex -59.9353 64.5189 0
    endloop
  endfacet
  facet normal 0 0 -1
    outer loop
      vertex -65.0157 84.7301 0
      vertex -60.6047 65.0325 0
      vertex -61.3842 65.3554 0
    endloop
  endfacet
  facet normal 0 0 -1
    outer loop
      vertex -65.0157 84.7301 0
      vertex -61.3842 65.3554 0
      vertex -61.3865 65.3563 0
    endloop
  endfacet
  facet normal 0 0 -1
    outer loop
      vertex -65.0157 84.7301 0
      vertex -61.3865 65.3563 0
      vertex -62.223 65.4665 0
    endloop
  endfacet
  facet normal 0 0 -1
    outer loop
      vertex -65.0157 84.7301 0
      vertex -62.223 65.4665 0
      vertex -62.2254 65.4668 0
    endloop
  endfacet
  facet normal 0 0 -1
    outer loop
      vertex -70.4181 80.2965 0
      vertex -62.2254 65.4668 0
      vertex -62.2278 65.4665 0
    endloop
  endfacet
  facet normal 0 0 -1
    outer loop
      vertex -70.4181 80.2965 0
      vertex -62.2278 65.4665 0
      vertex -63.0643 65.3563 0
    endloop
  endfacet
  facet normal 0 0 -1
    outer loop
      vertex -70.4181 80.2965 0
      vertex -63.0643 65.3563 0
      vertex -63.0666 65.3554 0
    endloop
  endfacet
  facet normal 0 0 -1
    outer loop
      vertex -70.4181 80.2965 0
      vertex -63.0666 65.3554 0
      vertex -63.8461 65.0325 0
    endloop
  endfacet
  facet normal 0 0 -1
    outer loop
      vertex -75.519 75.519 0
      vertex -63.8461 65.0325 0
      vertex -64.5154 64.5189 0
    endloop
  endfacet
  facet normal 0 0 -1
    outer loop
      vertex -75.519 75.519 0
      vertex -64.5154 64.5189 0
      vertex -64.5174 64.5174 0
    endloop
  endfacet
  facet normal 0 0 -1
    outer loop
      vertex -75.519 75.519 0
      vertex -64.5174 64.5174 0
      vertex -64.5189 64.5154 0
    endloop
  endfacet
  facet normal 0 0 -1
    outer loop
      vertex -60.6047 65.0325 0
      vertex -65.0157 84.7301 0
      vertex -59.3349 88.801 0
    endloop
  endfacet
  facet normal 0 0 -1
    outer loop
      vertex -75.519 75.519 0
      vertex -64.5189 64.5154 0
      vertex -65.0325 63.8461 0
    endloop
  endfacet
  facet normal 0 0 -1
    outer loop
      vertex -80.2965 70.4181 0
      vertex -65.0325 63.8461 0
      vertex -65.3554 63.0666 0
    endloop
  endfacet
  facet normal 0 0 -1
    outer loop
      vertex -80.2965 70.4181 0
      vertex -65.3554 63.0666 0
      vertex -65.3563 63.0643 0
    endloop
  endfacet
  facet normal 0 0 -1
    outer loop
      vertex -80.2965 70.4181 0
      vertex -65.3563 63.0643 0
      vertex -65.4665 62.2278 0
    endloop
  endfacet
  facet normal 0 0 -1
    outer loop
      vertex -80.2965 70.4181 0
      vertex -65.4665 62.2278 0
      vertex -65.4668 62.2254 0
    endloop
  endfacet
  facet normal -0 0 -1
    outer loop
      vertex -10 0 0
      vertex -81.7634 -0.408769 0
      vertex -81.75 0 0
    endloop
  endfacet
  facet normal 0 0 -1
    outer loop
      vertex -65.4665 62.223 0
      vertex -80.2965 70.4181 0
      vertex -65.4668 62.2254 0
    endloop
  endfacet
  facet normal 0 0 -1
    outer loop
      vertex -84.7301 -65.0157 0
      vertex -65.4668 -62.2254 0
      vertex -80.2965 -70.4181 0
    endloop
  endfacet
  facet normal 0 0 -1
    outer loop
      vertex -62.2254 65.4668 0
      vertex -70.4181 80.2965 0
      vertex -65.0157 84.7301 0
    endloop
  endfacet
  facet normal -0 0 -1
    outer loop
      vertex -65.4668 -62.2254 0
      vertex -84.7301 -65.0157 0
      vertex -65.4665 -62.223 0
    endloop
  endfacet
  facet normal 0 0 -1
    outer loop
      vertex -63.8461 65.0325 0
      vertex -75.519 75.519 0
      vertex -70.4181 80.2965 0
    endloop
  endfacet
  facet normal 0 0 -1
    outer loop
      vertex -65.0325 63.8461 0
      vertex -80.2965 70.4181 0
      vertex -75.519 75.519 0
    endloop
  endfacet
  facet normal 0 0 -1
    outer loop
      vertex -65.3563 61.3865 0
      vertex -80.2965 70.4181 0
      vertex -65.4665 62.223 0
    endloop
  endfacet
  facet normal 0 0 -1
    outer loop
      vertex -9.97859 -0.654031 0
      vertex -81.7634 -0.408769 0
      vertex -10 0 0
    endloop
  endfacet
  facet normal 0 -0 -1
    outer loop
      vertex -81.7634 -0.408769 0
      vertex -9.97859 -0.654031 0
      vertex -81.8035 -0.815788 0
    endloop
  endfacet
  facet normal 0 0 -1
    outer loop
      vertex -9.91445 -1.30526 0
      vertex -81.8035 -0.815788 0
      vertex -9.97859 -0.654031 0
    endloop
  endfacet
  facet normal 0 -0 -1
    outer loop
      vertex -81.8035 -0.815788 0
      vertex -9.91445 -1.30526 0
      vertex -81.8701 -1.21931 0
    endloop
  endfacet
  facet normal 0 0 -1
    outer loop
      vertex -9.80785 -1.9509 0
      vertex -81.8701 -1.21931 0
      vertex -9.91445 -1.30526 0
    endloop
  endfacet
  facet normal 0 -0 -1
    outer loop
      vertex -81.8701 -1.21931 0
      vertex -9.80785 -1.9509 0
      vertex -81.963 -1.61762 0
    endloop
  endfacet
  facet normal 0 0 -1
    outer loop
      vertex -61.3865 -59.0945 0
      vertex -82.5873 -3.125 0
      vertex -82.3945 -2.7643 0
    endloop
  endfacet
  facet normal 0 0 -1
    outer loop
      vertex -61.3865 -59.0945 0
      vertex -82.8033 -3.47231 0
      vertex -82.5873 -3.125 0
    endloop
  endfacet
  facet normal 0 0 -1
    outer loop
      vertex -61.3865 -59.0945 0
      vertex -83.0415 -3.80476 0
      vertex -82.8033 -3.47231 0
    endloop
  endfacet
  facet normal -0 0 -1
    outer loop
      vertex -65.0325 -60.6047 0
      vertex -84.7301 -65.0157 0
      vertex -88.801 -59.3349 0
    endloop
  endfacet
  facet normal 0 0 -1
    outer loop
      vertex -61.3865 -59.0945 0
      vertex -83.301 -4.12091 0
      vertex -83.0415 -3.80476 0
    endloop
  endfacet
  facet normal 0 0 -1
    outer loop
      vertex -64.5174 -59.9334 0
      vertex -88.801 -59.3349 0
      vertex -92.4915 -53.4 0
    endloop
  endfacet
  facet normal 0 0 -1
    outer loop
      vertex -62.2254 -58.984 0
      vertex -83.5806 -4.41942 0
      vertex -83.301 -4.12091 0
    endloop
  endfacet
  facet normal 0 0 -1
    outer loop
      vertex -62.2254 -58.984 0
      vertex -83.8791 -4.699 0
      vertex -83.5806 -4.41942 0
    endloop
  endfacet
  facet normal 0 0 -1
    outer loop
      vertex -63.8461 -59.4183 0
      vertex -92.4915 -53.4 0
      vertex -95.786 -47.2364 0
    endloop
  endfacet
  facet normal 0 0 -1
    outer loop
      vertex -62.2254 -58.984 0
      vertex -84.1952 -4.95846 0
      vertex -83.8791 -4.699 0
    endloop
  endfacet
  facet normal 0 0 -1
    outer loop
      vertex -98.6703 -40.8706 0
      vertex -63.0643 -59.0945 0
      vertex -95.786 -47.2364 0
    endloop
  endfacet
  facet normal 0 0 -1
    outer loop
      vertex -63.0643 -59.0945 0
      vertex -84.5277 -5.19668 0
      vertex -84.1952 -4.95846 0
    endloop
  endfacet
  facet normal 0 0 -1
    outer loop
      vertex -63.0643 -59.0945 0
      vertex -84.875 -5.41266 0
      vertex -84.5277 -5.19668 0
    endloop
  endfacet
  facet normal 0 0 -1
    outer loop
      vertex -63.0643 -59.0945 0
      vertex -98.6703 -40.8706 0
      vertex -84.875 -5.41266 0
    endloop
  endfacet
  facet normal 0 0 -1
    outer loop
      vertex -84.875 -5.41266 0
      vertex -98.6703 -40.8706 0
      vertex -85.2357 -5.60545 0
    endloop
  endfacet
  facet normal 0 0 -1
    outer loop
      vertex -85.2357 -5.60545 0
      vertex -98.6703 -40.8706 0
      vertex -85.6082 -5.77425 0
    endloop
  endfacet
  facet normal 0 0 -1
    outer loop
      vertex -85.6082 -5.77425 0
      vertex -98.6703 -40.8706 0
      vertex -85.991 -5.91831 0
    endloop
  endfacet
  facet normal 0 0 -1
    outer loop
      vertex -101.132 -34.3297 0
      vertex -85.991 -5.91831 0
      vertex -98.6703 -40.8706 0
    endloop
  endfacet
  facet normal 0 0 -1
    outer loop
      vertex -85.991 -5.91831 0
      vertex -101.132 -34.3297 0
      vertex -86.3824 -6.03704 0
    endloop
  endfacet
  facet normal 0 0 -1
    outer loop
      vertex -86.3824 -6.03704 0
      vertex -101.132 -34.3297 0
      vertex -86.7807 -6.12991 0
    endloop
  endfacet
  facet normal 0 0 -1
    outer loop
      vertex -86.7807 -6.12991 0
      vertex -101.132 -34.3297 0
      vertex -87.1842 -6.19653 0
    endloop
  endfacet
  facet normal 0 0 -1
    outer loop
      vertex -103.161 -27.6419 0
      vertex -87.1842 -6.19653 0
      vertex -101.132 -34.3297 0
    endloop
  endfacet
  facet normal 0 0 -1
    outer loop
      vertex -87.1842 -6.19653 0
      vertex -103.161 -27.6419 0
      vertex -87.5912 -6.23662 0
    endloop
  endfacet
  facet normal 0 0 -1
    outer loop
      vertex -87.5912 -6.23662 0
      vertex -103.161 -27.6419 0
      vertex -88 -6.25 0
    endloop
  endfacet
  facet normal -0 0 -1
    outer loop
      vertex -88 -6.25 0
      vertex -103.161 -27.6419 0
      vertex -88.4088 -6.23662 0
    endloop
  endfacet
  facet normal -0 0 -1
    outer loop
      vertex -88.4088 -6.23662 0
      vertex -103.161 -27.6419 0
      vertex -88.8158 -6.19653 0
    endloop
  endfacet
  facet normal 0 0 -1
    outer loop
      vertex -104.748 -20.8356 0
      vertex -88.8158 -6.19653 0
      vertex -103.161 -27.6419 0
    endloop
  endfacet
  facet normal -0 0 -1
    outer loop
      vertex -88.8158 -6.19653 0
      vertex -104.748 -20.8356 0
      vertex -89.2193 -6.12991 0
    endloop
  endfacet
  facet normal -0 0 -1
    outer loop
      vertex -89.2193 -6.12991 0
      vertex -104.748 -20.8356 0
      vertex -89.6176 -6.03704 0
    endloop
  endfacet
  facet normal -0 0 -1
    outer loop
      vertex -89.6176 -6.03704 0
      vertex -104.748 -20.8356 0
      vertex -90.009 -5.91831 0
    endloop
  endfacet
  facet normal -0 0 -1
    outer loop
      vertex -90.009 -5.91831 0
      vertex -104.748 -20.8356 0
      vertex -90.3918 -5.77425 0
    endloop
  endfacet
  facet normal -0 0 -1
    outer loop
      vertex -90.3918 -5.77425 0
      vertex -104.748 -20.8356 0
      vertex -90.7643 -5.60545 0
    endloop
  endfacet
  facet normal 0 0 -1
    outer loop
      vertex -105.886 -13.9402 0
      vertex -90.7643 -5.60545 0
      vertex -104.748 -20.8356 0
    endloop
  endfacet
  facet normal -0 0 -1
    outer loop
      vertex -90.7643 -5.60545 0
      vertex -105.886 -13.9402 0
      vertex -91.125 -5.41266 0
    endloop
  endfacet
  facet normal -0 0 -1
    outer loop
      vertex -91.125 -5.41266 0
      vertex -105.886 -13.9402 0
      vertex -91.4723 -5.19668 0
    endloop
  endfacet
  facet normal -0 0 -1
    outer loop
      vertex -91.4723 -5.19668 0
      vertex -105.886 -13.9402 0
      vertex -91.8048 -4.95846 0
    endloop
  endfacet
  facet normal -0 0 -1
    outer loop
      vertex -91.8048 -4.95846 0
      vertex -105.886 -13.9402 0
      vertex -92.1209 -4.699 0
    endloop
  endfacet
  facet normal -0 0 -1
    outer loop
      vertex -92.1209 -4.699 0
      vertex -105.886 -13.9402 0
      vertex -92.4194 -4.41942 0
    endloop
  endfacet
  facet normal -0 0 -1
    outer loop
      vertex -92.4194 -4.41942 0
      vertex -105.886 -13.9402 0
      vertex -92.699 -4.12091 0
    endloop
  endfacet
  facet normal 0 0 -1
    outer loop
      vertex -106.571 -6.98505 0
      vertex -92.699 -4.12091 0
      vertex -105.886 -13.9402 0
    endloop
  endfacet
  facet normal -0 0 -1
    outer loop
      vertex -92.699 -4.12091 0
      vertex -106.571 -6.98505 0
      vertex -92.9585 -3.80476 0
    endloop
  endfacet
  facet normal -0 0 -1
    outer loop
      vertex -92.9585 -3.80476 0
      vertex -106.571 -6.98505 0
      vertex -93.1967 -3.47231 0
    endloop
  endfacet
  facet normal -0 0 -1
    outer loop
      vertex -93.1967 -3.47231 0
      vertex -106.571 -6.98505 0
      vertex -93.4127 -3.125 0
    endloop
  endfacet
  facet normal -0 0 -1
    outer loop
      vertex -93.6055 -2.7643 0
      vertex -106.571 -6.98505 0
      vertex -93.7742 -2.39177 0
    endloop
  endfacet
  facet normal -0 0 -1
    outer loop
      vertex -93.4127 -3.125 0
      vertex -106.571 -6.98505 0
      vertex -93.6055 -2.7643 0
    endloop
  endfacet
  facet normal -0 0 -1
    outer loop
      vertex 27.6419 103.161 0
      vertex 6.23662 88.4088 0
      vertex 20.8356 104.748 0
    endloop
  endfacet
  facet normal 0 0 -1
    outer loop
      vertex 59.0945 61.3865 0
      vertex 6.19653 87.1842 0
      vertex 6.23662 87.5912 0
    endloop
  endfacet
  facet normal 0 0 -1
    outer loop
      vertex 59.0945 61.3865 0
      vertex 6.12991 86.7807 0
      vertex 6.19653 87.1842 0
    endloop
  endfacet
  facet normal 0 0 -1
    outer loop
      vertex 4.42289 8.96873 0
      vertex 59.4183 60.6047 0
      vertex 5 8.66025 0
    endloop
  endfacet
  facet normal 0 0 -1
    outer loop
      vertex 59.0945 61.3865 0
      vertex 6.03704 86.3824 0
      vertex 6.12991 86.7807 0
    endloop
  endfacet
  facet normal 0 0 -1
    outer loop
      vertex 59.0945 61.3865 0
      vertex 5.91831 85.991 0
      vertex 6.03704 86.3824 0
    endloop
  endfacet
  facet normal 0 0 -1
    outer loop
      vertex 59.0945 61.3865 0
      vertex 5.77425 85.6082 0
      vertex 5.91831 85.991 0
    endloop
  endfacet
  facet normal 0 0 -1
    outer loop
      vertex 59.0945 61.3865 0
      vertex 5.60545 85.2357 0
      vertex 5.77425 85.6082 0
    endloop
  endfacet
  facet normal -0 0 -1
    outer loop
      vertex 59.4183 60.6047 0
      vertex 4.42289 8.96873 0
      vertex 59.0954 61.3842 0
    endloop
  endfacet
  facet normal 0 0 -1
    outer loop
      vertex 59.0945 61.3865 0
      vertex 5.41266 84.875 0
      vertex 5.60545 85.2357 0
    endloop
  endfacet
  facet normal 0 0 -1
    outer loop
      vertex 59.0945 61.3865 0
      vertex 5.19668 84.5277 0
      vertex 5.41266 84.875 0
    endloop
  endfacet
  facet normal -0 0 -1
    outer loop
      vertex 59.0954 61.3842 0
      vertex 4.42289 8.96873 0
      vertex 59.0945 61.3865 0
    endloop
  endfacet
  facet normal 0 0 -1
    outer loop
      vertex 59.0945 61.3865 0
      vertex 4.95846 84.1952 0
      vertex 5.19668 84.5277 0
    endloop
  endfacet
  facet normal 0 0 -1
    outer loop
      vertex 59.0945 61.3865 0
      vertex 4.699 83.8791 0
      vertex 4.95846 84.1952 0
    endloop
  endfacet
  facet normal 0 0 -1
    outer loop
      vertex 2.7643 82.3945 0
      vertex 59.0945 61.3865 0
      vertex 4.42289 8.96873 0
    endloop
  endfacet
  facet normal 0 0 -1
    outer loop
      vertex 59.0945 61.3865 0
      vertex 4.41942 83.5806 0
      vertex 4.699 83.8791 0
    endloop
  endfacet
  facet normal 0 0 -1
    outer loop
      vertex 59.0945 61.3865 0
      vertex 4.12091 83.301 0
      vertex 4.41942 83.5806 0
    endloop
  endfacet
  facet normal 0 0 -1
    outer loop
      vertex 2.7643 82.3945 0
      vertex 4.42289 8.96873 0
      vertex 3.82683 9.2388 0
    endloop
  endfacet
  facet normal 0 0 -1
    outer loop
      vertex 59.0945 61.3865 0
      vertex 3.80476 83.0415 0
      vertex 4.12091 83.301 0
    endloop
  endfacet
  facet normal 0 0 -1
    outer loop
      vertex 59.0945 61.3865 0
      vertex 3.47231 82.8033 0
      vertex 3.80476 83.0415 0
    endloop
  endfacet
  facet normal 0 0 -1
    outer loop
      vertex 2.39177 82.2258 0
      vertex 3.82683 9.2388 0
      vertex 3.21439 9.4693 0
    endloop
  endfacet
  facet normal 0 0 -1
    outer loop
      vertex 59.0945 61.3865 0
      vertex 3.125 82.5873 0
      vertex 3.47231 82.8033 0
    endloop
  endfacet
  facet normal 0 0 -1
    outer loop
      vertex 59.0945 61.3865 0
      vertex 2.7643 82.3945 0
      vertex 3.125 82.5873 0
    endloop
  endfacet
  facet normal 0 0 -1
    outer loop
      vertex 2.009 82.0817 0
      vertex 3.21439 9.4693 0
      vertex 2.58819 9.65926 0
    endloop
  endfacet
  facet normal 0 0 -1
    outer loop
      vertex 3.82683 9.2388 0
      vertex 2.39177 82.2258 0
      vertex 2.7643 82.3945 0
    endloop
  endfacet
  facet normal 0 0 -1
    outer loop
      vertex 3.21439 9.4693 0
      vertex 2.009 82.0817 0
      vertex 2.39177 82.2258 0
    endloop
  endfacet
  facet normal 0 0 -1
    outer loop
      vertex 1.61762 81.963 0
      vertex 2.58819 9.65926 0
      vertex 1.9509 9.80785 0
    endloop
  endfacet
  facet normal 0 0 -1
    outer loop
      vertex 2.58819 9.65926 0
      vertex 1.61762 81.963 0
      vertex 2.009 82.0817 0
    endloop
  endfacet
  facet normal 0 0 -1
    outer loop
      vertex 1.21931 81.8701 0
      vertex 1.9509 9.80785 0
      vertex 1.30526 9.91445 0
    endloop
  endfacet
  facet normal 0 0 -1
    outer loop
      vertex 1.9509 9.80785 0
      vertex 1.21931 81.8701 0
      vertex 1.61762 81.963 0
    endloop
  endfacet
  facet normal 0 0 -1
    outer loop
      vertex 1.30526 9.91445 0
      vertex 0.815788 81.8035 0
      vertex 1.21931 81.8701 0
    endloop
  endfacet
  facet normal 0 0 -1
    outer loop
      vertex 0.654031 9.97859 0
      vertex 0.815788 81.8035 0
      vertex 1.30526 9.91445 0
    endloop
  endfacet
  facet normal 0 0 -1
    outer loop
      vertex 0.654031 9.97859 0
      vertex 0.408769 81.7634 0
      vertex 0.815788 81.8035 0
    endloop
  endfacet
  facet normal 0 0 -1
    outer loop
      vertex 0 10 0
      vertex 0.408769 81.7634 0
      vertex 0.654031 9.97859 0
    endloop
  endfacet
  facet normal 0 0 -1
    outer loop
      vertex 0 10 0
      vertex 0 81.75 0
      vertex 0.408769 81.7634 0
    endloop
  endfacet
  facet normal 0 0 -1
    outer loop
      vertex 0 10 0
      vertex -0.408769 81.7634 0
      vertex 0 81.75 0
    endloop
  endfacet
  facet normal 0 0 -1
    outer loop
      vertex -0.654031 9.97859 0
      vertex -0.408769 81.7634 0
      vertex 0 10 0
    endloop
  endfacet
  facet normal 0 0 -1
    outer loop
      vertex -0.654031 9.97859 0
      vertex -0.815788 81.8035 0
      vertex -0.408769 81.7634 0
    endloop
  endfacet
  facet normal 0 0 -1
    outer loop
      vertex -1.30526 9.91445 0
      vertex -0.815788 81.8035 0
      vertex -0.654031 9.97859 0
    endloop
  endfacet
  facet normal -0 0 -1
    outer loop
      vertex -0.815788 81.8035 0
      vertex -1.30526 9.91445 0
      vertex -1.21931 81.8701 0
    endloop
  endfacet
  facet normal 0 0 -1
    outer loop
      vertex -1.9509 9.80785 0
      vertex -1.21931 81.8701 0
      vertex -1.30526 9.91445 0
    endloop
  endfacet
  facet normal -0 0 -1
    outer loop
      vertex -1.21931 81.8701 0
      vertex -1.9509 9.80785 0
      vertex -1.61762 81.963 0
    endloop
  endfacet
  facet normal 0 0 -1
    outer loop
      vertex -2.58819 9.65926 0
      vertex -1.61762 81.963 0
      vertex -1.9509 9.80785 0
    endloop
  endfacet
  facet normal -0 0 -1
    outer loop
      vertex -1.61762 81.963 0
      vertex -2.58819 9.65926 0
      vertex -2.009 82.0817 0
    endloop
  endfacet
  facet normal 0 0 -1
    outer loop
      vertex -3.21439 9.4693 0
      vertex -2.009 82.0817 0
      vertex -2.58819 9.65926 0
    endloop
  endfacet
  facet normal -0 0 -1
    outer loop
      vertex -2.009 82.0817 0
      vertex -3.21439 9.4693 0
      vertex -2.39177 82.2258 0
    endloop
  endfacet
  facet normal 0 0 -1
    outer loop
      vertex -3.82683 9.2388 0
      vertex -2.39177 82.2258 0
      vertex -3.21439 9.4693 0
    endloop
  endfacet
  facet normal -0 0 -1
    outer loop
      vertex -2.39177 82.2258 0
      vertex -3.82683 9.2388 0
      vertex -2.7643 82.3945 0
    endloop
  endfacet
  facet normal 0 0 -1
    outer loop
      vertex -4.42289 8.96873 0
      vertex -2.7643 82.3945 0
      vertex -3.82683 9.2388 0
    endloop
  endfacet
  facet normal 0 0 -1
    outer loop
      vertex -58.984 62.2254 0
      vertex -2.7643 82.3945 0
      vertex -4.42289 8.96873 0
    endloop
  endfacet
  facet normal 0 0 -1
    outer loop
      vertex -58.984 62.2254 0
      vertex -4.42289 8.96873 0
      vertex -5 8.66025 0
    endloop
  endfacet
  facet normal -0 0 -1
    outer loop
      vertex -2.7643 82.3945 0
      vertex -58.984 62.2254 0
      vertex -3.125 82.5873 0
    endloop
  endfacet
  facet normal 0 0 -1
    outer loop
      vertex -58.984 62.2254 0
      vertex -5 8.66025 0
      vertex -5.5557 8.3147 0
    endloop
  endfacet
  facet normal -0 0 -1
    outer loop
      vertex -3.125 82.5873 0
      vertex -58.984 62.2254 0
      vertex -3.47231 82.8033 0
    endloop
  endfacet
  facet normal 0 0 -1
    outer loop
      vertex -58.984 62.2254 0
      vertex -5.5557 8.3147 0
      vertex -6.08761 7.93353 0
    endloop
  endfacet
  facet normal -0 0 -1
    outer loop
      vertex -3.47231 82.8033 0
      vertex -58.984 62.2254 0
      vertex -3.80476 83.0415 0
    endloop
  endfacet
  facet normal -0 0 -1
    outer loop
      vertex -3.80476 83.0415 0
      vertex -58.984 62.2254 0
      vertex -4.12091 83.301 0
    endloop
  endfacet
  facet normal 0 0 -1
    outer loop
      vertex -58.984 62.2254 0
      vertex -4.41942 83.5806 0
      vertex -4.12091 83.301 0
    endloop
  endfacet
  facet normal 0 0 -1
    outer loop
      vertex -58.984 62.2254 0
      vertex -4.699 83.8791 0
      vertex -4.41942 83.5806 0
    endloop
  endfacet
  facet normal 0 0 -1
    outer loop
      vertex -58.984 62.2254 0
      vertex -4.95846 84.1952 0
      vertex -4.699 83.8791 0
    endloop
  endfacet
  facet normal -0 0 -1
    outer loop
      vertex -5.19668 84.5277 0
      vertex -59.0945 63.0643 0
      vertex -5.41266 84.875 0
    endloop
  endfacet
  facet normal 0 0 -1
    outer loop
      vertex -58.9843 62.2278 0
      vertex -4.95846 84.1952 0
      vertex -58.984 62.2254 0
    endloop
  endfacet
  facet normal 0 0 -1
    outer loop
      vertex -59.0945 63.0643 0
      vertex -4.95846 84.1952 0
      vertex -58.9843 62.2278 0
    endloop
  endfacet
  facet normal -0 0 -1
    outer loop
      vertex -4.95846 84.1952 0
      vertex -59.0945 63.0643 0
      vertex -5.19668 84.5277 0
    endloop
  endfacet
  facet normal 0 0 -1
    outer loop
      vertex -5.41266 84.875 0
      vertex -40.8706 98.6703 0
      vertex -5.60545 85.2357 0
    endloop
  endfacet
  facet normal 0 0 -1
    outer loop
      vertex -5.60545 85.2357 0
      vertex -40.8706 98.6703 0
      vertex -5.77425 85.6082 0
    endloop
  endfacet
  facet normal 0 0 -1
    outer loop
      vertex -5.77425 85.6082 0
      vertex -40.8706 98.6703 0
      vertex -5.91831 85.991 0
    endloop
  endfacet
  facet normal 0 -0 -1
    outer loop
      vertex -34.3297 101.132 0
      vertex -5.91831 85.991 0
      vertex -40.8706 98.6703 0
    endloop
  endfacet
  facet normal 0 0 -1
    outer loop
      vertex -5.91831 85.991 0
      vertex -34.3297 101.132 0
      vertex -6.03704 86.3824 0
    endloop
  endfacet
  facet normal 0 0 -1
    outer loop
      vertex -58.984 62.2254 0
      vertex -6.08761 7.93353 0
      vertex -6.59346 7.5184 0
    endloop
  endfacet
  facet normal 0 0 -1
    outer loop
      vertex 56.0332 3.04381 0
      vertex 8.3147 5.5557 0
      vertex 56.2408 3.29673 0
    endloop
  endfacet
  facet normal 0 0 -1
    outer loop
      vertex 7.93353 6.08761 0
      vertex 56.2408 3.29673 0
      vertex 8.3147 5.5557 0
    endloop
  endfacet
  facet normal 0 0 -1
    outer loop
      vertex 56.2408 3.29673 0
      vertex 7.93353 6.08761 0
      vertex 56.4645 3.53553 0
    endloop
  endfacet
  facet normal 0 0 -1
    outer loop
      vertex 7.5184 6.59346 0
      vertex 56.4645 3.53553 0
      vertex 7.93353 6.08761 0
    endloop
  endfacet
  facet normal 0 0 -1
    outer loop
      vertex 56.4645 3.53553 0
      vertex 7.5184 6.59346 0
      vertex 56.7033 3.7592 0
    endloop
  endfacet
  facet normal 0 0 -1
    outer loop
      vertex 7.07107 7.07107 0
      vertex 56.7033 3.7592 0
      vertex 7.5184 6.59346 0
    endloop
  endfacet
  facet normal 0 0 -1
    outer loop
      vertex 56.7033 3.7592 0
      vertex 7.07107 7.07107 0
      vertex 59.9334 59.9334 0
    endloop
  endfacet
  facet normal 0 0 -1
    outer loop
      vertex 6.59346 7.5184 0
      vertex 59.9334 59.9334 0
      vertex 7.07107 7.07107 0
    endloop
  endfacet
  facet normal -0 0 -1
    outer loop
      vertex 59.9334 59.9334 0
      vertex 6.59346 7.5184 0
      vertex 59.9319 59.9353 0
    endloop
  endfacet
  facet normal 0 0 -1
    outer loop
      vertex 6.08761 7.93353 0
      vertex 59.9319 59.9353 0
      vertex 6.59346 7.5184 0
    endloop
  endfacet
  facet normal -0 0 -1
    outer loop
      vertex 59.9319 59.9353 0
      vertex 6.08761 7.93353 0
      vertex 59.4183 60.6047 0
    endloop
  endfacet
  facet normal 0 0 -1
    outer loop
      vertex 5.5557 8.3147 0
      vertex 59.4183 60.6047 0
      vertex 6.08761 7.93353 0
    endloop
  endfacet
  facet normal 0 0 -1
    outer loop
      vertex 6.23662 88.4088 0
      vertex 27.6419 103.161 0
      vertex 6.25 88 0
    endloop
  endfacet
  facet normal 0 0 -1
    outer loop
      vertex 5 8.66025 0
      vertex 59.4183 60.6047 0
      vertex 5.5557 8.3147 0
    endloop
  endfacet
  facet normal 0 0 -1
    outer loop
      vertex 6.19653 88.8158 0
      vertex 20.8356 104.748 0
      vertex 6.23662 88.4088 0
    endloop
  endfacet
  facet normal 0 0 -1
    outer loop
      vertex 6.12991 89.2193 0
      vertex 20.8356 104.748 0
      vertex 6.19653 88.8158 0
    endloop
  endfacet
  facet normal 0 0 -1
    outer loop
      vertex 6.03704 89.6176 0
      vertex 20.8356 104.748 0
      vertex 6.12991 89.2193 0
    endloop
  endfacet
  facet normal 0 0 -1
    outer loop
      vertex 5.91831 90.009 0
      vertex 20.8356 104.748 0
      vertex 6.03704 89.6176 0
    endloop
  endfacet
  facet normal 0 0 -1
    outer loop
      vertex 5.77425 90.3918 0
      vertex 20.8356 104.748 0
      vertex 5.91831 90.009 0
    endloop
  endfacet
  facet normal -0 0 -1
    outer loop
      vertex 20.8356 104.748 0
      vertex 5.77425 90.3918 0
      vertex 13.9402 105.886 0
    endloop
  endfacet
  facet normal 0 0 -1
    outer loop
      vertex 5.60545 90.7643 0
      vertex 13.9402 105.886 0
      vertex 5.77425 90.3918 0
    endloop
  endfacet
  facet normal 0 0 -1
    outer loop
      vertex 5.41266 91.125 0
      vertex 13.9402 105.886 0
      vertex 5.60545 90.7643 0
    endloop
  endfacet
  facet normal 0 0 -1
    outer loop
      vertex 5.19668 91.4723 0
      vertex 13.9402 105.886 0
      vertex 5.41266 91.125 0
    endloop
  endfacet
  facet normal 0 0 -1
    outer loop
      vertex 4.95846 91.8048 0
      vertex 13.9402 105.886 0
      vertex 5.19668 91.4723 0
    endloop
  endfacet
  facet normal 0 0 -1
    outer loop
      vertex 4.699 92.1209 0
      vertex 13.9402 105.886 0
      vertex 4.95846 91.8048 0
    endloop
  endfacet
  facet normal 0 0 -1
    outer loop
      vertex 4.41942 92.4194 0
      vertex 13.9402 105.886 0
      vertex 4.699 92.1209 0
    endloop
  endfacet
  facet normal 0 0 -1
    outer loop
      vertex 4.12091 92.699 0
      vertex 13.9402 105.886 0
      vertex 4.41942 92.4194 0
    endloop
  endfacet
  facet normal -0 0 -1
    outer loop
      vertex 13.9402 105.886 0
      vertex 4.12091 92.699 0
      vertex 6.98505 106.571 0
    endloop
  endfacet
  facet normal 0 0 -1
    outer loop
      vertex 3.80476 92.9585 0
      vertex 6.98505 106.571 0
      vertex 4.12091 92.699 0
    endloop
  endfacet
  facet normal 0 0 -1
    outer loop
      vertex 3.47231 93.1967 0
      vertex 6.98505 106.571 0
      vertex 3.80476 92.9585 0
    endloop
  endfacet
  facet normal 0 0 -1
    outer loop
      vertex 3.125 93.4127 0
      vertex 6.98505 106.571 0
      vertex 3.47231 93.1967 0
    endloop
  endfacet
  facet normal 0 0 -1
    outer loop
      vertex 2.7643 93.6055 0
      vertex 6.98505 106.571 0
      vertex 3.125 93.4127 0
    endloop
  endfacet
  facet normal 0 0 -1
    outer loop
      vertex 2.39177 93.7742 0
      vertex 6.98505 106.571 0
      vertex 2.7643 93.6055 0
    endloop
  endfacet
  facet normal 0 0 -1
    outer loop
      vertex 2.009 93.9183 0
      vertex 6.98505 106.571 0
      vertex 2.39177 93.7742 0
    endloop
  endfacet
  facet normal 0 0 -1
    outer loop
      vertex 1.61762 94.037 0
      vertex 6.98505 106.571 0
      vertex 2.009 93.9183 0
    endloop
  endfacet
  facet normal 0 0 -1
    outer loop
      vertex 0 106.8 0
      vertex 1.61762 94.037 0
      vertex 1.21931 94.1299 0
    endloop
  endfacet
  facet normal 0 0 -1
    outer loop
      vertex 0 106.8 0
      vertex 1.21931 94.1299 0
      vertex 0.815788 94.1965 0
    endloop
  endfacet
  facet normal 0 0 -1
    outer loop
      vertex 0 106.8 0
      vertex 0.815788 94.1965 0
      vertex 0.408769 94.2366 0
    endloop
  endfacet
  facet normal 0 0 -1
    outer loop
      vertex 0 106.8 0
      vertex 0.408769 94.2366 0
      vertex 0 94.25 0
    endloop
  endfacet
  facet normal 0 0 -1
    outer loop
      vertex 1.61762 94.037 0
      vertex 0 106.8 0
      vertex 6.98505 106.571 0
    endloop
  endfacet
  facet normal 0 0 -1
    outer loop
      vertex -0.408769 94.2366 0
      vertex 0 106.8 0
      vertex 0 94.25 0
    endloop
  endfacet
  facet normal 0 0 -1
    outer loop
      vertex -0.815788 94.1965 0
      vertex 0 106.8 0
      vertex -0.408769 94.2366 0
    endloop
  endfacet
  facet normal 0 0 -1
    outer loop
      vertex -1.21931 94.1299 0
      vertex 0 106.8 0
      vertex -0.815788 94.1965 0
    endloop
  endfacet
  facet normal 0 0 -1
    outer loop
      vertex -1.61762 94.037 0
      vertex 0 106.8 0
      vertex -1.21931 94.1299 0
    endloop
  endfacet
  facet normal 0 0 -1
    outer loop
      vertex -6.98505 106.571 0
      vertex -1.61762 94.037 0
      vertex -2.009 93.9183 0
    endloop
  endfacet
  facet normal 0 0 -1
    outer loop
      vertex -6.98505 106.571 0
      vertex -2.009 93.9183 0
      vertex -2.39177 93.7742 0
    endloop
  endfacet
  facet normal 0 0 -1
    outer loop
      vertex -6.98505 106.571 0
      vertex -2.39177 93.7742 0
      vertex -2.7643 93.6055 0
    endloop
  endfacet
  facet normal 0 0 -1
    outer loop
      vertex -6.98505 106.571 0
      vertex -2.7643 93.6055 0
      vertex -3.125 93.4127 0
    endloop
  endfacet
  facet normal 0 0 -1
    outer loop
      vertex -6.98505 106.571 0
      vertex -3.125 93.4127 0
      vertex -3.47231 93.1967 0
    endloop
  endfacet
  facet normal 0 0 -1
    outer loop
      vertex -6.98505 106.571 0
      vertex -3.47231 93.1967 0
      vertex -3.80476 92.9585 0
    endloop
  endfacet
  facet normal 0 0 -1
    outer loop
      vertex -6.98505 106.571 0
      vertex -3.80476 92.9585 0
      vertex -4.12091 92.699 0
    endloop
  endfacet
  facet normal 0 0 -1
    outer loop
      vertex -13.9402 105.886 0
      vertex -4.12091 92.699 0
      vertex -4.41942 92.4194 0
    endloop
  endfacet
  facet normal 0 0 -1
    outer loop
      vertex -13.9402 105.886 0
      vertex -4.41942 92.4194 0
      vertex -4.699 92.1209 0
    endloop
  endfacet
  facet normal 0 0 -1
    outer loop
      vertex -13.9402 105.886 0
      vertex -4.699 92.1209 0
      vertex -4.95846 91.8048 0
    endloop
  endfacet
  facet normal 0 0 -1
    outer loop
      vertex -13.9402 105.886 0
      vertex -4.95846 91.8048 0
      vertex -5.19668 91.4723 0
    endloop
  endfacet
  facet normal 0 0 -1
    outer loop
      vertex -13.9402 105.886 0
      vertex -5.19668 91.4723 0
      vertex -5.41266 91.125 0
    endloop
  endfacet
  facet normal 0 0 -1
    outer loop
      vertex -13.9402 105.886 0
      vertex -5.41266 91.125 0
      vertex -5.60545 90.7643 0
    endloop
  endfacet
  facet normal 0 0 -1
    outer loop
      vertex -13.9402 105.886 0
      vertex -5.60545 90.7643 0
      vertex -5.77425 90.3918 0
    endloop
  endfacet
  facet normal 0 0 -1
    outer loop
      vertex -20.8356 104.748 0
      vertex -5.77425 90.3918 0
      vertex -5.91831 90.009 0
    endloop
  endfacet
  facet normal 0 0 -1
    outer loop
      vertex -1.61762 94.037 0
      vertex -6.98505 106.571 0
      vertex 0 106.8 0
    endloop
  endfacet
  facet normal 0 0 -1
    outer loop
      vertex -20.8356 104.748 0
      vertex -5.91831 90.009 0
      vertex -6.03704 89.6176 0
    endloop
  endfacet
  facet normal 0 0 -1
    outer loop
      vertex -20.8356 104.748 0
      vertex -6.03704 89.6176 0
      vertex -6.12991 89.2193 0
    endloop
  endfacet
  facet normal 0 0 -1
    outer loop
      vertex -20.8356 104.748 0
      vertex -6.12991 89.2193 0
      vertex -6.19653 88.8158 0
    endloop
  endfacet
  facet normal 0 0 -1
    outer loop
      vertex -20.8356 104.748 0
      vertex -6.19653 88.8158 0
      vertex -6.23662 88.4088 0
    endloop
  endfacet
  facet normal 0 0 -1
    outer loop
      vertex -27.6419 103.161 0
      vertex -6.23662 88.4088 0
      vertex -6.25 88 0
    endloop
  endfacet
  facet normal 0 0 -1
    outer loop
      vertex -6.03704 86.3824 0
      vertex -34.3297 101.132 0
      vertex -6.12991 86.7807 0
    endloop
  endfacet
  facet normal 0 0 -1
    outer loop
      vertex -58.984 62.2254 0
      vertex -6.59346 7.5184 0
      vertex -7.07107 7.07107 0
    endloop
  endfacet
  facet normal 0 0 -1
    outer loop
      vertex -58.984 62.2254 0
      vertex -7.07107 7.07107 0
      vertex -7.5184 6.59346 0
    endloop
  endfacet
  facet normal 0 0 -1
    outer loop
      vertex -58.984 62.2254 0
      vertex -7.5184 6.59346 0
      vertex -7.93353 6.08761 0
    endloop
  endfacet
  facet normal 0 0 -1
    outer loop
      vertex -58.984 62.2254 0
      vertex -7.93353 6.08761 0
      vertex -8.3147 5.5557 0
    endloop
  endfacet
  facet normal 0 0 -1
    outer loop
      vertex -58.984 62.2254 0
      vertex -8.3147 5.5557 0
      vertex -8.66025 5 0
    endloop
  endfacet
  facet normal 0 0 -1
    outer loop
      vertex -58.984 62.2254 0
      vertex -8.66025 5 0
      vertex -8.96873 4.42289 0
    endloop
  endfacet
  facet normal 0 0 -1
    outer loop
      vertex -58.984 62.2254 0
      vertex -8.96873 4.42289 0
      vertex -9.2388 3.82683 0
    endloop
  endfacet
  facet normal 0 0 -1
    outer loop
      vertex -58.984 62.2254 0
      vertex -9.2388 3.82683 0
      vertex -9.4693 3.21439 0
    endloop
  endfacet
  facet normal 0 0 -1
    outer loop
      vertex -58.984 62.2254 0
      vertex -9.4693 3.21439 0
      vertex -9.65926 2.58819 0
    endloop
  endfacet
  facet normal 0 0 -1
    outer loop
      vertex -58.984 62.2254 0
      vertex -9.65926 2.58819 0
      vertex -9.80785 1.9509 0
    endloop
  endfacet
  facet normal 0 0 -1
    outer loop
      vertex -58.984 62.2254 0
      vertex -9.80785 1.9509 0
      vertex -9.91445 1.30526 0
    endloop
  endfacet
  facet normal 0 0 -1
    outer loop
      vertex -10 0 0
      vertex -58.984 62.2254 0
      vertex -9.97859 0.654031 0
    endloop
  endfacet
  facet normal -0 0 -1
    outer loop
      vertex -8.66025 -5 0
      vertex -60.6047 -59.4183 0
      vertex -8.96873 -4.42289 0
    endloop
  endfacet
  facet normal -0 0 -1
    outer loop
      vertex -8.3147 -5.5557 0
      vertex -60.6047 -59.4183 0
      vertex -8.66025 -5 0
    endloop
  endfacet
  facet normal 0 0 -1
    outer loop
      vertex -9.97859 0.654031 0
      vertex -58.984 62.2254 0
      vertex -9.91445 1.30526 0
    endloop
  endfacet
  facet normal 0 0 -1
    outer loop
      vertex -58.984 -62.2254 0
      vertex -13.9402 -105.886 0
      vertex -20.8356 -104.748 0
    endloop
  endfacet
  facet normal 0 0 -1
    outer loop
      vertex -4.12091 92.699 0
      vertex -13.9402 105.886 0
      vertex -6.98505 106.571 0
    endloop
  endfacet
  facet normal 0 0 -1
    outer loop
      vertex -58.984 -62.2254 0
      vertex -20.8356 -104.748 0
      vertex -27.6419 -103.161 0
    endloop
  endfacet
  facet normal 0 0 -1
    outer loop
      vertex -5.77425 90.3918 0
      vertex -20.8356 104.748 0
      vertex -13.9402 105.886 0
    endloop
  endfacet
  facet normal 0 0 -1
    outer loop
      vertex -58.984 -62.2254 0
      vertex -27.6419 -103.161 0
      vertex -34.3297 -101.132 0
    endloop
  endfacet
  facet normal 0 0 -1
    outer loop
      vertex -6.23662 88.4088 0
      vertex -27.6419 103.161 0
      vertex -20.8356 104.748 0
    endloop
  endfacet
  facet normal 0 0 -1
    outer loop
      vertex -59.0945 -63.0643 0
      vertex -34.3297 -101.132 0
      vertex -40.8706 -98.6703 0
    endloop
  endfacet
  facet normal 0 0 -1
    outer loop
      vertex -6.23662 87.5912 0
      vertex -27.6419 103.161 0
      vertex -6.25 88 0
    endloop
  endfacet
  facet normal 0 0 -1
    outer loop
      vertex -59.0945 -63.0643 0
      vertex -40.8706 -98.6703 0
      vertex -47.2364 -95.786 0
    endloop
  endfacet
  facet normal 0 0 -1
    outer loop
      vertex -6.19653 87.1842 0
      vertex -27.6419 103.161 0
      vertex -6.23662 87.5912 0
    endloop
  endfacet
  facet normal 0 0 -1
    outer loop
      vertex -59.4183 -63.8461 0
      vertex -47.2364 -95.786 0
      vertex -53.4 -92.4915 0
    endloop
  endfacet
  facet normal 0 -0 -1
    outer loop
      vertex -27.6419 103.161 0
      vertex -6.19653 87.1842 0
      vertex -34.3297 101.132 0
    endloop
  endfacet
  facet normal 0 0 -1
    outer loop
      vertex -6.12991 86.7807 0
      vertex -34.3297 101.132 0
      vertex -6.19653 87.1842 0
    endloop
  endfacet
  facet normal 0 0 -1
    outer loop
      vertex -34.3297 -101.132 0
      vertex -58.9843 -62.2278 0
      vertex -58.984 -62.2254 0
    endloop
  endfacet
  facet normal 0 0 -1
    outer loop
      vertex -34.3297 -101.132 0
      vertex -59.0945 -63.0643 0
      vertex -58.9843 -62.2278 0
    endloop
  endfacet
  facet normal 0 0 -1
    outer loop
      vertex -47.2364 -95.786 0
      vertex -59.0954 -63.0666 0
      vertex -59.0945 -63.0643 0
    endloop
  endfacet
  facet normal 0 0 -1
    outer loop
      vertex -59.9334 -64.5174 0
      vertex -53.4 -92.4915 0
      vertex -59.3349 -88.801 0
    endloop
  endfacet
  facet normal 0 0 -1
    outer loop
      vertex -47.2364 -95.786 0
      vertex -59.4183 -63.8461 0
      vertex -59.0954 -63.0666 0
    endloop
  endfacet
  facet normal 0 0 -1
    outer loop
      vertex -53.4 -92.4915 0
      vertex -59.9319 -64.5154 0
      vertex -59.4183 -63.8461 0
    endloop
  endfacet
  facet normal 0 0 -1
    outer loop
      vertex -53.4 -92.4915 0
      vertex -59.9334 -64.5174 0
      vertex -59.9319 -64.5154 0
    endloop
  endfacet
  facet normal 0 0 -1
    outer loop
      vertex -59.3349 -88.801 0
      vertex -59.9353 -64.5189 0
      vertex -59.9334 -64.5174 0
    endloop
  endfacet
  facet normal 0 0 -1
    outer loop
      vertex -59.3349 -88.801 0
      vertex -60.6047 -65.0325 0
      vertex -59.9353 -64.5189 0
    endloop
  endfacet
  facet normal 0 0 -1
    outer loop
      vertex -65.0157 -84.7301 0
      vertex -60.6047 -65.0325 0
      vertex -59.3349 -88.801 0
    endloop
  endfacet
  facet normal 0 0 -1
    outer loop
      vertex -60.6047 -65.0325 0
      vertex -65.0157 -84.7301 0
      vertex -61.3842 -65.3554 0
    endloop
  endfacet
  facet normal 0 0 -1
    outer loop
      vertex -61.3842 -65.3554 0
      vertex -65.0157 -84.7301 0
      vertex -61.3865 -65.3563 0
    endloop
  endfacet
  facet normal 0 0 -1
    outer loop
      vertex -61.3865 -65.3563 0
      vertex -65.0157 -84.7301 0
      vertex -62.223 -65.4665 0
    endloop
  endfacet
  facet normal 0 0 -1
    outer loop
      vertex -62.223 -65.4665 0
      vertex -65.0157 -84.7301 0
      vertex -62.2254 -65.4668 0
    endloop
  endfacet
  facet normal 0 0 -1
    outer loop
      vertex -70.4181 -80.2965 0
      vertex -62.2254 -65.4668 0
      vertex -65.0157 -84.7301 0
    endloop
  endfacet
  facet normal -0 0 -1
    outer loop
      vertex -62.2254 -65.4668 0
      vertex -70.4181 -80.2965 0
      vertex -62.2278 -65.4665 0
    endloop
  endfacet
  facet normal -0 0 -1
    outer loop
      vertex -62.2278 -65.4665 0
      vertex -70.4181 -80.2965 0
      vertex -63.0643 -65.3563 0
    endloop
  endfacet
  facet normal -0 0 -1
    outer loop
      vertex -63.0643 -65.3563 0
      vertex -70.4181 -80.2965 0
      vertex -63.0666 -65.3554 0
    endloop
  endfacet
  facet normal -0 0 -1
    outer loop
      vertex -63.0666 -65.3554 0
      vertex -70.4181 -80.2965 0
      vertex -63.8461 -65.0325 0
    endloop
  endfacet
  facet normal 0 0 -1
    outer loop
      vertex -75.519 -75.519 0
      vertex -63.8461 -65.0325 0
      vertex -70.4181 -80.2965 0
    endloop
  endfacet
  facet normal -0 0 -1
    outer loop
      vertex -63.8461 -65.0325 0
      vertex -75.519 -75.519 0
      vertex -64.5154 -64.5189 0
    endloop
  endfacet
  facet normal -0 0 -1
    outer loop
      vertex -64.5154 -64.5189 0
      vertex -75.519 -75.519 0
      vertex -64.5174 -64.5174 0
    endloop
  endfacet
  facet normal -0 0 -1
    outer loop
      vertex -64.5174 -64.5174 0
      vertex -75.519 -75.519 0
      vertex -64.5189 -64.5154 0
    endloop
  endfacet
  facet normal -0 0 -1
    outer loop
      vertex -64.5189 -64.5154 0
      vertex -75.519 -75.519 0
      vertex -65.0325 -63.8461 0
    endloop
  endfacet
  facet normal 0 0 -1
    outer loop
      vertex -80.2965 -70.4181 0
      vertex -65.0325 -63.8461 0
      vertex -75.519 -75.519 0
    endloop
  endfacet
  facet normal -0 0 -1
    outer loop
      vertex -65.0325 -63.8461 0
      vertex -80.2965 -70.4181 0
      vertex -65.3554 -63.0666 0
    endloop
  endfacet
  facet normal -0 0 -1
    outer loop
      vertex -65.4665 -62.2278 0
      vertex -80.2965 -70.4181 0
      vertex -65.4668 -62.2254 0
    endloop
  endfacet
  facet normal -0 0 -1
    outer loop
      vertex -65.3554 -63.0666 0
      vertex -80.2965 -70.4181 0
      vertex -65.3563 -63.0643 0
    endloop
  endfacet
  facet normal 0 0 -1
    outer loop
      vertex 5.60545 -85.2357 0
      vertex 40.8706 -98.6703 0
      vertex 5.77425 -85.6082 0
    endloop
  endfacet
  facet normal 0 0 -1
    outer loop
      vertex 40.8706 -98.6703 0
      vertex 5.60545 -85.2357 0
      vertex 59.0945 -63.0643 0
    endloop
  endfacet
  facet normal 0 0 -1
    outer loop
      vertex 5.41266 -84.875 0
      vertex 59.0945 -63.0643 0
      vertex 5.60545 -85.2357 0
    endloop
  endfacet
  facet normal 0 0 -1
    outer loop
      vertex 5.19668 -84.5277 0
      vertex 59.0945 -63.0643 0
      vertex 5.41266 -84.875 0
    endloop
  endfacet
  facet normal 0 0 -1
    outer loop
      vertex 4.95846 -84.1952 0
      vertex 59.0945 -63.0643 0
      vertex 5.19668 -84.5277 0
    endloop
  endfacet
  facet normal -0 0 -1
    outer loop
      vertex 59.0945 -63.0643 0
      vertex 4.95846 -84.1952 0
      vertex 58.9843 -62.2278 0
    endloop
  endfacet
  facet normal -0 0 -1
    outer loop
      vertex 58.9843 -62.2278 0
      vertex 4.95846 -84.1952 0
      vertex 58.984 -62.2254 0
    endloop
  endfacet
  facet normal 0 0 -1
    outer loop
      vertex 4.699 -83.8791 0
      vertex 58.984 -62.2254 0
      vertex 4.95846 -84.1952 0
    endloop
  endfacet
  facet normal 0 0 -1
    outer loop
      vertex 4.41942 -83.5806 0
      vertex 58.984 -62.2254 0
      vertex 4.699 -83.8791 0
    endloop
  endfacet
  facet normal 0 0 -1
    outer loop
      vertex 4.12091 -83.301 0
      vertex 58.984 -62.2254 0
      vertex 4.41942 -83.5806 0
    endloop
  endfacet
  facet normal -0 0 -1
    outer loop
      vertex 58.984 -62.2254 0
      vertex 4.12091 -83.301 0
      vertex 58.9843 -62.223 0
    endloop
  endfacet
  facet normal -0 0 -1
    outer loop
      vertex 58.9843 -62.223 0
      vertex 4.12091 -83.301 0
      vertex 59.0945 -61.3865 0
    endloop
  endfacet
  facet normal 0 0 -1
    outer loop
      vertex 3.80476 -83.0415 0
      vertex 59.0945 -61.3865 0
      vertex 4.12091 -83.301 0
    endloop
  endfacet
  facet normal 0 0 -1
    outer loop
      vertex 59.0945 -61.3865 0
      vertex 6.08761 -7.93353 0
      vertex 6.59346 -7.5184 0
    endloop
  endfacet
  facet normal 0 0 -1
    outer loop
      vertex 3.47231 -82.8033 0
      vertex 59.0945 -61.3865 0
      vertex 3.80476 -83.0415 0
    endloop
  endfacet
  facet normal 0 0 -1
    outer loop
      vertex 59.0945 -61.3865 0
      vertex 5.5557 -8.3147 0
      vertex 6.08761 -7.93353 0
    endloop
  endfacet
  facet normal 0 0 -1
    outer loop
      vertex 3.125 -82.5873 0
      vertex 59.0945 -61.3865 0
      vertex 3.47231 -82.8033 0
    endloop
  endfacet
  facet normal 0 0 -1
    outer loop
      vertex 59.0945 -61.3865 0
      vertex 5 -8.66025 0
      vertex 5.5557 -8.3147 0
    endloop
  endfacet
  facet normal 0 0 -1
    outer loop
      vertex 2.7643 -82.3945 0
      vertex 59.0945 -61.3865 0
      vertex 3.125 -82.5873 0
    endloop
  endfacet
  facet normal 0 0 -1
    outer loop
      vertex 59.0945 -61.3865 0
      vertex 4.42289 -8.96873 0
      vertex 5 -8.66025 0
    endloop
  endfacet
  facet normal -0 0 -1
    outer loop
      vertex 59.0945 -61.3865 0
      vertex 2.7643 -82.3945 0
      vertex 4.42289 -8.96873 0
    endloop
  endfacet
  facet normal 0 0 -1
    outer loop
      vertex 4.42289 -8.96873 0
      vertex 2.7643 -82.3945 0
      vertex 3.82683 -9.2388 0
    endloop
  endfacet
  facet normal 0 0 -1
    outer loop
      vertex 2.39177 -82.2258 0
      vertex 3.82683 -9.2388 0
      vertex 2.7643 -82.3945 0
    endloop
  endfacet
  facet normal 0 0 -1
    outer loop
      vertex 3.82683 -9.2388 0
      vertex 2.39177 -82.2258 0
      vertex 3.21439 -9.4693 0
    endloop
  endfacet
  facet normal 0 0 -1
    outer loop
      vertex 2.009 -82.0817 0
      vertex 3.21439 -9.4693 0
      vertex 2.39177 -82.2258 0
    endloop
  endfacet
  facet normal 0 0 -1
    outer loop
      vertex 3.21439 -9.4693 0
      vertex 2.009 -82.0817 0
      vertex 2.58819 -9.65926 0
    endloop
  endfacet
  facet normal 0 0 -1
    outer loop
      vertex 1.61762 -81.963 0
      vertex 2.58819 -9.65926 0
      vertex 2.009 -82.0817 0
    endloop
  endfacet
  facet normal 0 0 -1
    outer loop
      vertex 2.58819 -9.65926 0
      vertex 1.61762 -81.963 0
      vertex 1.9509 -9.80785 0
    endloop
  endfacet
  facet normal 0 0 -1
    outer loop
      vertex 1.21931 -81.8701 0
      vertex 1.9509 -9.80785 0
      vertex 1.61762 -81.963 0
    endloop
  endfacet
  facet normal 0 0 -1
    outer loop
      vertex 1.9509 -9.80785 0
      vertex 1.21931 -81.8701 0
      vertex 1.30526 -9.91445 0
    endloop
  endfacet
  facet normal 0 0 -1
    outer loop
      vertex 0.815788 -81.8035 0
      vertex 1.30526 -9.91445 0
      vertex 1.21931 -81.8701 0
    endloop
  endfacet
  facet normal 0 0 -1
    outer loop
      vertex 0.815788 -81.8035 0
      vertex 0.654031 -9.97859 0
      vertex 1.30526 -9.91445 0
    endloop
  endfacet
  facet normal 0 0 -1
    outer loop
      vertex 0.408769 -81.7634 0
      vertex 0.654031 -9.97859 0
      vertex 0.815788 -81.8035 0
    endloop
  endfacet
  facet normal 0 0 -1
    outer loop
      vertex 0 -81.75 0
      vertex 0.654031 -9.97859 0
      vertex 0.408769 -81.7634 0
    endloop
  endfacet
  facet normal 0 0 -1
    outer loop
      vertex 0 -81.75 0
      vertex 0 -10 0
      vertex 0.654031 -9.97859 0
    endloop
  endfacet
  facet normal 0 0 -1
    outer loop
      vertex -0.408769 -81.7634 0
      vertex 0 -10 0
      vertex 0 -81.75 0
    endloop
  endfacet
  facet normal 0 0 -1
    outer loop
      vertex -0.408769 -81.7634 0
      vertex -0.654031 -9.97859 0
      vertex 0 -10 0
    endloop
  endfacet
  facet normal 0 0 -1
    outer loop
      vertex -0.815788 -81.8035 0
      vertex -0.654031 -9.97859 0
      vertex -0.408769 -81.7634 0
    endloop
  endfacet
  facet normal 0 0 -1
    outer loop
      vertex -1.30526 -9.91445 0
      vertex -0.815788 -81.8035 0
      vertex -1.21931 -81.8701 0
    endloop
  endfacet
  facet normal 0 0 -1
    outer loop
      vertex -0.815788 -81.8035 0
      vertex -1.30526 -9.91445 0
      vertex -0.654031 -9.97859 0
    endloop
  endfacet
  facet normal 0 0 -1
    outer loop
      vertex -1.9509 -9.80785 0
      vertex -1.21931 -81.8701 0
      vertex -1.61762 -81.963 0
    endloop
  endfacet
  facet normal 0 0 -1
    outer loop
      vertex -1.21931 -81.8701 0
      vertex -1.9509 -9.80785 0
      vertex -1.30526 -9.91445 0
    endloop
  endfacet
  facet normal 0 0 -1
    outer loop
      vertex -2.58819 -9.65926 0
      vertex -1.61762 -81.963 0
      vertex -2.009 -82.0817 0
    endloop
  endfacet
  facet normal 0 0 -1
    outer loop
      vertex -3.21439 -9.4693 0
      vertex -2.009 -82.0817 0
      vertex -2.39177 -82.2258 0
    endloop
  endfacet
  facet normal 0 0 -1
    outer loop
      vertex -1.61762 -81.963 0
      vertex -2.58819 -9.65926 0
      vertex -1.9509 -9.80785 0
    endloop
  endfacet
  facet normal 0 0 -1
    outer loop
      vertex -3.82683 -9.2388 0
      vertex -2.39177 -82.2258 0
      vertex -2.7643 -82.3945 0
    endloop
  endfacet
  facet normal 0 0 -1
    outer loop
      vertex -3.80476 -83.0415 0
      vertex -59.0945 -61.3865 0
      vertex -3.47231 -82.8033 0
    endloop
  endfacet
  facet normal 0 0 -1
    outer loop
      vertex -2.009 -82.0817 0
      vertex -3.21439 -9.4693 0
      vertex -2.58819 -9.65926 0
    endloop
  endfacet
  facet normal 0 0 -1
    outer loop
      vertex -4.12091 -83.301 0
      vertex -59.0945 -61.3865 0
      vertex -3.80476 -83.0415 0
    endloop
  endfacet
  facet normal 0 0 -1
    outer loop
      vertex -59.0945 -61.3865 0
      vertex -4.12091 -83.301 0
      vertex -58.9843 -62.223 0
    endloop
  endfacet
  facet normal 0 0 -1
    outer loop
      vertex -2.39177 -82.2258 0
      vertex -3.82683 -9.2388 0
      vertex -3.21439 -9.4693 0
    endloop
  endfacet
  facet normal 0 0 -1
    outer loop
      vertex -58.9843 -62.223 0
      vertex -4.12091 -83.301 0
      vertex -58.984 -62.2254 0
    endloop
  endfacet
  facet normal 0 0 -1
    outer loop
      vertex -58.984 -62.2254 0
      vertex -4.12091 -83.301 0
      vertex -4.41942 -83.5806 0
    endloop
  endfacet
  facet normal 0 0 -1
    outer loop
      vertex -2.7643 -82.3945 0
      vertex -4.42289 -8.96873 0
      vertex -3.82683 -9.2388 0
    endloop
  endfacet
  facet normal 0 0 -1
    outer loop
      vertex -58.984 -62.2254 0
      vertex -4.41942 -83.5806 0
      vertex -4.699 -83.8791 0
    endloop
  endfacet
  facet normal 0 0 -1
    outer loop
      vertex -58.984 -62.2254 0
      vertex -4.699 -83.8791 0
      vertex -4.95846 -84.1952 0
    endloop
  endfacet
  facet normal 0 0 -1
    outer loop
      vertex -3.47231 -82.8033 0
      vertex -59.0945 -61.3865 0
      vertex -3.125 -82.5873 0
    endloop
  endfacet
  facet normal 0 0 -1
    outer loop
      vertex -58.984 -62.2254 0
      vertex -4.95846 -84.1952 0
      vertex -5.19668 -84.5277 0
    endloop
  endfacet
  facet normal 0 0 -1
    outer loop
      vertex -58.984 -62.2254 0
      vertex -5.19668 -84.5277 0
      vertex -5.41266 -84.875 0
    endloop
  endfacet
  facet normal 0 0 -1
    outer loop
      vertex -3.125 -82.5873 0
      vertex -59.0945 -61.3865 0
      vertex -2.7643 -82.3945 0
    endloop
  endfacet
  facet normal 0 0 -1
    outer loop
      vertex -58.984 -62.2254 0
      vertex -5.41266 -84.875 0
      vertex -5.60545 -85.2357 0
    endloop
  endfacet
  facet normal 0 0 -1
    outer loop
      vertex -58.984 -62.2254 0
      vertex -5.60545 -85.2357 0
      vertex -5.77425 -85.6082 0
    endloop
  endfacet
  facet normal 0 0 -1
    outer loop
      vertex -58.984 -62.2254 0
      vertex -5.77425 -85.6082 0
      vertex -5.91831 -85.991 0
    endloop
  endfacet
  facet normal 0 0 -1
    outer loop
      vertex -58.984 -62.2254 0
      vertex -5.91831 -85.991 0
      vertex -6.03704 -86.3824 0
    endloop
  endfacet
  facet normal 0 0 -1
    outer loop
      vertex -2.7643 -82.3945 0
      vertex -59.0945 -61.3865 0
      vertex -4.42289 -8.96873 0
    endloop
  endfacet
  facet normal 0 0 -1
    outer loop
      vertex -6.19653 -87.1842 0
      vertex -58.984 -62.2254 0
      vertex -6.12991 -86.7807 0
    endloop
  endfacet
  facet normal 0 0 -1
    outer loop
      vertex -6.23662 -87.5912 0
      vertex -58.984 -62.2254 0
      vertex -6.19653 -87.1842 0
    endloop
  endfacet
  facet normal 0 0 -1
    outer loop
      vertex -58.984 -62.2254 0
      vertex -6.23662 -87.5912 0
      vertex -13.9402 -105.886 0
    endloop
  endfacet
  facet normal 0 0 -1
    outer loop
      vertex -13.9402 -105.886 0
      vertex -6.23662 -87.5912 0
      vertex -6.25 -88 0
    endloop
  endfacet
  facet normal 0 0 -1
    outer loop
      vertex -59.0954 -61.3842 0
      vertex -4.42289 -8.96873 0
      vertex -59.0945 -61.3865 0
    endloop
  endfacet
  facet normal 0 0 -1
    outer loop
      vertex 83.5806 -4.41942 0
      vertex 63.2967 -3.7592 0
      vertex 83.301 -4.12091 0
    endloop
  endfacet
  facet normal 0 0 -1
    outer loop
      vertex 64.9893 0.327015 0
      vertex 81.75 0 0
      vertex 65 0 0
    endloop
  endfacet
  facet normal 0 -0 -1
    outer loop
      vertex 63.5355 -3.53553 0
      vertex 83.301 -4.12091 0
      vertex 63.2967 -3.7592 0
    endloop
  endfacet
  facet normal 0 0 -1
    outer loop
      vertex 64.9572 0.652631 0
      vertex 81.75 0 0
      vertex 64.9893 0.327015 0
    endloop
  endfacet
  facet normal 0 0 -1
    outer loop
      vertex 83.301 -4.12091 0
      vertex 63.5355 -3.53553 0
      vertex 83.0415 -3.80476 0
    endloop
  endfacet
  facet normal 0 0 -1
    outer loop
      vertex 64.9039 0.975451 0
      vertex 81.75 0 0
      vertex 64.9572 0.652631 0
    endloop
  endfacet
  facet normal 0 -0 -1
    outer loop
      vertex 63.7592 -3.29673 0
      vertex 83.0415 -3.80476 0
      vertex 63.5355 -3.53553 0
    endloop
  endfacet
  facet normal 0 0 -1
    outer loop
      vertex 81.75 0 0
      vertex 65.4665 62.223 0
      vertex 65.4668 62.2254 0
    endloop
  endfacet
  facet normal 0 0 -1
    outer loop
      vertex 81.75 0 0
      vertex 65.3563 61.3865 0
      vertex 65.4665 62.223 0
    endloop
  endfacet
  facet normal -0 0 -1
    outer loop
      vertex 81.75 0 0
      vertex 64.9893 -0.327015 0
      vertex 65 0 0
    endloop
  endfacet
  facet normal 0 0 -1
    outer loop
      vertex 81.7634 -0.408769 0
      vertex 64.9893 -0.327015 0
      vertex 81.75 0 0
    endloop
  endfacet
  facet normal 0 -0 -1
    outer loop
      vertex 64.9893 -0.327015 0
      vertex 81.7634 -0.408769 0
      vertex 64.9572 -0.652631 0
    endloop
  endfacet
  facet normal 0 0 -1
    outer loop
      vertex 81.8035 -0.815788 0
      vertex 64.9572 -0.652631 0
      vertex 81.7634 -0.408769 0
    endloop
  endfacet
  facet normal 0 -0 -1
    outer loop
      vertex 64.9572 -0.652631 0
      vertex 81.8035 -0.815788 0
      vertex 64.9039 -0.975451 0
    endloop
  endfacet
  facet normal 0 0 -1
    outer loop
      vertex 81.8701 -1.21931 0
      vertex 64.9039 -0.975451 0
      vertex 81.8035 -0.815788 0
    endloop
  endfacet
  facet normal 0 0 -1
    outer loop
      vertex 83.0415 -3.80476 0
      vertex 63.9668 -3.04381 0
      vertex 82.8033 -3.47231 0
    endloop
  endfacet
  facet normal 0 -0 -1
    outer loop
      vertex 64.1573 -2.77785 0
      vertex 82.8033 -3.47231 0
      vertex 63.9668 -3.04381 0
    endloop
  endfacet
  facet normal 0 0 -1
    outer loop
      vertex 82.8033 -3.47231 0
      vertex 64.1573 -2.77785 0
      vertex 82.5873 -3.125 0
    endloop
  endfacet
  facet normal 0 -0 -1
    outer loop
      vertex 64.9039 -0.975451 0
      vertex 81.8701 -1.21931 0
      vertex 64.8296 -1.2941 0
    endloop
  endfacet
  facet normal 0 0 -1
    outer loop
      vertex 81.963 -1.61762 0
      vertex 64.8296 -1.2941 0
      vertex 81.8701 -1.21931 0
    endloop
  endfacet
  facet normal 0 -0 -1
    outer loop
      vertex 64.8296 -1.2941 0
      vertex 81.963 -1.61762 0
      vertex 64.7346 -1.6072 0
    endloop
  endfacet
  facet normal 0 0 -1
    outer loop
      vertex 82.0817 -2.009 0
      vertex 64.7346 -1.6072 0
      vertex 81.963 -1.61762 0
    endloop
  endfacet
  facet normal 0 -0 -1
    outer loop
      vertex 64.3301 -2.5 0
      vertex 82.5873 -3.125 0
      vertex 64.1573 -2.77785 0
    endloop
  endfacet
  facet normal 0 -0 -1
    outer loop
      vertex 64.7346 -1.6072 0
      vertex 82.0817 -2.009 0
      vertex 64.6194 -1.91342 0
    endloop
  endfacet
  facet normal 0 0 -1
    outer loop
      vertex 82.2258 -2.39177 0
      vertex 64.6194 -1.91342 0
      vertex 82.0817 -2.009 0
    endloop
  endfacet
  facet normal 0 -0 -1
    outer loop
      vertex 64.6194 -1.91342 0
      vertex 82.2258 -2.39177 0
      vertex 64.4844 -2.21144 0
    endloop
  endfacet
  facet normal 0 0 -1
    outer loop
      vertex 62.2114 -4.48436 0
      vertex 63.8461 -59.4183 0
      vertex 63.0666 -59.0954 0
    endloop
  endfacet
  facet normal 0 0 -1
    outer loop
      vertex 62.2114 -4.48436 0
      vertex 63.0666 -59.0954 0
      vertex 63.0643 -59.0945 0
    endloop
  endfacet
  facet normal 0 0 -1
    outer loop
      vertex 82.3945 -2.7643 0
      vertex 64.4844 -2.21144 0
      vertex 82.2258 -2.39177 0
    endloop
  endfacet
  facet normal 0 -0 -1
    outer loop
      vertex 64.4844 -2.21144 0
      vertex 82.3945 -2.7643 0
      vertex 64.3301 -2.5 0
    endloop
  endfacet
  facet normal 0 0 -1
    outer loop
      vertex 82.5873 -3.125 0
      vertex 64.3301 -2.5 0
      vertex 82.3945 -2.7643 0
    endloop
  endfacet
  facet normal 0 0 -1
    outer loop
      vertex 60.9755 -4.90393 0
      vertex 63.0643 -59.0945 0
      vertex 62.2278 -58.9843 0
    endloop
  endfacet
  facet normal 0 0 -1
    outer loop
      vertex 60.9755 -4.90393 0
      vertex 62.2278 -58.9843 0
      vertex 62.2254 -58.984 0
    endloop
  endfacet
  facet normal 0 0 -1
    outer loop
      vertex 60 -5 0
      vertex 62.2254 -58.984 0
      vertex 62.223 -58.9843 0
    endloop
  endfacet
  facet normal 0 -0 -1
    outer loop
      vertex 63.9668 -3.04381 0
      vertex 83.0415 -3.80476 0
      vertex 63.7592 -3.29673 0
    endloop
  endfacet
  facet normal 0 0 -1
    outer loop
      vertex 63.0643 -59.0945 0
      vertex 61.9134 -4.6194 0
      vertex 62.2114 -4.48436 0
    endloop
  endfacet
  facet normal 0 0 -1
    outer loop
      vertex 63.0643 -59.0945 0
      vertex 61.6072 -4.73465 0
      vertex 61.9134 -4.6194 0
    endloop
  endfacet
  facet normal 0 0 -1
    outer loop
      vertex 59.673 -4.98929 0
      vertex 62.223 -58.9843 0
      vertex 61.3865 -59.0945 0
    endloop
  endfacet
  facet normal 0 0 -1
    outer loop
      vertex 58.7059 -4.82963 0
      vertex 61.3865 -59.0945 0
      vertex 61.3842 -59.0954 0
    endloop
  endfacet
  facet normal 0 0 -1
    outer loop
      vertex 63.0643 -59.0945 0
      vertex 61.2941 -4.82963 0
      vertex 61.6072 -4.73465 0
    endloop
  endfacet
  facet normal 0 0 -1
    outer loop
      vertex 63.0643 -59.0945 0
      vertex 60.9755 -4.90393 0
      vertex 61.2941 -4.82963 0
    endloop
  endfacet
  facet normal 0 0 -1
    outer loop
      vertex 62.2254 -58.984 0
      vertex 60.6526 -4.95722 0
      vertex 60.9755 -4.90393 0
    endloop
  endfacet
  facet normal 0 0 -1
    outer loop
      vertex 58.7059 -4.82963 0
      vertex 61.3842 -59.0954 0
      vertex 60.6047 -59.4183 0
    endloop
  endfacet
  facet normal 0 0 -1
    outer loop
      vertex 62.2254 -58.984 0
      vertex 60.327 -4.98929 0
      vertex 60.6526 -4.95722 0
    endloop
  endfacet
  facet normal 0 0 -1
    outer loop
      vertex 62.2254 -58.984 0
      vertex 60 -5 0
      vertex 60.327 -4.98929 0
    endloop
  endfacet
  facet normal 0 0 -1
    outer loop
      vertex 57.5 -4.33013 0
      vertex 60.6047 -59.4183 0
      vertex 59.9353 -59.9319 0
    endloop
  endfacet
  facet normal 0 0 -1
    outer loop
      vertex 57.5 -4.33013 0
      vertex 59.9353 -59.9319 0
      vertex 59.9334 -59.9334 0
    endloop
  endfacet
  facet normal 0 0 -1
    outer loop
      vertex 6.59346 -7.5184 0
      vertex 59.9334 -59.9334 0
      vertex 59.9319 -59.9353 0
    endloop
  endfacet
  facet normal 0 0 -1
    outer loop
      vertex 62.223 -58.9843 0
      vertex 59.673 -4.98929 0
      vertex 60 -5 0
    endloop
  endfacet
  facet normal 0 0 -1
    outer loop
      vertex 6.59346 -7.5184 0
      vertex 59.9319 -59.9353 0
      vertex 59.4183 -60.6047 0
    endloop
  endfacet
  facet normal 0 0 -1
    outer loop
      vertex 61.3865 -59.0945 0
      vertex 59.3474 -4.95722 0
      vertex 59.673 -4.98929 0
    endloop
  endfacet
  facet normal 0 0 -1
    outer loop
      vertex 6.59346 -7.5184 0
      vertex 59.4183 -60.6047 0
      vertex 59.0954 -61.3842 0
    endloop
  endfacet
  facet normal 0 0 -1
    outer loop
      vertex 6.59346 -7.5184 0
      vertex 59.0954 -61.3842 0
      vertex 59.0945 -61.3865 0
    endloop
  endfacet
  facet normal 0 0 -1
    outer loop
      vertex 61.3865 -59.0945 0
      vertex 59.0245 -4.90393 0
      vertex 59.3474 -4.95722 0
    endloop
  endfacet
  facet normal 0 0 -1
    outer loop
      vertex 5.77425 -85.6082 0
      vertex 40.8706 -98.6703 0
      vertex 5.91831 -85.991 0
    endloop
  endfacet
  facet normal 0 0 -1
    outer loop
      vertex 34.3297 -101.132 0
      vertex 5.91831 -85.991 0
      vertex 40.8706 -98.6703 0
    endloop
  endfacet
  facet normal 0 0 -1
    outer loop
      vertex 61.3865 -59.0945 0
      vertex 58.7059 -4.82963 0
      vertex 59.0245 -4.90393 0
    endloop
  endfacet
  facet normal 0 0 -1
    outer loop
      vertex 65.3563 63.0643 0
      vertex 80.2965 70.4181 0
      vertex 65.4665 62.2278 0
    endloop
  endfacet
  facet normal 0 0 -1
    outer loop
      vertex 65.3554 63.0666 0
      vertex 80.2965 70.4181 0
      vertex 65.3563 63.0643 0
    endloop
  endfacet
  facet normal 0 0 -1
    outer loop
      vertex 65.0325 63.8461 0
      vertex 80.2965 70.4181 0
      vertex 65.3554 63.0666 0
    endloop
  endfacet
  facet normal -0 0 -1
    outer loop
      vertex 80.2965 70.4181 0
      vertex 65.0325 63.8461 0
      vertex 75.519 75.519 0
    endloop
  endfacet
  facet normal 0 0 -1
    outer loop
      vertex 64.5189 64.5154 0
      vertex 75.519 75.519 0
      vertex 65.0325 63.8461 0
    endloop
  endfacet
  facet normal 0 0 -1
    outer loop
      vertex 64.5174 64.5174 0
      vertex 75.519 75.519 0
      vertex 64.5189 64.5154 0
    endloop
  endfacet
  facet normal 0 0 -1
    outer loop
      vertex 64.5154 64.5189 0
      vertex 75.519 75.519 0
      vertex 64.5174 64.5174 0
    endloop
  endfacet
  facet normal 0 0 -1
    outer loop
      vertex 63.8461 65.0325 0
      vertex 75.519 75.519 0
      vertex 64.5154 64.5189 0
    endloop
  endfacet
  facet normal -0 0 -1
    outer loop
      vertex 75.519 75.519 0
      vertex 63.8461 65.0325 0
      vertex 70.4181 80.2965 0
    endloop
  endfacet
  facet normal 0 0 -1
    outer loop
      vertex 63.0666 65.3554 0
      vertex 70.4181 80.2965 0
      vertex 63.8461 65.0325 0
    endloop
  endfacet
  facet normal 0 0 -1
    outer loop
      vertex 63.0643 65.3563 0
      vertex 70.4181 80.2965 0
      vertex 63.0666 65.3554 0
    endloop
  endfacet
  facet normal 0 0 -1
    outer loop
      vertex 62.2278 65.4665 0
      vertex 70.4181 80.2965 0
      vertex 63.0643 65.3563 0
    endloop
  endfacet
  facet normal 0 0 -1
    outer loop
      vertex 62.2254 65.4668 0
      vertex 70.4181 80.2965 0
      vertex 62.2278 65.4665 0
    endloop
  endfacet
  facet normal -0 0 -1
    outer loop
      vertex 70.4181 80.2965 0
      vertex 62.2254 65.4668 0
      vertex 65.0157 84.7301 0
    endloop
  endfacet
  facet normal 0 0 -1
    outer loop
      vertex 62.223 65.4665 0
      vertex 65.0157 84.7301 0
      vertex 62.2254 65.4668 0
    endloop
  endfacet
  facet normal 0 0 -1
    outer loop
      vertex 61.3865 65.3563 0
      vertex 65.0157 84.7301 0
      vertex 62.223 65.4665 0
    endloop
  endfacet
  facet normal 0 0 -1
    outer loop
      vertex 61.3842 65.3554 0
      vertex 65.0157 84.7301 0
      vertex 61.3865 65.3563 0
    endloop
  endfacet
  facet normal 0 0 -1
    outer loop
      vertex 60.6047 65.0325 0
      vertex 65.0157 84.7301 0
      vertex 61.3842 65.3554 0
    endloop
  endfacet
  facet normal 0 0 -1
    outer loop
      vertex 59.3349 88.801 0
      vertex 60.6047 65.0325 0
      vertex 59.9353 64.5189 0
    endloop
  endfacet
  facet normal 0 0 -1
    outer loop
      vertex 59.3349 88.801 0
      vertex 59.9353 64.5189 0
      vertex 59.9334 64.5174 0
    endloop
  endfacet
  facet normal 0 0 -1
    outer loop
      vertex 53.4 92.4915 0
      vertex 59.9334 64.5174 0
      vertex 59.9319 64.5154 0
    endloop
  endfacet
  facet normal 0 0 -1
    outer loop
      vertex 53.4 92.4915 0
      vertex 59.9319 64.5154 0
      vertex 59.4183 63.8461 0
    endloop
  endfacet
  facet normal 0 0 -1
    outer loop
      vertex 60.6047 65.0325 0
      vertex 59.3349 88.801 0
      vertex 65.0157 84.7301 0
    endloop
  endfacet
  facet normal 0 0 -1
    outer loop
      vertex 47.2364 95.786 0
      vertex 59.4183 63.8461 0
      vertex 59.0954 63.0666 0
    endloop
  endfacet
  facet normal 0 0 -1
    outer loop
      vertex 47.2364 95.786 0
      vertex 59.0954 63.0666 0
      vertex 59.0945 63.0643 0
    endloop
  endfacet
  facet normal 0 0 -1
    outer loop
      vertex 6.23662 87.5912 0
      vertex 59.0945 63.0643 0
      vertex 58.9843 62.2278 0
    endloop
  endfacet
  facet normal 0 0 -1
    outer loop
      vertex 6.23662 87.5912 0
      vertex 58.9843 62.2278 0
      vertex 58.984 62.2254 0
    endloop
  endfacet
  facet normal 0 0 -1
    outer loop
      vertex 56.7033 3.7592 0
      vertex 59.9334 59.9334 0
      vertex 56.9562 3.96677 0
    endloop
  endfacet
  facet normal 0 0 -1
    outer loop
      vertex 55.5156 2.21144 0
      vertex 9.2388 3.82683 0
      vertex 55.6699 2.5 0
    endloop
  endfacet
  facet normal 0 0 -1
    outer loop
      vertex 8.96873 4.42289 0
      vertex 55.6699 2.5 0
      vertex 9.2388 3.82683 0
    endloop
  endfacet
  facet normal 0 0 -1
    outer loop
      vertex 55.6699 2.5 0
      vertex 8.96873 4.42289 0
      vertex 55.8427 2.77785 0
    endloop
  endfacet
  facet normal 0 0 -1
    outer loop
      vertex 8.66025 5 0
      vertex 55.8427 2.77785 0
      vertex 8.96873 4.42289 0
    endloop
  endfacet
  facet normal 0 0 -1
    outer loop
      vertex 55.8427 2.77785 0
      vertex 8.66025 5 0
      vertex 56.0332 3.04381 0
    endloop
  endfacet
  facet normal 0 0 -1
    outer loop
      vertex 8.3147 5.5557 0
      vertex 56.0332 3.04381 0
      vertex 8.66025 5 0
    endloop
  endfacet
  facet normal 0 0 -1
    outer loop
      vertex 6.23662 87.5912 0
      vertex 58.9843 62.223 0
      vertex 59.0945 61.3865 0
    endloop
  endfacet
  facet normal 0 0 -1
    outer loop
      vertex 9.2388 3.82683 0
      vertex 55.5156 2.21144 0
      vertex 9.4693 3.21439 0
    endloop
  endfacet
  facet normal 0 0 -1
    outer loop
      vertex 55.3806 1.91342 0
      vertex 9.4693 3.21439 0
      vertex 55.5156 2.21144 0
    endloop
  endfacet
  facet normal 0 0 -1
    outer loop
      vertex 55.2654 1.6072 0
      vertex 9.4693 3.21439 0
      vertex 55.3806 1.91342 0
    endloop
  endfacet
  facet normal 0 0 -1
    outer loop
      vertex 9.4693 3.21439 0
      vertex 55.2654 1.6072 0
      vertex 9.65926 2.58819 0
    endloop
  endfacet
  facet normal 0 0 -1
    outer loop
      vertex 55.1704 1.2941 0
      vertex 9.65926 2.58819 0
      vertex 55.2654 1.6072 0
    endloop
  endfacet
  facet normal 0 0 -1
    outer loop
      vertex 9.65926 2.58819 0
      vertex 55.1704 1.2941 0
      vertex 9.80785 1.9509 0
    endloop
  endfacet
  facet normal 0 0 -1
    outer loop
      vertex 55.0961 0.975451 0
      vertex 9.80785 1.9509 0
      vertex 55.1704 1.2941 0
    endloop
  endfacet
  facet normal 0 0 -1
    outer loop
      vertex 9.80785 1.9509 0
      vertex 55.0961 0.975451 0
      vertex 9.91445 1.30526 0
    endloop
  endfacet
  facet normal 0 0 -1
    outer loop
      vertex 55.0428 0.652631 0
      vertex 9.91445 1.30526 0
      vertex 55.0961 0.975451 0
    endloop
  endfacet
  facet normal 0 0 -1
    outer loop
      vertex 9.91445 1.30526 0
      vertex 55.0428 0.652631 0
      vertex 9.97859 0.654031 0
    endloop
  endfacet
  facet normal 0 0 -1
    outer loop
      vertex 55.0107 0.327015 0
      vertex 9.97859 0.654031 0
      vertex 55.0428 0.652631 0
    endloop
  endfacet
  facet normal 0 0 -1
    outer loop
      vertex 9.97859 0.654031 0
      vertex 55.0107 0.327015 0
      vertex 10 0 0
    endloop
  endfacet
  facet normal 0 0 -1
    outer loop
      vertex 6.23662 87.5912 0
      vertex 58.984 62.2254 0
      vertex 58.9843 62.223 0
    endloop
  endfacet
  facet normal 0 0 -1
    outer loop
      vertex 10 0 0
      vertex 55.0107 0.327015 0
      vertex 55 0 0
    endloop
  endfacet
  facet normal -0 0 -1
    outer loop
      vertex 55.6699 -2.5 0
      vertex 9.2388 -3.82683 0
      vertex 55.5156 -2.21144 0
    endloop
  endfacet
  facet normal 0 0 -1
    outer loop
      vertex 6.12991 -86.7807 0
      vertex 34.3297 -101.132 0
      vertex 6.19653 -87.1842 0
    endloop
  endfacet
  facet normal 0 0 -1
    outer loop
      vertex 59.9334 64.5174 0
      vertex 53.4 92.4915 0
      vertex 59.3349 88.801 0
    endloop
  endfacet
  facet normal 0 0 -1
    outer loop
      vertex 27.6419 -103.161 0
      vertex 6.19653 -87.1842 0
      vertex 34.3297 -101.132 0
    endloop
  endfacet
  facet normal 0 0 -1
    outer loop
      vertex 59.4183 63.8461 0
      vertex 47.2364 95.786 0
      vertex 53.4 92.4915 0
    endloop
  endfacet
  facet normal 0 0 -1
    outer loop
      vertex 6.19653 -87.1842 0
      vertex 27.6419 -103.161 0
      vertex 6.23662 -87.5912 0
    endloop
  endfacet
  facet normal 0 0 -1
    outer loop
      vertex 59.0945 63.0643 0
      vertex 40.8706 98.6703 0
      vertex 47.2364 95.786 0
    endloop
  endfacet
  facet normal 0 0 -1
    outer loop
      vertex 6.23662 -87.5912 0
      vertex 27.6419 -103.161 0
      vertex 6.25 -88 0
    endloop
  endfacet
  facet normal 0 0 -1
    outer loop
      vertex 6.23662 87.5912 0
      vertex 40.8706 98.6703 0
      vertex 59.0945 63.0643 0
    endloop
  endfacet
  facet normal 0 0 -1
    outer loop
      vertex 6.23662 -88.4088 0
      vertex 27.6419 -103.161 0
      vertex 20.8356 -104.748 0
    endloop
  endfacet
  facet normal -0 0 -1
    outer loop
      vertex 40.8706 98.6703 0
      vertex 6.23662 87.5912 0
      vertex 34.3297 101.132 0
    endloop
  endfacet
  facet normal 0 0 -1
    outer loop
      vertex 5.77425 -90.3918 0
      vertex 20.8356 -104.748 0
      vertex 13.9402 -105.886 0
    endloop
  endfacet
  facet normal -0 0 -1
    outer loop
      vertex 34.3297 101.132 0
      vertex 6.23662 87.5912 0
      vertex 27.6419 103.161 0
    endloop
  endfacet
  facet normal 0 -0 -1
    outer loop
      vertex 6.25 88 0
      vertex 27.6419 103.161 0
      vertex 6.23662 87.5912 0
    endloop
  endfacet
  facet normal -0 0 -1
    outer loop
      vertex 55 0 0
      vertex 9.97859 -0.654031 0
      vertex 10 0 0
    endloop
  endfacet
  facet normal -0 0 -1
    outer loop
      vertex 55.0107 -0.327015 0
      vertex 9.97859 -0.654031 0
      vertex 55 0 0
    endloop
  endfacet
  facet normal -0 0 -1
    outer loop
      vertex 55.0428 -0.652631 0
      vertex 9.97859 -0.654031 0
      vertex 55.0107 -0.327015 0
    endloop
  endfacet
  facet normal 0 -0 -1
    outer loop
      vertex 9.97859 -0.654031 0
      vertex 55.0428 -0.652631 0
      vertex 9.91445 -1.30526 0
    endloop
  endfacet
  facet normal -0 0 -1
    outer loop
      vertex 55.0961 -0.975451 0
      vertex 9.91445 -1.30526 0
      vertex 55.0428 -0.652631 0
    endloop
  endfacet
  facet normal 0 -0 -1
    outer loop
      vertex 9.91445 -1.30526 0
      vertex 55.0961 -0.975451 0
      vertex 9.80785 -1.9509 0
    endloop
  endfacet
  facet normal 0 0 -1
    outer loop
      vertex 6.03704 -86.3824 0
      vertex 34.3297 -101.132 0
      vertex 6.12991 -86.7807 0
    endloop
  endfacet
  facet normal -0 0 -1
    outer loop
      vertex 55.1704 -1.2941 0
      vertex 9.80785 -1.9509 0
      vertex 55.0961 -0.975451 0
    endloop
  endfacet
  facet normal 0 -0 -1
    outer loop
      vertex 9.80785 -1.9509 0
      vertex 55.1704 -1.2941 0
      vertex 9.65926 -2.58819 0
    endloop
  endfacet
  facet normal -0 0 -1
    outer loop
      vertex 55.2654 -1.6072 0
      vertex 9.65926 -2.58819 0
      vertex 55.1704 -1.2941 0
    endloop
  endfacet
  facet normal 0 -0 -1
    outer loop
      vertex 9.65926 -2.58819 0
      vertex 55.2654 -1.6072 0
      vertex 9.4693 -3.21439 0
    endloop
  endfacet
  facet normal -0 0 -1
    outer loop
      vertex 55.3806 -1.91342 0
      vertex 9.4693 -3.21439 0
      vertex 55.2654 -1.6072 0
    endloop
  endfacet
  facet normal 0 0 -1
    outer loop
      vertex 4.12091 -92.699 0
      vertex 13.9402 -105.886 0
      vertex 6.98505 -106.571 0
    endloop
  endfacet
  facet normal 0 -0 -1
    outer loop
      vertex 9.4693 -3.21439 0
      vertex 55.3806 -1.91342 0
      vertex 9.2388 -3.82683 0
    endloop
  endfacet
  facet normal -0 0 -1
    outer loop
      vertex 55.5156 -2.21144 0
      vertex 9.2388 -3.82683 0
      vertex 55.3806 -1.91342 0
    endloop
  endfacet
  facet normal 0 0 -1
    outer loop
      vertex 27.6419 -103.161 0
      vertex 6.23662 -88.4088 0
      vertex 6.25 -88 0
    endloop
  endfacet
  facet normal 0 0 -1
    outer loop
      vertex 20.8356 -104.748 0
      vertex 6.19653 -88.8158 0
      vertex 6.23662 -88.4088 0
    endloop
  endfacet
  facet normal 0 0 -1
    outer loop
      vertex 20.8356 -104.748 0
      vertex 6.12991 -89.2193 0
      vertex 6.19653 -88.8158 0
    endloop
  endfacet
  facet normal 0 0 -1
    outer loop
      vertex 20.8356 -104.748 0
      vertex 6.03704 -89.6176 0
      vertex 6.12991 -89.2193 0
    endloop
  endfacet
  facet normal 0 0 -1
    outer loop
      vertex 20.8356 -104.748 0
      vertex 5.91831 -90.009 0
      vertex 6.03704 -89.6176 0
    endloop
  endfacet
  facet normal 0 0 -1
    outer loop
      vertex 20.8356 -104.748 0
      vertex 5.77425 -90.3918 0
      vertex 5.91831 -90.009 0
    endloop
  endfacet
  facet normal 0 0 -1
    outer loop
      vertex 13.9402 -105.886 0
      vertex 5.60545 -90.7643 0
      vertex 5.77425 -90.3918 0
    endloop
  endfacet
  facet normal 0 0 -1
    outer loop
      vertex 13.9402 -105.886 0
      vertex 5.41266 -91.125 0
      vertex 5.60545 -90.7643 0
    endloop
  endfacet
  facet normal 0 0 -1
    outer loop
      vertex 13.9402 -105.886 0
      vertex 5.19668 -91.4723 0
      vertex 5.41266 -91.125 0
    endloop
  endfacet
  facet normal 0 0 -1
    outer loop
      vertex 13.9402 -105.886 0
      vertex 4.95846 -91.8048 0
      vertex 5.19668 -91.4723 0
    endloop
  endfacet
  facet normal 0 0 -1
    outer loop
      vertex 13.9402 -105.886 0
      vertex 4.699 -92.1209 0
      vertex 4.95846 -91.8048 0
    endloop
  endfacet
  facet normal 0 0 -1
    outer loop
      vertex 13.9402 -105.886 0
      vertex 4.41942 -92.4194 0
      vertex 4.699 -92.1209 0
    endloop
  endfacet
  facet normal 0 0 -1
    outer loop
      vertex 13.9402 -105.886 0
      vertex 4.12091 -92.699 0
      vertex 4.41942 -92.4194 0
    endloop
  endfacet
  facet normal 0 0 -1
    outer loop
      vertex 6.98505 -106.571 0
      vertex 3.80476 -92.9585 0
      vertex 4.12091 -92.699 0
    endloop
  endfacet
  facet normal 0 0 -1
    outer loop
      vertex 6.98505 -106.571 0
      vertex 3.47231 -93.1967 0
      vertex 3.80476 -92.9585 0
    endloop
  endfacet
  facet normal 0 0 -1
    outer loop
      vertex 6.98505 -106.571 0
      vertex 3.125 -93.4127 0
      vertex 3.47231 -93.1967 0
    endloop
  endfacet
  facet normal 0 0 -1
    outer loop
      vertex 6.98505 -106.571 0
      vertex 2.7643 -93.6055 0
      vertex 3.125 -93.4127 0
    endloop
  endfacet
  facet normal 0 0 -1
    outer loop
      vertex 6.98505 -106.571 0
      vertex 2.39177 -93.7742 0
      vertex 2.7643 -93.6055 0
    endloop
  endfacet
  facet normal 0 0 -1
    outer loop
      vertex 6.98505 -106.571 0
      vertex 2.009 -93.9183 0
      vertex 2.39177 -93.7742 0
    endloop
  endfacet
  facet normal 0 0 -1
    outer loop
      vertex 6.98505 -106.571 0
      vertex 1.61762 -94.037 0
      vertex 2.009 -93.9183 0
    endloop
  endfacet
  facet normal 0 0 -1
    outer loop
      vertex 0 -106.8 0
      vertex 1.61762 -94.037 0
      vertex 6.98505 -106.571 0
    endloop
  endfacet
  facet normal 0 0 -1
    outer loop
      vertex 1.61762 -94.037 0
      vertex 0 -106.8 0
      vertex 1.21931 -94.1299 0
    endloop
  endfacet
  facet normal 0 0 -1
    outer loop
      vertex 1.21931 -94.1299 0
      vertex 0 -106.8 0
      vertex 0.815788 -94.1965 0
    endloop
  endfacet
  facet normal 0 0 -1
    outer loop
      vertex 0.815788 -94.1965 0
      vertex 0 -106.8 0
      vertex 0.408769 -94.2366 0
    endloop
  endfacet
  facet normal 0 0 -1
    outer loop
      vertex 0 -106.8 0
      vertex 0 -94.25 0
      vertex 0.408769 -94.2366 0
    endloop
  endfacet
  facet normal 0 0 -1
    outer loop
      vertex 0 -106.8 0
      vertex -0.408769 -94.2366 0
      vertex 0 -94.25 0
    endloop
  endfacet
  facet normal 0 0 -1
    outer loop
      vertex 0 -106.8 0
      vertex -0.815788 -94.1965 0
      vertex -0.408769 -94.2366 0
    endloop
  endfacet
  facet normal 0 0 -1
    outer loop
      vertex 0 -106.8 0
      vertex -1.21931 -94.1299 0
      vertex -0.815788 -94.1965 0
    endloop
  endfacet
  facet normal 0 0 -1
    outer loop
      vertex 0 -106.8 0
      vertex -1.61762 -94.037 0
      vertex -1.21931 -94.1299 0
    endloop
  endfacet
  facet normal 0 0 -1
    outer loop
      vertex -6.98505 -106.571 0
      vertex -1.61762 -94.037 0
      vertex 0 -106.8 0
    endloop
  endfacet
  facet normal -0 0 -1
    outer loop
      vertex -1.61762 -94.037 0
      vertex -6.98505 -106.571 0
      vertex -2.009 -93.9183 0
    endloop
  endfacet
  facet normal -0 0 -1
    outer loop
      vertex -2.009 -93.9183 0
      vertex -6.98505 -106.571 0
      vertex -2.39177 -93.7742 0
    endloop
  endfacet
  facet normal -0 0 -1
    outer loop
      vertex -2.39177 -93.7742 0
      vertex -6.98505 -106.571 0
      vertex -2.7643 -93.6055 0
    endloop
  endfacet
  facet normal -0 0 -1
    outer loop
      vertex -2.7643 -93.6055 0
      vertex -6.98505 -106.571 0
      vertex -3.125 -93.4127 0
    endloop
  endfacet
  facet normal -0 0 -1
    outer loop
      vertex -3.125 -93.4127 0
      vertex -6.98505 -106.571 0
      vertex -3.47231 -93.1967 0
    endloop
  endfacet
  facet normal -0 0 -1
    outer loop
      vertex -3.47231 -93.1967 0
      vertex -6.98505 -106.571 0
      vertex -3.80476 -92.9585 0
    endloop
  endfacet
  facet normal -0 0 -1
    outer loop
      vertex -3.80476 -92.9585 0
      vertex -6.98505 -106.571 0
      vertex -4.12091 -92.699 0
    endloop
  endfacet
  facet normal 0 0 -1
    outer loop
      vertex -13.9402 -105.886 0
      vertex -4.12091 -92.699 0
      vertex -6.98505 -106.571 0
    endloop
  endfacet
  facet normal -0 0 -1
    outer loop
      vertex -4.12091 -92.699 0
      vertex -13.9402 -105.886 0
      vertex -4.41942 -92.4194 0
    endloop
  endfacet
  facet normal -0 0 -1
    outer loop
      vertex -4.41942 -92.4194 0
      vertex -13.9402 -105.886 0
      vertex -4.699 -92.1209 0
    endloop
  endfacet
  facet normal -0 0 -1
    outer loop
      vertex -4.699 -92.1209 0
      vertex -13.9402 -105.886 0
      vertex -4.95846 -91.8048 0
    endloop
  endfacet
  facet normal -0 0 -1
    outer loop
      vertex -4.95846 -91.8048 0
      vertex -13.9402 -105.886 0
      vertex -5.19668 -91.4723 0
    endloop
  endfacet
  facet normal -0 0 -1
    outer loop
      vertex -5.19668 -91.4723 0
      vertex -13.9402 -105.886 0
      vertex -5.41266 -91.125 0
    endloop
  endfacet
  facet normal -0 0 -1
    outer loop
      vertex -5.41266 -91.125 0
      vertex -13.9402 -105.886 0
      vertex -5.60545 -90.7643 0
    endloop
  endfacet
  facet normal -0 0 -1
    outer loop
      vertex -5.60545 -90.7643 0
      vertex -13.9402 -105.886 0
      vertex -5.77425 -90.3918 0
    endloop
  endfacet
  facet normal -0 0 -1
    outer loop
      vertex -5.77425 -90.3918 0
      vertex -13.9402 -105.886 0
      vertex -5.91831 -90.009 0
    endloop
  endfacet
  facet normal -0 0 -1
    outer loop
      vertex -5.91831 -90.009 0
      vertex -13.9402 -105.886 0
      vertex -6.03704 -89.6176 0
    endloop
  endfacet
  facet normal -0 0 -1
    outer loop
      vertex -6.03704 -89.6176 0
      vertex -13.9402 -105.886 0
      vertex -6.12991 -89.2193 0
    endloop
  endfacet
  facet normal -0 0 -1
    outer loop
      vertex -6.12991 -89.2193 0
      vertex -13.9402 -105.886 0
      vertex -6.19653 -88.8158 0
    endloop
  endfacet
  facet normal -0 0 -1
    outer loop
      vertex -6.19653 -88.8158 0
      vertex -13.9402 -105.886 0
      vertex -6.23662 -88.4088 0
    endloop
  endfacet
  facet normal -0 0 -1
    outer loop
      vertex -6.23662 -88.4088 0
      vertex -13.9402 -105.886 0
      vertex -6.25 -88 0
    endloop
  endfacet
  facet normal 0 0 -1
    outer loop
      vertex -6.12991 -86.7807 0
      vertex -58.984 -62.2254 0
      vertex -6.03704 -86.3824 0
    endloop
  endfacet
  facet normal 0 0 -1
    outer loop
      vertex -59.4183 -60.6047 0
      vertex -4.42289 -8.96873 0
      vertex -59.0954 -61.3842 0
    endloop
  endfacet
  facet normal -0 0 -1
    outer loop
      vertex -4.42289 -8.96873 0
      vertex -59.4183 -60.6047 0
      vertex -5 -8.66025 0
    endloop
  endfacet
  facet normal -0 0 -1
    outer loop
      vertex -5 -8.66025 0
      vertex -59.4183 -60.6047 0
      vertex -5.5557 -8.3147 0
    endloop
  endfacet
  facet normal -0 0 -1
    outer loop
      vertex -5.5557 -8.3147 0
      vertex -59.4183 -60.6047 0
      vertex -6.08761 -7.93353 0
    endloop
  endfacet
  facet normal 0 0 -1
    outer loop
      vertex -59.9319 -59.9353 0
      vertex -6.08761 -7.93353 0
      vertex -59.4183 -60.6047 0
    endloop
  endfacet
  facet normal -0 0 -1
    outer loop
      vertex -6.08761 -7.93353 0
      vertex -59.9319 -59.9353 0
      vertex -6.59346 -7.5184 0
    endloop
  endfacet
  facet normal 0 0 -1
    outer loop
      vertex -59.9334 -59.9334 0
      vertex -6.59346 -7.5184 0
      vertex -59.9319 -59.9353 0
    endloop
  endfacet
  facet normal -0 0 -1
    outer loop
      vertex -6.59346 -7.5184 0
      vertex -59.9334 -59.9334 0
      vertex -7.07107 -7.07107 0
    endloop
  endfacet
  facet normal -0 0 -1
    outer loop
      vertex -7.07107 -7.07107 0
      vertex -59.9334 -59.9334 0
      vertex -7.5184 -6.59346 0
    endloop
  endfacet
  facet normal -0 0 -1
    outer loop
      vertex -7.5184 -6.59346 0
      vertex -59.9334 -59.9334 0
      vertex -7.93353 -6.08761 0
    endloop
  endfacet
  facet normal 0 0 -1
    outer loop
      vertex -59.9353 -59.9319 0
      vertex -7.93353 -6.08761 0
      vertex -59.9334 -59.9334 0
    endloop
  endfacet
  facet normal 0 0 -1
    outer loop
      vertex -60.6047 -59.4183 0
      vertex -7.93353 -6.08761 0
      vertex -59.9353 -59.9319 0
    endloop
  endfacet
  facet normal -0 0 -1
    outer loop
      vertex -7.93353 -6.08761 0
      vertex -60.6047 -59.4183 0
      vertex -8.3147 -5.5557 0
    endloop
  endfacet
  facet normal 0 0 -1
    outer loop
      vertex 64.8296 1.2941 0
      vertex 81.75 0 0
      vertex 64.9039 0.975451 0
    endloop
  endfacet
  facet normal 0 0 -1
    outer loop
      vertex 64.7346 1.6072 0
      vertex 81.75 0 0
      vertex 64.8296 1.2941 0
    endloop
  endfacet
  facet normal 0 0 -1
    outer loop
      vertex 64.6194 1.91342 0
      vertex 81.75 0 0
      vertex 64.7346 1.6072 0
    endloop
  endfacet
  facet normal 0 0 -1
    outer loop
      vertex 64.4844 2.21144 0
      vertex 81.75 0 0
      vertex 64.6194 1.91342 0
    endloop
  endfacet
  facet normal 0 0 -1
    outer loop
      vertex 81.75 0 0
      vertex 65.3554 61.3842 0
      vertex 65.3563 61.3865 0
    endloop
  endfacet
  facet normal 0 0 -1
    outer loop
      vertex 81.75 0 0
      vertex 65.0325 60.6047 0
      vertex 65.3554 61.3842 0
    endloop
  endfacet
  facet normal 0 0 -1
    outer loop
      vertex 64.3301 2.5 0
      vertex 81.75 0 0
      vertex 64.4844 2.21144 0
    endloop
  endfacet
  facet normal 0 0 -1
    outer loop
      vertex 64.1573 2.77785 0
      vertex 81.75 0 0
      vertex 64.3301 2.5 0
    endloop
  endfacet
  facet normal 0 0 -1
    outer loop
      vertex 63.9668 3.04381 0
      vertex 81.75 0 0
      vertex 64.1573 2.77785 0
    endloop
  endfacet
  facet normal 0 0 -1
    outer loop
      vertex 81.75 0 0
      vertex 64.5189 59.9353 0
      vertex 65.0325 60.6047 0
    endloop
  endfacet
  facet normal 0 0 -1
    outer loop
      vertex 63.7592 3.29673 0
      vertex 81.75 0 0
      vertex 63.9668 3.04381 0
    endloop
  endfacet
  facet normal 0 0 -1
    outer loop
      vertex 81.75 0 0
      vertex 64.5174 59.9334 0
      vertex 64.5189 59.9353 0
    endloop
  endfacet
  facet normal 0 0 -1
    outer loop
      vertex 63.5355 3.53553 0
      vertex 81.75 0 0
      vertex 63.7592 3.29673 0
    endloop
  endfacet
  facet normal 0 0 -1
    outer loop
      vertex 63.2967 3.7592 0
      vertex 81.75 0 0
      vertex 63.5355 3.53553 0
    endloop
  endfacet
  facet normal 0 0 -1
    outer loop
      vertex 63.0438 3.96677 0
      vertex 81.75 0 0
      vertex 63.2967 3.7592 0
    endloop
  endfacet
  facet normal 0 0 -1
    outer loop
      vertex 81.75 0 0
      vertex 64.5154 59.9319 0
      vertex 64.5174 59.9334 0
    endloop
  endfacet
  facet normal 0 0 -1
    outer loop
      vertex 81.75 0 0
      vertex 63.8461 59.4183 0
      vertex 64.5154 59.9319 0
    endloop
  endfacet
  facet normal 0 0 -1
    outer loop
      vertex 62.7779 4.15735 0
      vertex 81.75 0 0
      vertex 63.0438 3.96677 0
    endloop
  endfacet
  facet normal 0 0 -1
    outer loop
      vertex 62.5 4.33013 0
      vertex 81.75 0 0
      vertex 62.7779 4.15735 0
    endloop
  endfacet
  facet normal 0 0 -1
    outer loop
      vertex 81.75 0 0
      vertex 62.5 4.33013 0
      vertex 63.8461 59.4183 0
    endloop
  endfacet
  facet normal 0 0 -1
    outer loop
      vertex 62.2114 4.48436 0
      vertex 63.8461 59.4183 0
      vertex 62.5 4.33013 0
    endloop
  endfacet
  facet normal 0 0 -1
    outer loop
      vertex 63.8461 59.4183 0
      vertex 62.2114 4.48436 0
      vertex 63.0666 59.0954 0
    endloop
  endfacet
  facet normal 0 0 -1
    outer loop
      vertex 63.0666 59.0954 0
      vertex 62.2114 4.48436 0
      vertex 63.0643 59.0945 0
    endloop
  endfacet
  facet normal 0 0 -1
    outer loop
      vertex 61.9134 4.6194 0
      vertex 63.0643 59.0945 0
      vertex 62.2114 4.48436 0
    endloop
  endfacet
  facet normal 0 0 -1
    outer loop
      vertex 61.6072 4.73465 0
      vertex 63.0643 59.0945 0
      vertex 61.9134 4.6194 0
    endloop
  endfacet
  facet normal 0 0 -1
    outer loop
      vertex 61.2941 4.82963 0
      vertex 63.0643 59.0945 0
      vertex 61.6072 4.73465 0
    endloop
  endfacet
  facet normal 0 0 -1
    outer loop
      vertex 60.9755 4.90393 0
      vertex 63.0643 59.0945 0
      vertex 61.2941 4.82963 0
    endloop
  endfacet
  facet normal 0 0 -1
    outer loop
      vertex 63.0643 59.0945 0
      vertex 60.9755 4.90393 0
      vertex 62.2278 58.9843 0
    endloop
  endfacet
  facet normal 0 0 -1
    outer loop
      vertex 62.2278 58.9843 0
      vertex 60.9755 4.90393 0
      vertex 62.2254 58.984 0
    endloop
  endfacet
  facet normal 0 0 -1
    outer loop
      vertex 60.6526 4.95722 0
      vertex 62.2254 58.984 0
      vertex 60.9755 4.90393 0
    endloop
  endfacet
  facet normal 0 0 -1
    outer loop
      vertex 60.327 4.98929 0
      vertex 62.2254 58.984 0
      vertex 60.6526 4.95722 0
    endloop
  endfacet
  facet normal 0 0 -1
    outer loop
      vertex 60 5 0
      vertex 62.2254 58.984 0
      vertex 60.327 4.98929 0
    endloop
  endfacet
  facet normal -0 0 -1
    outer loop
      vertex 62.2254 58.984 0
      vertex 60 5 0
      vertex 62.223 58.9843 0
    endloop
  endfacet
  facet normal 0 0 -1
    outer loop
      vertex 59.673 4.98929 0
      vertex 62.223 58.9843 0
      vertex 60 5 0
    endloop
  endfacet
  facet normal -0 0 -1
    outer loop
      vertex 62.223 58.9843 0
      vertex 59.673 4.98929 0
      vertex 61.3865 59.0945 0
    endloop
  endfacet
  facet normal 0 0 -1
    outer loop
      vertex 59.3474 4.95722 0
      vertex 61.3865 59.0945 0
      vertex 59.673 4.98929 0
    endloop
  endfacet
  facet normal 0 0 -1
    outer loop
      vertex 59.0245 4.90393 0
      vertex 61.3865 59.0945 0
      vertex 59.3474 4.95722 0
    endloop
  endfacet
  facet normal 0 0 -1
    outer loop
      vertex 58.7059 4.82963 0
      vertex 61.3865 59.0945 0
      vertex 59.0245 4.90393 0
    endloop
  endfacet
  facet normal -0 0 -1
    outer loop
      vertex 61.3865 59.0945 0
      vertex 58.7059 4.82963 0
      vertex 61.3842 59.0954 0
    endloop
  endfacet
  facet normal -0 0 -1
    outer loop
      vertex 61.3842 59.0954 0
      vertex 58.7059 4.82963 0
      vertex 60.6047 59.4183 0
    endloop
  endfacet
  facet normal 0 0 -1
    outer loop
      vertex 58.3928 4.73465 0
      vertex 60.6047 59.4183 0
      vertex 58.7059 4.82963 0
    endloop
  endfacet
  facet normal 0 0 -1
    outer loop
      vertex 58.0866 4.6194 0
      vertex 60.6047 59.4183 0
      vertex 58.3928 4.73465 0
    endloop
  endfacet
  facet normal 0 0 -1
    outer loop
      vertex 57.7886 4.48436 0
      vertex 60.6047 59.4183 0
      vertex 58.0866 4.6194 0
    endloop
  endfacet
  facet normal 0 0 -1
    outer loop
      vertex 57.5 4.33013 0
      vertex 60.6047 59.4183 0
      vertex 57.7886 4.48436 0
    endloop
  endfacet
  facet normal -0 0 -1
    outer loop
      vertex 60.6047 59.4183 0
      vertex 57.5 4.33013 0
      vertex 59.9353 59.9319 0
    endloop
  endfacet
  facet normal -0 0 -1
    outer loop
      vertex 59.9353 59.9319 0
      vertex 57.5 4.33013 0
      vertex 59.9334 59.9334 0
    endloop
  endfacet
  facet normal 0 0 -1
    outer loop
      vertex 57.2221 4.15735 0
      vertex 59.9334 59.9334 0
      vertex 57.5 4.33013 0
    endloop
  endfacet
  facet normal 0 0 -1
    outer loop
      vertex 56.9562 3.96677 0
      vertex 59.9334 59.9334 0
      vertex 57.2221 4.15735 0
    endloop
  endfacet
  facet normal 0 0 -1
    outer loop
      vertex 94.037 -1.61762 0
      vertex 106.8 0 0
      vertex 106.571 -6.98505 0
    endloop
  endfacet
  facet normal 0 0 -1
    outer loop
      vertex 92.699 -4.12091 0
      vertex 106.571 -6.98505 0
      vertex 105.886 -13.9402 0
    endloop
  endfacet
  facet normal 0 0 -1
    outer loop
      vertex 106.8 0 0
      vertex 94.1299 -1.21931 0
      vertex 94.1965 -0.815788 0
    endloop
  endfacet
  facet normal 0 0 -1
    outer loop
      vertex 90.7643 -5.60545 0
      vertex 105.886 -13.9402 0
      vertex 104.748 -20.8356 0
    endloop
  endfacet
  facet normal -0 0 -1
    outer loop
      vertex 106.8 0 0
      vertex 94.2366 -0.408769 0
      vertex 94.25 0 0
    endloop
  endfacet
  facet normal 0 0 -1
    outer loop
      vertex 88.8158 -6.19653 0
      vertex 104.748 -20.8356 0
      vertex 103.161 -27.6419 0
    endloop
  endfacet
  facet normal 0 0 -1
    outer loop
      vertex 94.1965 0.815788 0
      vertex 106.8 0 0
      vertex 94.2366 0.408769 0
    endloop
  endfacet
  facet normal 0 0 -1
    outer loop
      vertex 87.1842 -6.19653 0
      vertex 103.161 -27.6419 0
      vertex 101.132 -34.3297 0
    endloop
  endfacet
  facet normal 0 0 -1
    outer loop
      vertex 94.1299 1.21931 0
      vertex 106.8 0 0
      vertex 94.1965 0.815788 0
    endloop
  endfacet
  facet normal 0 0 -1
    outer loop
      vertex 85.991 -5.91831 0
      vertex 101.132 -34.3297 0
      vertex 98.6703 -40.8706 0
    endloop
  endfacet
  facet normal 0 0 -1
    outer loop
      vertex 94.037 1.61762 0
      vertex 106.8 0 0
      vertex 94.1299 1.21931 0
    endloop
  endfacet
  facet normal -0 0 -1
    outer loop
      vertex 88.801 -59.3349 0
      vertex 64.5174 -59.9334 0
      vertex 92.4915 -53.4 0
    endloop
  endfacet
  facet normal 0 0 -1
    outer loop
      vertex 93.9183 2.009 0
      vertex 106.571 6.98505 0
      vertex 94.037 1.61762 0
    endloop
  endfacet
  facet normal 0 0 -1
    outer loop
      vertex 93.7742 2.39177 0
      vertex 106.571 6.98505 0
      vertex 93.9183 2.009 0
    endloop
  endfacet
  facet normal 0 0 -1
    outer loop
      vertex 106.8 0 0
      vertex 94.037 1.61762 0
      vertex 106.571 6.98505 0
    endloop
  endfacet
  facet normal 0 0 -1
    outer loop
      vertex 94.2366 0.408769 0
      vertex 106.8 0 0
      vertex 94.25 0 0
    endloop
  endfacet
  facet normal 0 0 -1
    outer loop
      vertex 106.8 0 0
      vertex 94.1965 -0.815788 0
      vertex 94.2366 -0.408769 0
    endloop
  endfacet
  facet normal 0 0 -1
    outer loop
      vertex 106.8 0 0
      vertex 94.037 -1.61762 0
      vertex 94.1299 -1.21931 0
    endloop
  endfacet
  facet normal 0 0 -1
    outer loop
      vertex 106.571 -6.98505 0
      vertex 93.9183 -2.009 0
      vertex 94.037 -1.61762 0
    endloop
  endfacet
  facet normal 0 0 -1
    outer loop
      vertex 106.571 -6.98505 0
      vertex 93.7742 -2.39177 0
      vertex 93.9183 -2.009 0
    endloop
  endfacet
  facet normal 0 0 -1
    outer loop
      vertex 106.571 -6.98505 0
      vertex 93.6055 -2.7643 0
      vertex 93.7742 -2.39177 0
    endloop
  endfacet
  facet normal 0 0 -1
    outer loop
      vertex 106.571 -6.98505 0
      vertex 93.4127 -3.125 0
      vertex 93.6055 -2.7643 0
    endloop
  endfacet
  facet normal 0 0 -1
    outer loop
      vertex 106.571 -6.98505 0
      vertex 93.1967 -3.47231 0
      vertex 93.4127 -3.125 0
    endloop
  endfacet
  facet normal 0 0 -1
    outer loop
      vertex 106.571 -6.98505 0
      vertex 92.9585 -3.80476 0
      vertex 93.1967 -3.47231 0
    endloop
  endfacet
  facet normal 0 0 -1
    outer loop
      vertex 106.571 -6.98505 0
      vertex 92.699 -4.12091 0
      vertex 92.9585 -3.80476 0
    endloop
  endfacet
  facet normal 0 0 -1
    outer loop
      vertex 65.3554 -61.3842 0
      vertex 84.7301 -65.0157 0
      vertex 65.3563 -61.3865 0
    endloop
  endfacet
  facet normal 0 0 -1
    outer loop
      vertex 105.886 -13.9402 0
      vertex 92.4194 -4.41942 0
      vertex 92.699 -4.12091 0
    endloop
  endfacet
  facet normal 0 0 -1
    outer loop
      vertex 105.886 -13.9402 0
      vertex 92.1209 -4.699 0
      vertex 92.4194 -4.41942 0
    endloop
  endfacet
  facet normal 0 0 -1
    outer loop
      vertex 105.886 -13.9402 0
      vertex 91.8048 -4.95846 0
      vertex 92.1209 -4.699 0
    endloop
  endfacet
  facet normal 0 0 -1
    outer loop
      vertex 105.886 -13.9402 0
      vertex 91.4723 -5.19668 0
      vertex 91.8048 -4.95846 0
    endloop
  endfacet
  facet normal 0 0 -1
    outer loop
      vertex 105.886 -13.9402 0
      vertex 91.125 -5.41266 0
      vertex 91.4723 -5.19668 0
    endloop
  endfacet
  facet normal 0 0 -1
    outer loop
      vertex 105.886 -13.9402 0
      vertex 90.7643 -5.60545 0
      vertex 91.125 -5.41266 0
    endloop
  endfacet
  facet normal 0 0 -1
    outer loop
      vertex 104.748 -20.8356 0
      vertex 90.3918 -5.77425 0
      vertex 90.7643 -5.60545 0
    endloop
  endfacet
  facet normal 0 0 -1
    outer loop
      vertex 104.748 -20.8356 0
      vertex 90.009 -5.91831 0
      vertex 90.3918 -5.77425 0
    endloop
  endfacet
  facet normal 0 0 -1
    outer loop
      vertex 104.748 -20.8356 0
      vertex 89.6176 -6.03704 0
      vertex 90.009 -5.91831 0
    endloop
  endfacet
  facet normal 0 0 -1
    outer loop
      vertex 104.748 -20.8356 0
      vertex 89.2193 -6.12991 0
      vertex 89.6176 -6.03704 0
    endloop
  endfacet
  facet normal 0 0 -1
    outer loop
      vertex 104.748 -20.8356 0
      vertex 88.8158 -6.19653 0
      vertex 89.2193 -6.12991 0
    endloop
  endfacet
  facet normal 0 0 -1
    outer loop
      vertex 65.3563 -61.3865 0
      vertex 84.7301 -65.0157 0
      vertex 65.4665 -62.223 0
    endloop
  endfacet
  facet normal 0 0 -1
    outer loop
      vertex 103.161 -27.6419 0
      vertex 88.4088 -6.23662 0
      vertex 88.8158 -6.19653 0
    endloop
  endfacet
  facet normal 0 0 -1
    outer loop
      vertex 103.161 -27.6419 0
      vertex 88 -6.25 0
      vertex 88.4088 -6.23662 0
    endloop
  endfacet
  facet normal 0 0 -1
    outer loop
      vertex 103.161 -27.6419 0
      vertex 87.5912 -6.23662 0
      vertex 88 -6.25 0
    endloop
  endfacet
  facet normal 0 0 -1
    outer loop
      vertex 103.161 -27.6419 0
      vertex 87.1842 -6.19653 0
      vertex 87.5912 -6.23662 0
    endloop
  endfacet
  facet normal 0 0 -1
    outer loop
      vertex 101.132 -34.3297 0
      vertex 86.7807 -6.12991 0
      vertex 87.1842 -6.19653 0
    endloop
  endfacet
  facet normal 0 0 -1
    outer loop
      vertex 101.132 -34.3297 0
      vertex 86.3824 -6.03704 0
      vertex 86.7807 -6.12991 0
    endloop
  endfacet
  facet normal 0 0 -1
    outer loop
      vertex 101.132 -34.3297 0
      vertex 85.991 -5.91831 0
      vertex 86.3824 -6.03704 0
    endloop
  endfacet
  facet normal 0 0 -1
    outer loop
      vertex 98.6703 -40.8706 0
      vertex 85.6082 -5.77425 0
      vertex 85.991 -5.91831 0
    endloop
  endfacet
  facet normal 0 0 -1
    outer loop
      vertex 65.0325 -60.6047 0
      vertex 84.7301 -65.0157 0
      vertex 65.3554 -61.3842 0
    endloop
  endfacet
  facet normal 0 0 -1
    outer loop
      vertex 98.6703 -40.8706 0
      vertex 85.2357 -5.60545 0
      vertex 85.6082 -5.77425 0
    endloop
  endfacet
  facet normal 0 0 -1
    outer loop
      vertex 65.4665 -62.223 0
      vertex 84.7301 -65.0157 0
      vertex 65.4668 -62.2254 0
    endloop
  endfacet
  facet normal 0 0 -1
    outer loop
      vertex 62.2114 -4.48436 0
      vertex 85.2357 -5.60545 0
      vertex 98.6703 -40.8706 0
    endloop
  endfacet
  facet normal 0 0 -1
    outer loop
      vertex 84.7301 -65.0157 0
      vertex 65.0325 -60.6047 0
      vertex 88.801 -59.3349 0
    endloop
  endfacet
  facet normal 0 0 -1
    outer loop
      vertex 64.5189 -59.9353 0
      vertex 88.801 -59.3349 0
      vertex 65.0325 -60.6047 0
    endloop
  endfacet
  facet normal 0 0 -1
    outer loop
      vertex 64.5174 -59.9334 0
      vertex 88.801 -59.3349 0
      vertex 64.5189 -59.9353 0
    endloop
  endfacet
  facet normal 0 0 -1
    outer loop
      vertex 64.5154 -59.9319 0
      vertex 92.4915 -53.4 0
      vertex 64.5174 -59.9334 0
    endloop
  endfacet
  facet normal 0 0 -1
    outer loop
      vertex 63.8461 -59.4183 0
      vertex 92.4915 -53.4 0
      vertex 64.5154 -59.9319 0
    endloop
  endfacet
  facet normal -0 0 -1
    outer loop
      vertex 92.4915 -53.4 0
      vertex 63.8461 -59.4183 0
      vertex 95.786 -47.2364 0
    endloop
  endfacet
  facet normal -0 0 -1
    outer loop
      vertex 95.786 -47.2364 0
      vertex 63.8461 -59.4183 0
      vertex 98.6703 -40.8706 0
    endloop
  endfacet
  facet normal 0 0 -1
    outer loop
      vertex 62.2114 -4.48436 0
      vertex 98.6703 -40.8706 0
      vertex 63.8461 -59.4183 0
    endloop
  endfacet
  facet normal 0 0 -1
    outer loop
      vertex 85.2357 -5.60545 0
      vertex 62.2114 -4.48436 0
      vertex 84.875 -5.41266 0
    endloop
  endfacet
  facet normal 0 0 -1
    outer loop
      vertex 84.875 -5.41266 0
      vertex 62.2114 -4.48436 0
      vertex 84.5277 -5.19668 0
    endloop
  endfacet
  facet normal 0 -0 -1
    outer loop
      vertex 62.5 -4.33013 0
      vertex 84.5277 -5.19668 0
      vertex 62.2114 -4.48436 0
    endloop
  endfacet
  facet normal 0 0 -1
    outer loop
      vertex 84.5277 -5.19668 0
      vertex 62.5 -4.33013 0
      vertex 84.1952 -4.95846 0
    endloop
  endfacet
  facet normal 0 -0 -1
    outer loop
      vertex 62.7779 -4.15735 0
      vertex 84.1952 -4.95846 0
      vertex 62.5 -4.33013 0
    endloop
  endfacet
  facet normal 0 0 -1
    outer loop
      vertex 84.1952 -4.95846 0
      vertex 62.7779 -4.15735 0
      vertex 83.8791 -4.699 0
    endloop
  endfacet
  facet normal 0 -0 -1
    outer loop
      vertex 63.0438 -3.96677 0
      vertex 83.8791 -4.699 0
      vertex 62.7779 -4.15735 0
    endloop
  endfacet
  facet normal 0 0 -1
    outer loop
      vertex 65.4668 -62.2254 0
      vertex 84.7301 -65.0157 0
      vertex 80.2965 -70.4181 0
    endloop
  endfacet
  facet normal 0 0 -1
    outer loop
      vertex 93.6055 2.7643 0
      vertex 106.571 6.98505 0
      vertex 93.7742 2.39177 0
    endloop
  endfacet
  facet normal 0 0 -1
    outer loop
      vertex 93.4127 3.125 0
      vertex 106.571 6.98505 0
      vertex 93.6055 2.7643 0
    endloop
  endfacet
  facet normal 0 0 -1
    outer loop
      vertex 93.1967 3.47231 0
      vertex 106.571 6.98505 0
      vertex 93.4127 3.125 0
    endloop
  endfacet
  facet normal 0 0 -1
    outer loop
      vertex 92.9585 3.80476 0
      vertex 106.571 6.98505 0
      vertex 93.1967 3.47231 0
    endloop
  endfacet
  facet normal 0 0 -1
    outer loop
      vertex 92.699 4.12091 0
      vertex 106.571 6.98505 0
      vertex 92.9585 3.80476 0
    endloop
  endfacet
  facet normal -0 0 -1
    outer loop
      vertex 106.571 6.98505 0
      vertex 92.699 4.12091 0
      vertex 105.886 13.9402 0
    endloop
  endfacet
  facet normal 0 0 -1
    outer loop
      vertex 92.4194 4.41942 0
      vertex 105.886 13.9402 0
      vertex 92.699 4.12091 0
    endloop
  endfacet
  facet normal 0 0 -1
    outer loop
      vertex 92.1209 4.699 0
      vertex 105.886 13.9402 0
      vertex 92.4194 4.41942 0
    endloop
  endfacet
  facet normal 0 0 -1
    outer loop
      vertex 91.8048 4.95846 0
      vertex 105.886 13.9402 0
      vertex 92.1209 4.699 0
    endloop
  endfacet
  facet normal 0 0 -1
    outer loop
      vertex 91.4723 5.19668 0
      vertex 105.886 13.9402 0
      vertex 91.8048 4.95846 0
    endloop
  endfacet
  facet normal 0 0 -1
    outer loop
      vertex 91.125 5.41266 0
      vertex 105.886 13.9402 0
      vertex 91.4723 5.19668 0
    endloop
  endfacet
  facet normal 0 0 -1
    outer loop
      vertex 90.7643 5.60545 0
      vertex 105.886 13.9402 0
      vertex 91.125 5.41266 0
    endloop
  endfacet
  facet normal -0 0 -1
    outer loop
      vertex 105.886 13.9402 0
      vertex 90.7643 5.60545 0
      vertex 104.748 20.8356 0
    endloop
  endfacet
  facet normal 0 0 -1
    outer loop
      vertex 90.3918 5.77425 0
      vertex 104.748 20.8356 0
      vertex 90.7643 5.60545 0
    endloop
  endfacet
  facet normal 0 0 -1
    outer loop
      vertex 90.009 5.91831 0
      vertex 104.748 20.8356 0
      vertex 90.3918 5.77425 0
    endloop
  endfacet
  facet normal 0 0 -1
    outer loop
      vertex 89.6176 6.03704 0
      vertex 104.748 20.8356 0
      vertex 90.009 5.91831 0
    endloop
  endfacet
  facet normal 0 0 -1
    outer loop
      vertex 89.2193 6.12991 0
      vertex 104.748 20.8356 0
      vertex 89.6176 6.03704 0
    endloop
  endfacet
  facet normal 0 0 -1
    outer loop
      vertex 88.8158 6.19653 0
      vertex 104.748 20.8356 0
      vertex 89.2193 6.12991 0
    endloop
  endfacet
  facet normal -0 0 -1
    outer loop
      vertex 104.748 20.8356 0
      vertex 88.8158 6.19653 0
      vertex 103.161 27.6419 0
    endloop
  endfacet
  facet normal 0 0 -1
    outer loop
      vertex 88.4088 6.23662 0
      vertex 103.161 27.6419 0
      vertex 88.8158 6.19653 0
    endloop
  endfacet
  facet normal 0 0 -1
    outer loop
      vertex 88 6.25 0
      vertex 103.161 27.6419 0
      vertex 88.4088 6.23662 0
    endloop
  endfacet
  facet normal 0 0 -1
    outer loop
      vertex 87.5912 6.23662 0
      vertex 103.161 27.6419 0
      vertex 88 6.25 0
    endloop
  endfacet
  facet normal 0 0 -1
    outer loop
      vertex 87.1842 6.19653 0
      vertex 103.161 27.6419 0
      vertex 87.5912 6.23662 0
    endloop
  endfacet
  facet normal -0 0 -1
    outer loop
      vertex 103.161 27.6419 0
      vertex 87.1842 6.19653 0
      vertex 101.132 34.3297 0
    endloop
  endfacet
  facet normal 0 0 -1
    outer loop
      vertex 86.7807 6.12991 0
      vertex 101.132 34.3297 0
      vertex 87.1842 6.19653 0
    endloop
  endfacet
  facet normal 0 0 -1
    outer loop
      vertex 86.3824 6.03704 0
      vertex 101.132 34.3297 0
      vertex 86.7807 6.12991 0
    endloop
  endfacet
  facet normal 0 0 -1
    outer loop
      vertex 85.991 5.91831 0
      vertex 101.132 34.3297 0
      vertex 86.3824 6.03704 0
    endloop
  endfacet
  facet normal -0 0 -1
    outer loop
      vertex 101.132 34.3297 0
      vertex 85.991 5.91831 0
      vertex 98.6703 40.8706 0
    endloop
  endfacet
  facet normal 0 0 -1
    outer loop
      vertex 85.6082 5.77425 0
      vertex 98.6703 40.8706 0
      vertex 85.991 5.91831 0
    endloop
  endfacet
  facet normal 0 0 -1
    outer loop
      vertex 85.2357 5.60545 0
      vertex 98.6703 40.8706 0
      vertex 85.6082 5.77425 0
    endloop
  endfacet
  facet normal 0 0 -1
    outer loop
      vertex 84.875 5.41266 0
      vertex 98.6703 40.8706 0
      vertex 85.2357 5.60545 0
    endloop
  endfacet
  facet normal -0 0 -1
    outer loop
      vertex 98.6703 40.8706 0
      vertex 84.875 5.41266 0
      vertex 95.786 47.2364 0
    endloop
  endfacet
  facet normal 0 0 -1
    outer loop
      vertex 65.4668 62.2254 0
      vertex 84.875 5.41266 0
      vertex 84.5277 5.19668 0
    endloop
  endfacet
  facet normal 0 0 -1
    outer loop
      vertex 65.4668 62.2254 0
      vertex 84.5277 5.19668 0
      vertex 84.1952 4.95846 0
    endloop
  endfacet
  facet normal 0 0 -1
    outer loop
      vertex 84.875 5.41266 0
      vertex 65.4668 62.2254 0
      vertex 95.786 47.2364 0
    endloop
  endfacet
  facet normal 0 0 -1
    outer loop
      vertex 65.4668 62.2254 0
      vertex 84.1952 4.95846 0
      vertex 83.8791 4.699 0
    endloop
  endfacet
  facet normal 0 0 -1
    outer loop
      vertex 95.786 47.2364 0
      vertex 65.4668 62.2254 0
      vertex 92.4915 53.4 0
    endloop
  endfacet
  facet normal 0 0 -1
    outer loop
      vertex 65.4668 62.2254 0
      vertex 83.8791 4.699 0
      vertex 83.5806 4.41942 0
    endloop
  endfacet
  facet normal 0 0 -1
    outer loop
      vertex 65.4668 62.2254 0
      vertex 83.5806 4.41942 0
      vertex 83.301 4.12091 0
    endloop
  endfacet
  facet normal 0 0 -1
    outer loop
      vertex 92.4915 53.4 0
      vertex 65.4668 62.2254 0
      vertex 88.801 59.3349 0
    endloop
  endfacet
  facet normal 0 0 -1
    outer loop
      vertex 65.4668 62.2254 0
      vertex 83.301 4.12091 0
      vertex 83.0415 3.80476 0
    endloop
  endfacet
  facet normal 0 0 -1
    outer loop
      vertex 65.4668 62.2254 0
      vertex 83.0415 3.80476 0
      vertex 82.8033 3.47231 0
    endloop
  endfacet
  facet normal 0 0 -1
    outer loop
      vertex 65.4668 62.2254 0
      vertex 82.8033 3.47231 0
      vertex 82.5873 3.125 0
    endloop
  endfacet
  facet normal 0 0 -1
    outer loop
      vertex 65.4668 62.2254 0
      vertex 82.5873 3.125 0
      vertex 82.3945 2.7643 0
    endloop
  endfacet
  facet normal 0 0 -1
    outer loop
      vertex 65.4668 62.2254 0
      vertex 82.3945 2.7643 0
      vertex 82.2258 2.39177 0
    endloop
  endfacet
  facet normal 0 0 -1
    outer loop
      vertex 65.4668 62.2254 0
      vertex 82.2258 2.39177 0
      vertex 82.0817 2.009 0
    endloop
  endfacet
  facet normal 0 0 -1
    outer loop
      vertex 65.4668 62.2254 0
      vertex 82.0817 2.009 0
      vertex 81.963 1.61762 0
    endloop
  endfacet
  facet normal 0 0 -1
    outer loop
      vertex 65.4668 62.2254 0
      vertex 81.963 1.61762 0
      vertex 81.8701 1.21931 0
    endloop
  endfacet
  facet normal 0 0 -1
    outer loop
      vertex 65.4668 62.2254 0
      vertex 81.8701 1.21931 0
      vertex 81.8035 0.815788 0
    endloop
  endfacet
  facet normal 0 0 -1
    outer loop
      vertex 65.4668 62.2254 0
      vertex 81.8035 0.815788 0
      vertex 81.7634 0.408769 0
    endloop
  endfacet
  facet normal 0 0 -1
    outer loop
      vertex 88.801 59.3349 0
      vertex 65.4668 62.2254 0
      vertex 84.7301 65.0157 0
    endloop
  endfacet
  facet normal 0 -0 -1
    outer loop
      vertex 63.2967 -3.7592 0
      vertex 83.5806 -4.41942 0
      vertex 63.0438 -3.96677 0
    endloop
  endfacet
  facet normal 0 0 -1
    outer loop
      vertex 83.8791 -4.699 0
      vertex 63.0438 -3.96677 0
      vertex 83.5806 -4.41942 0
    endloop
  endfacet
  facet normal 0 0 -1
    outer loop
      vertex 65.0325 -63.8461 0
      vertex 80.2965 -70.4181 0
      vertex 75.519 -75.519 0
    endloop
  endfacet
  facet normal 0 0 -1
    outer loop
      vertex 81.75 0 0
      vertex 65.4668 62.2254 0
      vertex 81.7634 0.408769 0
    endloop
  endfacet
  facet normal 0 0 -1
    outer loop
      vertex 63.8461 -65.0325 0
      vertex 75.519 -75.519 0
      vertex 70.4181 -80.2965 0
    endloop
  endfacet
  facet normal -0 0 -1
    outer loop
      vertex 84.7301 65.0157 0
      vertex 65.4668 62.2254 0
      vertex 80.2965 70.4181 0
    endloop
  endfacet
  facet normal 0 0 -1
    outer loop
      vertex 65.4665 62.2278 0
      vertex 80.2965 70.4181 0
      vertex 65.4668 62.2254 0
    endloop
  endfacet
  facet normal 0 0 -1
    outer loop
      vertex 80.2965 -70.4181 0
      vertex 65.4665 -62.2278 0
      vertex 65.4668 -62.2254 0
    endloop
  endfacet
  facet normal 0 0 -1
    outer loop
      vertex 80.2965 -70.4181 0
      vertex 65.3563 -63.0643 0
      vertex 65.4665 -62.2278 0
    endloop
  endfacet
  facet normal 0 0 -1
    outer loop
      vertex 80.2965 -70.4181 0
      vertex 65.3554 -63.0666 0
      vertex 65.3563 -63.0643 0
    endloop
  endfacet
  facet normal 0 0 -1
    outer loop
      vertex 80.2965 -70.4181 0
      vertex 65.0325 -63.8461 0
      vertex 65.3554 -63.0666 0
    endloop
  endfacet
  facet normal 0 0 -1
    outer loop
      vertex 62.2254 -65.4668 0
      vertex 70.4181 -80.2965 0
      vertex 65.0157 -84.7301 0
    endloop
  endfacet
  facet normal 0 0 -1
    outer loop
      vertex 75.519 -75.519 0
      vertex 64.5189 -64.5154 0
      vertex 65.0325 -63.8461 0
    endloop
  endfacet
  facet normal 0 0 -1
    outer loop
      vertex 75.519 -75.519 0
      vertex 64.5174 -64.5174 0
      vertex 64.5189 -64.5154 0
    endloop
  endfacet
  facet normal 0 0 -1
    outer loop
      vertex 75.519 -75.519 0
      vertex 64.5154 -64.5189 0
      vertex 64.5174 -64.5174 0
    endloop
  endfacet
  facet normal 0 0 -1
    outer loop
      vertex 75.519 -75.519 0
      vertex 63.8461 -65.0325 0
      vertex 64.5154 -64.5189 0
    endloop
  endfacet
  facet normal 0 0 -1
    outer loop
      vertex 70.4181 -80.2965 0
      vertex 63.0666 -65.3554 0
      vertex 63.8461 -65.0325 0
    endloop
  endfacet
  facet normal 0 0 -1
    outer loop
      vertex 70.4181 -80.2965 0
      vertex 63.0643 -65.3563 0
      vertex 63.0666 -65.3554 0
    endloop
  endfacet
  facet normal 0 0 -1
    outer loop
      vertex 70.4181 -80.2965 0
      vertex 62.2278 -65.4665 0
      vertex 63.0643 -65.3563 0
    endloop
  endfacet
  facet normal 0 0 -1
    outer loop
      vertex 70.4181 -80.2965 0
      vertex 62.2254 -65.4668 0
      vertex 62.2278 -65.4665 0
    endloop
  endfacet
  facet normal 0 0 -1
    outer loop
      vertex 65.0157 -84.7301 0
      vertex 62.223 -65.4665 0
      vertex 62.2254 -65.4668 0
    endloop
  endfacet
  facet normal 0 0 -1
    outer loop
      vertex 65.0157 -84.7301 0
      vertex 61.3865 -65.3563 0
      vertex 62.223 -65.4665 0
    endloop
  endfacet
  facet normal 0 0 -1
    outer loop
      vertex 65.0157 -84.7301 0
      vertex 61.3842 -65.3554 0
      vertex 61.3865 -65.3563 0
    endloop
  endfacet
  facet normal 0 0 -1
    outer loop
      vertex 65.0157 -84.7301 0
      vertex 60.6047 -65.0325 0
      vertex 61.3842 -65.3554 0
    endloop
  endfacet
  facet normal 0 0 -1
    outer loop
      vertex 59.3349 -88.801 0
      vertex 60.6047 -65.0325 0
      vertex 65.0157 -84.7301 0
    endloop
  endfacet
  facet normal -0 0 -1
    outer loop
      vertex 60.6047 -65.0325 0
      vertex 59.3349 -88.801 0
      vertex 59.9353 -64.5189 0
    endloop
  endfacet
  facet normal -0 0 -1
    outer loop
      vertex 59.9353 -64.5189 0
      vertex 59.3349 -88.801 0
      vertex 59.9334 -64.5174 0
    endloop
  endfacet
  facet normal 0 0 -1
    outer loop
      vertex 53.4 -92.4915 0
      vertex 59.9334 -64.5174 0
      vertex 59.3349 -88.801 0
    endloop
  endfacet
  facet normal -0 0 -1
    outer loop
      vertex 59.9334 -64.5174 0
      vertex 53.4 -92.4915 0
      vertex 59.9319 -64.5154 0
    endloop
  endfacet
  facet normal -0 0 -1
    outer loop
      vertex 59.9319 -64.5154 0
      vertex 53.4 -92.4915 0
      vertex 59.4183 -63.8461 0
    endloop
  endfacet
  facet normal 0 0 -1
    outer loop
      vertex 47.2364 -95.786 0
      vertex 59.4183 -63.8461 0
      vertex 53.4 -92.4915 0
    endloop
  endfacet
  facet normal -0 0 -1
    outer loop
      vertex 59.4183 -63.8461 0
      vertex 47.2364 -95.786 0
      vertex 59.0954 -63.0666 0
    endloop
  endfacet
  facet normal 0 0 -1
    outer loop
      vertex 40.8706 -98.6703 0
      vertex 59.0945 -63.0643 0
      vertex 47.2364 -95.786 0
    endloop
  endfacet
  facet normal 0 0 -1
    outer loop
      vertex 60.6047 -59.4183 0
      vertex 58.3928 -4.73465 0
      vertex 58.7059 -4.82963 0
    endloop
  endfacet
  facet normal 0 0 -1
    outer loop
      vertex 60.6047 -59.4183 0
      vertex 58.0866 -4.6194 0
      vertex 58.3928 -4.73465 0
    endloop
  endfacet
  facet normal -0 0 -1
    outer loop
      vertex 59.0954 -63.0666 0
      vertex 47.2364 -95.786 0
      vertex 59.0945 -63.0643 0
    endloop
  endfacet
  facet normal 0 0 -1
    outer loop
      vertex 60.6047 -59.4183 0
      vertex 57.7886 -4.48436 0
      vertex 58.0866 -4.6194 0
    endloop
  endfacet
  facet normal 0 0 -1
    outer loop
      vertex 60.6047 -59.4183 0
      vertex 57.5 -4.33013 0
      vertex 57.7886 -4.48436 0
    endloop
  endfacet
  facet normal 0 0 -1
    outer loop
      vertex 59.9334 -59.9334 0
      vertex 57.2221 -4.15735 0
      vertex 57.5 -4.33013 0
    endloop
  endfacet
  facet normal 0 0 -1
    outer loop
      vertex 5.91831 -85.991 0
      vertex 34.3297 -101.132 0
      vertex 6.03704 -86.3824 0
    endloop
  endfacet
  facet normal 0 0 -1
    outer loop
      vertex 59.9334 -59.9334 0
      vertex 56.9562 -3.96677 0
      vertex 57.2221 -4.15735 0
    endloop
  endfacet
  facet normal 0 0 -1
    outer loop
      vertex 59.9334 -59.9334 0
      vertex 6.59346 -7.5184 0
      vertex 7.07107 -7.07107 0
    endloop
  endfacet
  facet normal 0 0 -1
    outer loop
      vertex 59.9334 -59.9334 0
      vertex 7.07107 -7.07107 0
      vertex 56.9562 -3.96677 0
    endloop
  endfacet
  facet normal -0 0 -1
    outer loop
      vertex 56.9562 -3.96677 0
      vertex 7.07107 -7.07107 0
      vertex 56.7033 -3.7592 0
    endloop
  endfacet
  facet normal 0 -0 -1
    outer loop
      vertex 7.5184 -6.59346 0
      vertex 56.7033 -3.7592 0
      vertex 7.07107 -7.07107 0
    endloop
  endfacet
  facet normal -0 0 -1
    outer loop
      vertex 56.7033 -3.7592 0
      vertex 7.5184 -6.59346 0
      vertex 56.4645 -3.53553 0
    endloop
  endfacet
  facet normal 0 -0 -1
    outer loop
      vertex 7.93353 -6.08761 0
      vertex 56.4645 -3.53553 0
      vertex 7.5184 -6.59346 0
    endloop
  endfacet
  facet normal -0 0 -1
    outer loop
      vertex 56.4645 -3.53553 0
      vertex 7.93353 -6.08761 0
      vertex 56.2408 -3.29673 0
    endloop
  endfacet
  facet normal 0 -0 -1
    outer loop
      vertex 8.3147 -5.5557 0
      vertex 56.2408 -3.29673 0
      vertex 7.93353 -6.08761 0
    endloop
  endfacet
  facet normal -0 0 -1
    outer loop
      vertex 56.2408 -3.29673 0
      vertex 8.3147 -5.5557 0
      vertex 56.0332 -3.04381 0
    endloop
  endfacet
  facet normal 0 -0 -1
    outer loop
      vertex 8.66025 -5 0
      vertex 56.0332 -3.04381 0
      vertex 8.3147 -5.5557 0
    endloop
  endfacet
  facet normal -0 0 -1
    outer loop
      vertex 56.0332 -3.04381 0
      vertex 8.66025 -5 0
      vertex 55.8427 -2.77785 0
    endloop
  endfacet
  facet normal 0 -0 -1
    outer loop
      vertex 8.96873 -4.42289 0
      vertex 55.8427 -2.77785 0
      vertex 8.66025 -5 0
    endloop
  endfacet
  facet normal 0 -0 -1
    outer loop
      vertex 9.2388 -3.82683 0
      vertex 55.6699 -2.5 0
      vertex 8.96873 -4.42289 0
    endloop
  endfacet
  facet normal -0 0 -1
    outer loop
      vertex 55.8427 -2.77785 0
      vertex 8.96873 -4.42289 0
      vertex 55.6699 -2.5 0
    endloop
  endfacet
  facet normal -0.683591 0.729865 0
    outer loop
      vertex -70.4181 80.2965 0
      vertex -75.519 75.519 3
      vertex -70.4181 80.2965 3
    endloop
  endfacet
  facet normal -0.683591 0.729865 0
    outer loop
      vertex -75.519 75.519 3
      vertex -70.4181 80.2965 0
      vertex -75.519 75.519 0
    endloop
  endfacet
  facet normal -0.935912 -0.352235 0
    outer loop
      vertex -98.6703 -40.8706 0
      vertex -101.132 -34.3297 3
      vertex -101.132 -34.3297 0
    endloop
  endfacet
  facet normal -0.935912 -0.352235 0
    outer loop
      vertex -101.132 -34.3297 3
      vertex -98.6703 -40.8706 0
      vertex -98.6703 -40.8706 3
    endloop
  endfacet
  facet normal 0.471395 -0.881922 0
    outer loop
      vertex 47.2364 -95.786 0
      vertex 53.4 -92.4915 3
      vertex 47.2364 -95.786 3
    endloop
  endfacet
  facet normal 0.471395 -0.881922 0
    outer loop
      vertex 53.4 -92.4915 3
      vertex 47.2364 -95.786 0
      vertex 53.4 -92.4915 0
    endloop
  endfacet
  facet normal 0.773013 -0.63439 0
    outer loop
      vertex 80.2965 -70.4181 3
      vertex 84.7301 -65.0157 0
      vertex 84.7301 -65.0157 3
    endloop
  endfacet
  facet normal 0.773013 -0.63439 0
    outer loop
      vertex 84.7301 -65.0157 0
      vertex 80.2965 -70.4181 3
      vertex 80.2965 -70.4181 0
    endloop
  endfacet
  facet normal 0.729865 -0.683591 0
    outer loop
      vertex 75.519 -75.519 3
      vertex 80.2965 -70.4181 0
      vertex 80.2965 -70.4181 3
    endloop
  endfacet
  facet normal 0.729865 -0.683591 0
    outer loop
      vertex 80.2965 -70.4181 0
      vertex 75.519 -75.519 3
      vertex 75.519 -75.519 0
    endloop
  endfacet
  facet normal 0.63439 0.773013 -0
    outer loop
      vertex 70.4181 80.2965 0
      vertex 65.0157 84.7301 3
      vertex 70.4181 80.2965 3
    endloop
  endfacet
  facet normal 0.63439 0.773013 0
    outer loop
      vertex 65.0157 84.7301 3
      vertex 70.4181 80.2965 0
      vertex 65.0157 84.7301 0
    endloop
  endfacet
  facet normal 0.683591 -0.729865 0
    outer loop
      vertex 70.4181 -80.2965 0
      vertex 75.519 -75.519 3
      vertex 70.4181 -80.2965 3
    endloop
  endfacet
  facet normal 0.683591 -0.729865 0
    outer loop
      vertex 75.519 -75.519 3
      vertex 70.4181 -80.2965 0
      vertex 75.519 -75.519 0
    endloop
  endfacet
  facet normal -0.956929 0.290321 0
    outer loop
      vertex -103.161 27.6419 0
      vertex -101.132 34.3297 3
      vertex -101.132 34.3297 0
    endloop
  endfacet
  facet normal -0.956929 0.290321 0
    outer loop
      vertex -101.132 34.3297 3
      vertex -103.161 27.6419 0
      vertex -103.161 27.6419 3
    endloop
  endfacet
  facet normal 0.973877 -0.227075 0
    outer loop
      vertex 103.161 -27.6419 3
      vertex 104.748 -20.8356 0
      vertex 104.748 -20.8356 3
    endloop
  endfacet
  facet normal 0.973877 -0.227075 0
    outer loop
      vertex 104.748 -20.8356 0
      vertex 103.161 -27.6419 3
      vertex 103.161 -27.6419 0
    endloop
  endfacet
  facet normal 0.935912 0.352235 0
    outer loop
      vertex 101.132 34.3297 3
      vertex 98.6703 40.8706 0
      vertex 98.6703 40.8706 3
    endloop
  endfacet
  facet normal 0.935912 0.352235 0
    outer loop
      vertex 98.6703 40.8706 0
      vertex 101.132 34.3297 3
      vertex 101.132 34.3297 0
    endloop
  endfacet
  facet normal -0.352235 -0.935912 0
    outer loop
      vertex -40.8706 -98.6703 0
      vertex -34.3297 -101.132 3
      vertex -40.8706 -98.6703 3
    endloop
  endfacet
  facet normal -0.352235 -0.935912 -0
    outer loop
      vertex -34.3297 -101.132 3
      vertex -40.8706 -98.6703 0
      vertex -34.3297 -101.132 0
    endloop
  endfacet
  facet normal -0.729865 -0.683591 0
    outer loop
      vertex -75.519 -75.519 0
      vertex -80.2965 -70.4181 3
      vertex -80.2965 -70.4181 0
    endloop
  endfacet
  facet normal -0.729865 -0.683591 0
    outer loop
      vertex -80.2965 -70.4181 3
      vertex -75.519 -75.519 0
      vertex -75.519 -75.519 3
    endloop
  endfacet
  facet normal 0.290321 -0.956929 0
    outer loop
      vertex 27.6419 -103.161 0
      vertex 34.3297 -101.132 3
      vertex 27.6419 -103.161 3
    endloop
  endfacet
  facet normal 0.290321 -0.956929 0
    outer loop
      vertex 34.3297 -101.132 3
      vertex 27.6419 -103.161 0
      vertex 34.3297 -101.132 0
    endloop
  endfacet
  facet normal 0.162835 0.986653 -0
    outer loop
      vertex 20.8356 104.748 0
      vertex 13.9402 105.886 3
      vertex 20.8356 104.748 3
    endloop
  endfacet
  facet normal 0.162835 0.986653 0
    outer loop
      vertex 13.9402 105.886 3
      vertex 20.8356 104.748 0
      vertex 13.9402 105.886 0
    endloop
  endfacet
  facet normal -0.773013 -0.63439 0
    outer loop
      vertex -80.2965 -70.4181 0
      vertex -84.7301 -65.0157 3
      vertex -84.7301 -65.0157 0
    endloop
  endfacet
  facet normal -0.773013 -0.63439 0
    outer loop
      vertex -84.7301 -65.0157 3
      vertex -80.2965 -70.4181 0
      vertex -80.2965 -70.4181 3
    endloop
  endfacet
  facet normal 0.582487 0.81284 -0
    outer loop
      vertex 65.0157 84.7301 0
      vertex 59.3349 88.801 3
      vertex 65.0157 84.7301 3
    endloop
  endfacet
  facet normal 0.582487 0.81284 0
    outer loop
      vertex 59.3349 88.801 3
      vertex 65.0157 84.7301 0
      vertex 59.3349 88.801 0
    endloop
  endfacet
  facet normal -0.162835 -0.986653 0
    outer loop
      vertex -20.8356 -104.748 0
      vertex -13.9402 -105.886 3
      vertex -20.8356 -104.748 3
    endloop
  endfacet
  facet normal -0.162835 -0.986653 -0
    outer loop
      vertex -13.9402 -105.886 3
      vertex -20.8356 -104.748 0
      vertex -13.9402 -105.886 0
    endloop
  endfacet
  facet normal -0.956929 -0.290321 0
    outer loop
      vertex -101.132 -34.3297 0
      vertex -103.161 -27.6419 3
      vertex -103.161 -27.6419 0
    endloop
  endfacet
  facet normal -0.956929 -0.290321 0
    outer loop
      vertex -103.161 -27.6419 3
      vertex -101.132 -34.3297 0
      vertex -101.132 -34.3297 3
    endloop
  endfacet
  facet normal 0.881922 -0.471395 0
    outer loop
      vertex 92.4915 -53.4 3
      vertex 95.786 -47.2364 0
      vertex 95.786 -47.2364 3
    endloop
  endfacet
  facet normal 0.881922 -0.471395 0
    outer loop
      vertex 95.786 -47.2364 0
      vertex 92.4915 -53.4 3
      vertex 92.4915 -53.4 0
    endloop
  endfacet
  facet normal 0.910864 -0.412706 0
    outer loop
      vertex 95.786 -47.2364 3
      vertex 98.6703 -40.8706 0
      vertex 98.6703 -40.8706 3
    endloop
  endfacet
  facet normal 0.910864 -0.412706 0
    outer loop
      vertex 98.6703 -40.8706 0
      vertex 95.786 -47.2364 3
      vertex 95.786 -47.2364 0
    endloop
  endfacet
  facet normal 0.290321 0.956929 -0
    outer loop
      vertex 34.3297 101.132 0
      vertex 27.6419 103.161 3
      vertex 34.3297 101.132 3
    endloop
  endfacet
  facet normal 0.290321 0.956929 0
    outer loop
      vertex 27.6419 103.161 3
      vertex 34.3297 101.132 0
      vertex 27.6419 103.161 0
    endloop
  endfacet
  facet normal 0.0327667 -0.999463 0
    outer loop
      vertex 0 -106.8 0
      vertex 6.98505 -106.571 3
      vertex 0 -106.8 3
    endloop
  endfacet
  facet normal 0.0327667 -0.999463 0
    outer loop
      vertex 6.98505 -106.571 3
      vertex 0 -106.8 0
      vertex 6.98505 -106.571 0
    endloop
  endfacet
  facet normal 0.995185 -0.098014 0
    outer loop
      vertex 105.886 -13.9402 3
      vertex 106.571 -6.98505 0
      vertex 106.571 -6.98505 3
    endloop
  endfacet
  facet normal 0.995185 -0.098014 0
    outer loop
      vertex 106.571 -6.98505 0
      vertex 105.886 -13.9402 3
      vertex 105.886 -13.9402 0
    endloop
  endfacet
  facet normal -0.773013 0.63439 0
    outer loop
      vertex -84.7301 65.0157 0
      vertex -80.2965 70.4181 3
      vertex -80.2965 70.4181 0
    endloop
  endfacet
  facet normal -0.773013 0.63439 0
    outer loop
      vertex -80.2965 70.4181 3
      vertex -84.7301 65.0157 0
      vertex -84.7301 65.0157 3
    endloop
  endfacet
  facet normal -0.999463 0.0327667 0
    outer loop
      vertex -106.8 0 0
      vertex -106.571 6.98505 3
      vertex -106.571 6.98505 0
    endloop
  endfacet
  facet normal -0.999463 0.0327667 0
    outer loop
      vertex -106.571 6.98505 3
      vertex -106.8 0 0
      vertex -106.8 0 3
    endloop
  endfacet
  facet normal -0.471395 0.881922 0
    outer loop
      vertex -47.2364 95.786 0
      vertex -53.4 92.4915 3
      vertex -47.2364 95.786 3
    endloop
  endfacet
  facet normal -0.471395 0.881922 0
    outer loop
      vertex -53.4 92.4915 3
      vertex -47.2364 95.786 0
      vertex -53.4 92.4915 0
    endloop
  endfacet
  facet normal 0.471395 0.881922 -0
    outer loop
      vertex 53.4 92.4915 0
      vertex 47.2364 95.786 3
      vertex 53.4 92.4915 3
    endloop
  endfacet
  facet normal 0.471395 0.881922 0
    outer loop
      vertex 47.2364 95.786 3
      vertex 53.4 92.4915 0
      vertex 47.2364 95.786 0
    endloop
  endfacet
  facet normal -0.412706 0.910864 0
    outer loop
      vertex -40.8706 98.6703 0
      vertex -47.2364 95.786 3
      vertex -40.8706 98.6703 3
    endloop
  endfacet
  facet normal -0.412706 0.910864 0
    outer loop
      vertex -47.2364 95.786 3
      vertex -40.8706 98.6703 0
      vertex -47.2364 95.786 0
    endloop
  endfacet
  facet normal 0.227075 -0.973877 0
    outer loop
      vertex 20.8356 -104.748 0
      vertex 27.6419 -103.161 3
      vertex 20.8356 -104.748 3
    endloop
  endfacet
  facet normal 0.227075 -0.973877 0
    outer loop
      vertex 27.6419 -103.161 3
      vertex 20.8356 -104.748 0
      vertex 27.6419 -103.161 0
    endloop
  endfacet
  facet normal -0.0327667 0.999463 0
    outer loop
      vertex 0 106.8 0
      vertex -6.98505 106.571 3
      vertex 0 106.8 3
    endloop
  endfacet
  facet normal -0.0327667 0.999463 0
    outer loop
      vertex -6.98505 106.571 3
      vertex 0 106.8 0
      vertex -6.98505 106.571 0
    endloop
  endfacet
  facet normal 0.0327667 0.999463 -0
    outer loop
      vertex 6.98505 106.571 0
      vertex 0 106.8 3
      vertex 6.98505 106.571 3
    endloop
  endfacet
  facet normal 0.0327667 0.999463 0
    outer loop
      vertex 0 106.8 3
      vertex 6.98505 106.571 0
      vertex 0 106.8 0
    endloop
  endfacet
  facet normal -0.729865 0.683591 0
    outer loop
      vertex -80.2965 70.4181 0
      vertex -75.519 75.519 3
      vertex -75.519 75.519 0
    endloop
  endfacet
  facet normal -0.729865 0.683591 0
    outer loop
      vertex -75.519 75.519 3
      vertex -80.2965 70.4181 0
      vertex -80.2965 70.4181 3
    endloop
  endfacet
  facet normal -0.683591 -0.729865 0
    outer loop
      vertex -75.519 -75.519 0
      vertex -70.4181 -80.2965 3
      vertex -75.519 -75.519 3
    endloop
  endfacet
  facet normal -0.683591 -0.729865 -0
    outer loop
      vertex -70.4181 -80.2965 3
      vertex -75.519 -75.519 0
      vertex -70.4181 -80.2965 0
    endloop
  endfacet
  facet normal 0.729865 0.683591 0
    outer loop
      vertex 80.2965 70.4181 3
      vertex 75.519 75.519 0
      vertex 75.519 75.519 3
    endloop
  endfacet
  facet normal 0.729865 0.683591 0
    outer loop
      vertex 75.519 75.519 0
      vertex 80.2965 70.4181 3
      vertex 80.2965 70.4181 0
    endloop
  endfacet
  facet normal -0.0327667 -0.999463 0
    outer loop
      vertex -6.98505 -106.571 0
      vertex 0 -106.8 3
      vertex -6.98505 -106.571 3
    endloop
  endfacet
  facet normal -0.0327667 -0.999463 -0
    outer loop
      vertex 0 -106.8 3
      vertex -6.98505 -106.571 0
      vertex 0 -106.8 0
    endloop
  endfacet
  facet normal 0.162835 -0.986653 0
    outer loop
      vertex 13.9402 -105.886 0
      vertex 20.8356 -104.748 3
      vertex 13.9402 -105.886 3
    endloop
  endfacet
  facet normal 0.162835 -0.986653 0
    outer loop
      vertex 20.8356 -104.748 3
      vertex 13.9402 -105.886 0
      vertex 20.8356 -104.748 0
    endloop
  endfacet
  facet normal -0.412706 -0.910864 0
    outer loop
      vertex -47.2364 -95.786 0
      vertex -40.8706 -98.6703 3
      vertex -47.2364 -95.786 3
    endloop
  endfacet
  facet normal -0.412706 -0.910864 -0
    outer loop
      vertex -40.8706 -98.6703 3
      vertex -47.2364 -95.786 0
      vertex -40.8706 -98.6703 0
    endloop
  endfacet
  facet normal -0.81284 0.582487 0
    outer loop
      vertex -88.801 59.3349 0
      vertex -84.7301 65.0157 3
      vertex -84.7301 65.0157 0
    endloop
  endfacet
  facet normal -0.81284 0.582487 0
    outer loop
      vertex -84.7301 65.0157 3
      vertex -88.801 59.3349 0
      vertex -88.801 59.3349 3
    endloop
  endfacet
  facet normal 0.412706 0.910864 -0
    outer loop
      vertex 47.2364 95.786 0
      vertex 40.8706 98.6703 3
      vertex 47.2364 95.786 3
    endloop
  endfacet
  facet normal 0.412706 0.910864 0
    outer loop
      vertex 40.8706 98.6703 3
      vertex 47.2364 95.786 0
      vertex 40.8706 98.6703 0
    endloop
  endfacet
  facet normal 0.528062 -0.849206 0
    outer loop
      vertex 53.4 -92.4915 0
      vertex 59.3349 -88.801 3
      vertex 53.4 -92.4915 3
    endloop
  endfacet
  facet normal 0.528062 -0.849206 0
    outer loop
      vertex 59.3349 -88.801 3
      vertex 53.4 -92.4915 0
      vertex 59.3349 -88.801 0
    endloop
  endfacet
  facet normal -0.63439 -0.773013 0
    outer loop
      vertex -70.4181 -80.2965 0
      vertex -65.0157 -84.7301 3
      vertex -70.4181 -80.2965 3
    endloop
  endfacet
  facet normal -0.63439 -0.773013 -0
    outer loop
      vertex -65.0157 -84.7301 3
      vertex -70.4181 -80.2965 0
      vertex -65.0157 -84.7301 0
    endloop
  endfacet
  facet normal -0.63439 0.773013 0
    outer loop
      vertex -65.0157 84.7301 0
      vertex -70.4181 80.2965 3
      vertex -65.0157 84.7301 3
    endloop
  endfacet
  facet normal -0.63439 0.773013 0
    outer loop
      vertex -70.4181 80.2965 3
      vertex -65.0157 84.7301 0
      vertex -70.4181 80.2965 0
    endloop
  endfacet
  facet normal -0.910864 0.412706 0
    outer loop
      vertex -98.6703 40.8706 0
      vertex -95.786 47.2364 3
      vertex -95.786 47.2364 0
    endloop
  endfacet
  facet normal -0.910864 0.412706 0
    outer loop
      vertex -95.786 47.2364 3
      vertex -98.6703 40.8706 0
      vertex -98.6703 40.8706 3
    endloop
  endfacet
  facet normal -0.81284 -0.582487 0
    outer loop
      vertex -84.7301 -65.0157 0
      vertex -88.801 -59.3349 3
      vertex -88.801 -59.3349 0
    endloop
  endfacet
  facet normal -0.81284 -0.582487 0
    outer loop
      vertex -88.801 -59.3349 3
      vertex -84.7301 -65.0157 0
      vertex -84.7301 -65.0157 3
    endloop
  endfacet
  facet normal 0.773013 0.63439 0
    outer loop
      vertex 84.7301 65.0157 3
      vertex 80.2965 70.4181 0
      vertex 80.2965 70.4181 3
    endloop
  endfacet
  facet normal 0.773013 0.63439 0
    outer loop
      vertex 80.2965 70.4181 0
      vertex 84.7301 65.0157 3
      vertex 84.7301 65.0157 0
    endloop
  endfacet
  facet normal -0.881922 -0.471395 0
    outer loop
      vertex -92.4915 -53.4 0
      vertex -95.786 -47.2364 3
      vertex -95.786 -47.2364 0
    endloop
  endfacet
  facet normal -0.881922 -0.471395 0
    outer loop
      vertex -95.786 -47.2364 3
      vertex -92.4915 -53.4 0
      vertex -92.4915 -53.4 3
    endloop
  endfacet
  facet normal -0.582487 -0.81284 0
    outer loop
      vertex -65.0157 -84.7301 0
      vertex -59.3349 -88.801 3
      vertex -65.0157 -84.7301 3
    endloop
  endfacet
  facet normal -0.582487 -0.81284 -0
    outer loop
      vertex -59.3349 -88.801 3
      vertex -65.0157 -84.7301 0
      vertex -59.3349 -88.801 0
    endloop
  endfacet
  facet normal -0.528062 -0.849206 0
    outer loop
      vertex -59.3349 -88.801 0
      vertex -53.4 -92.4915 3
      vertex -59.3349 -88.801 3
    endloop
  endfacet
  facet normal -0.528062 -0.849206 -0
    outer loop
      vertex -53.4 -92.4915 3
      vertex -59.3349 -88.801 0
      vertex -53.4 -92.4915 0
    endloop
  endfacet
  facet normal -0.471395 -0.881922 0
    outer loop
      vertex -53.4 -92.4915 0
      vertex -47.2364 -95.786 3
      vertex -53.4 -92.4915 3
    endloop
  endfacet
  facet normal -0.471395 -0.881922 -0
    outer loop
      vertex -47.2364 -95.786 3
      vertex -53.4 -92.4915 0
      vertex -47.2364 -95.786 0
    endloop
  endfacet
  facet normal 0.986642 0.162902 0
    outer loop
      vertex -9.80785 -1.9509 3
      vertex -9.91445 -1.30526 0
      vertex -9.91445 -1.30526 3
    endloop
  endfacet
  facet normal 0.986642 0.162902 0
    outer loop
      vertex -9.91445 -1.30526 0
      vertex -9.80785 -1.9509 3
      vertex -9.80785 -1.9509 0
    endloop
  endfacet
  facet normal -0.999465 -0.0327179 0
    outer loop
      vertex 10 0 0
      vertex 9.97859 0.654031 3
      vertex 9.97859 0.654031 0
    endloop
  endfacet
  facet normal -0.999465 -0.0327179 0
    outer loop
      vertex 9.97859 0.654031 3
      vertex 10 0 0
      vertex 10 0 3
    endloop
  endfacet
  facet normal -0.634384 0.773018 0
    outer loop
      vertex 6.59346 -7.5184 0
      vertex 6.08761 -7.93353 3
      vertex 6.59346 -7.5184 3
    endloop
  endfacet
  facet normal -0.634384 0.773018 0
    outer loop
      vertex 6.08761 -7.93353 3
      vertex 6.59346 -7.5184 0
      vertex 6.08761 -7.93353 0
    endloop
  endfacet
  facet normal -0.995185 -0.0980164 0
    outer loop
      vertex 9.97859 0.654031 0
      vertex 9.91445 1.30526 3
      vertex 9.91445 1.30526 0
    endloop
  endfacet
  facet normal -0.995185 -0.0980164 0
    outer loop
      vertex 9.91445 1.30526 3
      vertex 9.97859 0.654031 0
      vertex 9.97859 0.654031 3
    endloop
  endfacet
  facet normal -0.471407 0.881916 0
    outer loop
      vertex 5 -8.66025 0
      vertex 4.42289 -8.96873 3
      vertex 5 -8.66025 3
    endloop
  endfacet
  facet normal -0.471407 0.881916 0
    outer loop
      vertex 4.42289 -8.96873 3
      vertex 5 -8.66025 0
      vertex 4.42289 -8.96873 0
    endloop
  endfacet
  facet normal 0.935909 0.352242 0
    outer loop
      vertex -9.2388 -3.82683 3
      vertex -9.4693 -3.21439 0
      vertex -9.4693 -3.21439 3
    endloop
  endfacet
  facet normal 0.935909 0.352242 0
    outer loop
      vertex -9.4693 -3.21439 0
      vertex -9.2388 -3.82683 3
      vertex -9.2388 -3.82683 0
    endloop
  endfacet
  facet normal 0.999465 -0.0327179 0
    outer loop
      vertex -10 0 3
      vertex -9.97859 0.654031 0
      vertex -9.97859 0.654031 3
    endloop
  endfacet
  facet normal 0.999465 -0.0327179 0
    outer loop
      vertex -9.97859 0.654031 0
      vertex -10 0 3
      vertex -10 0 0
    endloop
  endfacet
  facet normal -0.973879 -0.227069 0
    outer loop
      vertex 9.80785 1.9509 0
      vertex 9.65926 2.58819 3
      vertex 9.65926 2.58819 0
    endloop
  endfacet
  facet normal -0.973879 -0.227069 0
    outer loop
      vertex 9.65926 2.58819 3
      vertex 9.80785 1.9509 0
      vertex 9.80785 1.9509 3
    endloop
  endfacet
  facet normal -0.412705 -0.910865 0
    outer loop
      vertex 3.82683 9.2388 0
      vertex 4.42289 8.96873 3
      vertex 3.82683 9.2388 3
    endloop
  endfacet
  facet normal -0.412705 -0.910865 -0
    outer loop
      vertex 4.42289 8.96873 3
      vertex 3.82683 9.2388 0
      vertex 4.42289 8.96873 0
    endloop
  endfacet
  facet normal 0.910865 -0.412705 0
    outer loop
      vertex -9.2388 3.82683 3
      vertex -8.96873 4.42289 0
      vertex -8.96873 4.42289 3
    endloop
  endfacet
  facet normal 0.910865 -0.412705 0
    outer loop
      vertex -8.96873 4.42289 0
      vertex -9.2388 3.82683 3
      vertex -9.2388 3.82683 0
    endloop
  endfacet
  facet normal 0.0327179 -0.999465 0
    outer loop
      vertex -0.654031 9.97859 0
      vertex 0 10 3
      vertex -0.654031 9.97859 3
    endloop
  endfacet
  facet normal 0.0327179 -0.999465 0
    outer loop
      vertex 0 10 3
      vertex -0.654031 9.97859 0
      vertex 0 10 0
    endloop
  endfacet
  facet normal 0.528061 -0.849207 0
    outer loop
      vertex -5.5557 8.3147 0
      vertex -5 8.66025 3
      vertex -5.5557 8.3147 3
    endloop
  endfacet
  facet normal 0.528061 -0.849207 0
    outer loop
      vertex -5 8.66025 3
      vertex -5.5557 8.3147 0
      vertex -5 8.66025 0
    endloop
  endfacet
  facet normal 0.849207 0.528061 0
    outer loop
      vertex -8.3147 -5.5557 3
      vertex -8.66025 -5 0
      vertex -8.66025 -5 3
    endloop
  endfacet
  facet normal 0.849207 0.528061 0
    outer loop
      vertex -8.66025 -5 0
      vertex -8.3147 -5.5557 3
      vertex -8.3147 -5.5557 0
    endloop
  endfacet
  facet normal -0.995185 0.0980164 0
    outer loop
      vertex 9.91445 -1.30526 0
      vertex 9.97859 -0.654031 3
      vertex 9.97859 -0.654031 0
    endloop
  endfacet
  facet normal -0.995185 0.0980164 0
    outer loop
      vertex 9.97859 -0.654031 3
      vertex 9.91445 -1.30526 0
      vertex 9.91445 -1.30526 3
    endloop
  endfacet
  facet normal -0.986642 0.162902 0
    outer loop
      vertex 9.80785 -1.9509 0
      vertex 9.91445 -1.30526 3
      vertex 9.91445 -1.30526 0
    endloop
  endfacet
  facet normal -0.986642 0.162902 0
    outer loop
      vertex 9.91445 -1.30526 3
      vertex 9.80785 -1.9509 0
      vertex 9.80785 -1.9509 3
    endloop
  endfacet
  facet normal 0.995185 0.0980164 0
    outer loop
      vertex -9.91445 -1.30526 3
      vertex -9.97859 -0.654031 0
      vertex -9.97859 -0.654031 3
    endloop
  endfacet
  facet normal 0.995185 0.0980164 0
    outer loop
      vertex -9.97859 -0.654031 0
      vertex -9.91445 -1.30526 3
      vertex -9.91445 -1.30526 0
    endloop
  endfacet
  facet normal 0.290291 -0.956939 0
    outer loop
      vertex -3.21439 9.4693 0
      vertex -2.58819 9.65926 3
      vertex -3.21439 9.4693 3
    endloop
  endfacet
  facet normal 0.290291 -0.956939 0
    outer loop
      vertex -2.58819 9.65926 3
      vertex -3.21439 9.4693 0
      vertex -2.58819 9.65926 0
    endloop
  endfacet
  facet normal 0.81284 0.582486 0
    outer loop
      vertex -7.93353 -6.08761 3
      vertex -8.3147 -5.5557 0
      vertex -8.3147 -5.5557 3
    endloop
  endfacet
  facet normal 0.81284 0.582486 0
    outer loop
      vertex -8.3147 -5.5557 0
      vertex -7.93353 -6.08761 3
      vertex -7.93353 -6.08761 0
    endloop
  endfacet
  facet normal -0.162902 -0.986642 0
    outer loop
      vertex 1.30526 9.91445 0
      vertex 1.9509 9.80785 3
      vertex 1.30526 9.91445 3
    endloop
  endfacet
  facet normal -0.162902 -0.986642 -0
    outer loop
      vertex 1.9509 9.80785 3
      vertex 1.30526 9.91445 0
      vertex 1.9509 9.80785 0
    endloop
  endfacet
  facet normal -0.0980164 0.995185 0
    outer loop
      vertex 1.30526 -9.91445 0
      vertex 0.654031 -9.97859 3
      vertex 1.30526 -9.91445 3
    endloop
  endfacet
  facet normal -0.0980164 0.995185 0
    outer loop
      vertex 0.654031 -9.97859 3
      vertex 1.30526 -9.91445 0
      vertex 0.654031 -9.97859 0
    endloop
  endfacet
  facet normal -0.986642 -0.162902 0
    outer loop
      vertex 9.91445 1.30526 0
      vertex 9.80785 1.9509 3
      vertex 9.80785 1.9509 0
    endloop
  endfacet
  facet normal -0.986642 -0.162902 0
    outer loop
      vertex 9.80785 1.9509 3
      vertex 9.91445 1.30526 0
      vertex 9.91445 1.30526 3
    endloop
  endfacet
  facet normal -0.773018 0.634384 0
    outer loop
      vertex 7.5184 -6.59346 0
      vertex 7.93353 -6.08761 3
      vertex 7.93353 -6.08761 0
    endloop
  endfacet
  facet normal -0.773018 0.634384 0
    outer loop
      vertex 7.93353 -6.08761 3
      vertex 7.5184 -6.59346 0
      vertex 7.5184 -6.59346 3
    endloop
  endfacet
  facet normal -0.227069 0.973879 0
    outer loop
      vertex 2.58819 -9.65926 0
      vertex 1.9509 -9.80785 3
      vertex 2.58819 -9.65926 3
    endloop
  endfacet
  facet normal -0.227069 0.973879 0
    outer loop
      vertex 1.9509 -9.80785 3
      vertex 2.58819 -9.65926 0
      vertex 1.9509 -9.80785 0
    endloop
  endfacet
  facet normal -0.910865 -0.412705 0
    outer loop
      vertex 9.2388 3.82683 0
      vertex 8.96873 4.42289 3
      vertex 8.96873 4.42289 0
    endloop
  endfacet
  facet normal -0.910865 -0.412705 0
    outer loop
      vertex 8.96873 4.42289 3
      vertex 9.2388 3.82683 0
      vertex 9.2388 3.82683 3
    endloop
  endfacet
  facet normal 0.773018 0.634384 0
    outer loop
      vertex -7.5184 -6.59346 3
      vertex -7.93353 -6.08761 0
      vertex -7.93353 -6.08761 3
    endloop
  endfacet
  facet normal 0.773018 0.634384 0
    outer loop
      vertex -7.93353 -6.08761 0
      vertex -7.5184 -6.59346 3
      vertex -7.5184 -6.59346 0
    endloop
  endfacet
  facet normal 0.81284 -0.582486 0
    outer loop
      vertex -8.3147 5.5557 3
      vertex -7.93353 6.08761 0
      vertex -7.93353 6.08761 3
    endloop
  endfacet
  facet normal 0.81284 -0.582486 0
    outer loop
      vertex -7.93353 6.08761 0
      vertex -8.3147 5.5557 3
      vertex -8.3147 5.5557 0
    endloop
  endfacet
  facet normal 0.956939 0.290291 0
    outer loop
      vertex -9.4693 -3.21439 3
      vertex -9.65926 -2.58819 0
      vertex -9.65926 -2.58819 3
    endloop
  endfacet
  facet normal 0.956939 0.290291 0
    outer loop
      vertex -9.65926 -2.58819 0
      vertex -9.4693 -3.21439 3
      vertex -9.4693 -3.21439 0
    endloop
  endfacet
  facet normal 0.881916 0.471407 0
    outer loop
      vertex -8.66025 -5 3
      vertex -8.96873 -4.42289 0
      vertex -8.96873 -4.42289 3
    endloop
  endfacet
  facet normal 0.881916 0.471407 0
    outer loop
      vertex -8.96873 -4.42289 0
      vertex -8.66025 -5 3
      vertex -8.66025 -5 0
    endloop
  endfacet
  facet normal 0.935909 -0.352242 0
    outer loop
      vertex -9.4693 3.21439 3
      vertex -9.2388 3.82683 0
      vertex -9.2388 3.82683 3
    endloop
  endfacet
  facet normal 0.935909 -0.352242 0
    outer loop
      vertex -9.2388 3.82683 0
      vertex -9.4693 3.21439 3
      vertex -9.4693 3.21439 0
    endloop
  endfacet
  facet normal -0.352242 0.935909 0
    outer loop
      vertex 3.82683 -9.2388 0
      vertex 3.21439 -9.4693 3
      vertex 3.82683 -9.2388 3
    endloop
  endfacet
  facet normal -0.352242 0.935909 0
    outer loop
      vertex 3.21439 -9.4693 3
      vertex 3.82683 -9.2388 0
      vertex 3.21439 -9.4693 0
    endloop
  endfacet
  facet normal 0.0980164 0.995185 -0
    outer loop
      vertex -0.654031 -9.97859 0
      vertex -1.30526 -9.91445 3
      vertex -0.654031 -9.97859 3
    endloop
  endfacet
  facet normal 0.0980164 0.995185 0
    outer loop
      vertex -1.30526 -9.91445 3
      vertex -0.654031 -9.97859 0
      vertex -1.30526 -9.91445 0
    endloop
  endfacet
  facet normal -0.999465 0.0327179 0
    outer loop
      vertex 9.97859 -0.654031 0
      vertex 10 0 3
      vertex 10 0 0
    endloop
  endfacet
  facet normal -0.999465 0.0327179 0
    outer loop
      vertex 10 0 3
      vertex 9.97859 -0.654031 0
      vertex 9.97859 -0.654031 3
    endloop
  endfacet
  facet normal -0.634384 -0.773018 0
    outer loop
      vertex 6.08761 7.93353 0
      vertex 6.59346 7.5184 3
      vertex 6.08761 7.93353 3
    endloop
  endfacet
  facet normal -0.634384 -0.773018 -0
    outer loop
      vertex 6.59346 7.5184 3
      vertex 6.08761 7.93353 0
      vertex 6.59346 7.5184 0
    endloop
  endfacet
  facet normal -0.582486 0.81284 0
    outer loop
      vertex 6.08761 -7.93353 0
      vertex 5.5557 -8.3147 3
      vertex 6.08761 -7.93353 3
    endloop
  endfacet
  facet normal -0.582486 0.81284 0
    outer loop
      vertex 5.5557 -8.3147 3
      vertex 6.08761 -7.93353 0
      vertex 5.5557 -8.3147 0
    endloop
  endfacet
  facet normal -0.729865 0.683592 0
    outer loop
      vertex 7.07107 -7.07107 0
      vertex 7.5184 -6.59346 3
      vertex 7.5184 -6.59346 0
    endloop
  endfacet
  facet normal -0.729865 0.683592 0
    outer loop
      vertex 7.5184 -6.59346 3
      vertex 7.07107 -7.07107 0
      vertex 7.07107 -7.07107 3
    endloop
  endfacet
  facet normal -0.0980164 -0.995185 0
    outer loop
      vertex 0.654031 9.97859 0
      vertex 1.30526 9.91445 3
      vertex 0.654031 9.97859 3
    endloop
  endfacet
  facet normal -0.0980164 -0.995185 -0
    outer loop
      vertex 1.30526 9.91445 3
      vertex 0.654031 9.97859 0
      vertex 1.30526 9.91445 0
    endloop
  endfacet
  facet normal -0.935909 -0.352242 0
    outer loop
      vertex 9.4693 3.21439 0
      vertex 9.2388 3.82683 3
      vertex 9.2388 3.82683 0
    endloop
  endfacet
  facet normal -0.935909 -0.352242 0
    outer loop
      vertex 9.2388 3.82683 3
      vertex 9.4693 3.21439 0
      vertex 9.4693 3.21439 3
    endloop
  endfacet
  facet normal 0.471407 -0.881916 0
    outer loop
      vertex -5 8.66025 0
      vertex -4.42289 8.96873 3
      vertex -5 8.66025 3
    endloop
  endfacet
  facet normal 0.471407 -0.881916 0
    outer loop
      vertex -4.42289 8.96873 3
      vertex -5 8.66025 0
      vertex -4.42289 8.96873 0
    endloop
  endfacet
  facet normal 0.162902 0.986642 -0
    outer loop
      vertex -1.30526 -9.91445 0
      vertex -1.9509 -9.80785 3
      vertex -1.30526 -9.91445 3
    endloop
  endfacet
  facet normal 0.162902 0.986642 0
    outer loop
      vertex -1.9509 -9.80785 3
      vertex -1.30526 -9.91445 0
      vertex -1.9509 -9.80785 0
    endloop
  endfacet
  facet normal 0.0980164 -0.995185 0
    outer loop
      vertex -1.30526 9.91445 0
      vertex -0.654031 9.97859 3
      vertex -1.30526 9.91445 3
    endloop
  endfacet
  facet normal 0.0980164 -0.995185 0
    outer loop
      vertex -0.654031 9.97859 3
      vertex -1.30526 9.91445 0
      vertex -0.654031 9.97859 0
    endloop
  endfacet
  facet normal 0.352242 0.935909 -0
    outer loop
      vertex -3.21439 -9.4693 0
      vertex -3.82683 -9.2388 3
      vertex -3.21439 -9.4693 3
    endloop
  endfacet
  facet normal 0.352242 0.935909 0
    outer loop
      vertex -3.82683 -9.2388 3
      vertex -3.21439 -9.4693 0
      vertex -3.82683 -9.2388 0
    endloop
  endfacet
  facet normal 0.683592 -0.729865 0
    outer loop
      vertex -7.07107 7.07107 0
      vertex -6.59346 7.5184 3
      vertex -7.07107 7.07107 3
    endloop
  endfacet
  facet normal 0.683592 -0.729865 0
    outer loop
      vertex -6.59346 7.5184 3
      vertex -7.07107 7.07107 0
      vertex -6.59346 7.5184 0
    endloop
  endfacet
  facet normal -0.729865 -0.683592 0
    outer loop
      vertex 7.5184 6.59346 0
      vertex 7.07107 7.07107 3
      vertex 7.07107 7.07107 0
    endloop
  endfacet
  facet normal -0.729865 -0.683592 0
    outer loop
      vertex 7.07107 7.07107 3
      vertex 7.5184 6.59346 0
      vertex 7.5184 6.59346 3
    endloop
  endfacet
  facet normal -0.81284 -0.582486 0
    outer loop
      vertex 8.3147 5.5557 0
      vertex 7.93353 6.08761 3
      vertex 7.93353 6.08761 0
    endloop
  endfacet
  facet normal -0.81284 -0.582486 0
    outer loop
      vertex 7.93353 6.08761 3
      vertex 8.3147 5.5557 0
      vertex 8.3147 5.5557 3
    endloop
  endfacet
  facet normal -0.0327179 -0.999465 0
    outer loop
      vertex 0 10 0
      vertex 0.654031 9.97859 3
      vertex 0 10 3
    endloop
  endfacet
  facet normal -0.0327179 -0.999465 -0
    outer loop
      vertex 0.654031 9.97859 3
      vertex 0 10 0
      vertex 0.654031 9.97859 0
    endloop
  endfacet
  facet normal -0.0327179 0.999465 0
    outer loop
      vertex 0.654031 -9.97859 0
      vertex 0 -10 3
      vertex 0.654031 -9.97859 3
    endloop
  endfacet
  facet normal -0.0327179 0.999465 0
    outer loop
      vertex 0 -10 3
      vertex 0.654031 -9.97859 0
      vertex 0 -10 0
    endloop
  endfacet
  facet normal 0.849207 -0.528061 0
    outer loop
      vertex -8.66025 5 3
      vertex -8.3147 5.5557 0
      vertex -8.3147 5.5557 3
    endloop
  endfacet
  facet normal 0.849207 -0.528061 0
    outer loop
      vertex -8.3147 5.5557 0
      vertex -8.66025 5 3
      vertex -8.66025 5 0
    endloop
  endfacet
  facet normal -0.290291 0.956939 0
    outer loop
      vertex 3.21439 -9.4693 0
      vertex 2.58819 -9.65926 3
      vertex 3.21439 -9.4693 3
    endloop
  endfacet
  facet normal -0.290291 0.956939 0
    outer loop
      vertex 2.58819 -9.65926 3
      vertex 3.21439 -9.4693 0
      vertex 2.58819 -9.65926 0
    endloop
  endfacet
  facet normal 0.729865 0.683592 0
    outer loop
      vertex -7.07107 -7.07107 3
      vertex -7.5184 -6.59346 0
      vertex -7.5184 -6.59346 3
    endloop
  endfacet
  facet normal 0.729865 0.683592 0
    outer loop
      vertex -7.5184 -6.59346 0
      vertex -7.07107 -7.07107 3
      vertex -7.07107 -7.07107 0
    endloop
  endfacet
  facet normal -0.162902 0.986642 0
    outer loop
      vertex 1.9509 -9.80785 0
      vertex 1.30526 -9.91445 3
      vertex 1.9509 -9.80785 3
    endloop
  endfacet
  facet normal -0.162902 0.986642 0
    outer loop
      vertex 1.30526 -9.91445 3
      vertex 1.9509 -9.80785 0
      vertex 1.30526 -9.91445 0
    endloop
  endfacet
  facet normal -0.683592 -0.729865 0
    outer loop
      vertex 6.59346 7.5184 0
      vertex 7.07107 7.07107 3
      vertex 6.59346 7.5184 3
    endloop
  endfacet
  facet normal -0.683592 -0.729865 -0
    outer loop
      vertex 7.07107 7.07107 3
      vertex 6.59346 7.5184 0
      vertex 7.07107 7.07107 0
    endloop
  endfacet
  facet normal -0.582486 -0.81284 0
    outer loop
      vertex 5.5557 8.3147 0
      vertex 6.08761 7.93353 3
      vertex 5.5557 8.3147 3
    endloop
  endfacet
  facet normal -0.582486 -0.81284 -0
    outer loop
      vertex 6.08761 7.93353 3
      vertex 5.5557 8.3147 0
      vertex 6.08761 7.93353 0
    endloop
  endfacet
  facet normal 0.582486 -0.81284 0
    outer loop
      vertex -6.08761 7.93353 0
      vertex -5.5557 8.3147 3
      vertex -6.08761 7.93353 3
    endloop
  endfacet
  facet normal 0.582486 -0.81284 0
    outer loop
      vertex -5.5557 8.3147 3
      vertex -6.08761 7.93353 0
      vertex -5.5557 8.3147 0
    endloop
  endfacet
  facet normal 0.352242 -0.935909 0
    outer loop
      vertex -3.82683 9.2388 0
      vertex -3.21439 9.4693 3
      vertex -3.82683 9.2388 3
    endloop
  endfacet
  facet normal 0.352242 -0.935909 0
    outer loop
      vertex -3.21439 9.4693 3
      vertex -3.82683 9.2388 0
      vertex -3.21439 9.4693 0
    endloop
  endfacet
  facet normal -0.910865 0.412705 0
    outer loop
      vertex 8.96873 -4.42289 0
      vertex 9.2388 -3.82683 3
      vertex 9.2388 -3.82683 0
    endloop
  endfacet
  facet normal -0.910865 0.412705 0
    outer loop
      vertex 9.2388 -3.82683 3
      vertex 8.96873 -4.42289 0
      vertex 8.96873 -4.42289 3
    endloop
  endfacet
  facet normal 0.729865 -0.683592 0
    outer loop
      vertex -7.5184 6.59346 3
      vertex -7.07107 7.07107 0
      vertex -7.07107 7.07107 3
    endloop
  endfacet
  facet normal 0.729865 -0.683592 0
    outer loop
      vertex -7.07107 7.07107 0
      vertex -7.5184 6.59346 3
      vertex -7.5184 6.59346 0
    endloop
  endfacet
  facet normal -0.81284 0.582486 0
    outer loop
      vertex 7.93353 -6.08761 0
      vertex 8.3147 -5.5557 3
      vertex 8.3147 -5.5557 0
    endloop
  endfacet
  facet normal -0.81284 0.582486 0
    outer loop
      vertex 8.3147 -5.5557 3
      vertex 7.93353 -6.08761 0
      vertex 7.93353 -6.08761 3
    endloop
  endfacet
  facet normal 0.973879 -0.227069 0
    outer loop
      vertex -9.80785 1.9509 3
      vertex -9.65926 2.58819 0
      vertex -9.65926 2.58819 3
    endloop
  endfacet
  facet normal 0.973879 -0.227069 0
    outer loop
      vertex -9.65926 2.58819 0
      vertex -9.80785 1.9509 3
      vertex -9.80785 1.9509 0
    endloop
  endfacet
  facet normal 0.471407 0.881916 -0
    outer loop
      vertex -4.42289 -8.96873 0
      vertex -5 -8.66025 3
      vertex -4.42289 -8.96873 3
    endloop
  endfacet
  facet normal 0.471407 0.881916 0
    outer loop
      vertex -5 -8.66025 3
      vertex -4.42289 -8.96873 0
      vertex -5 -8.66025 0
    endloop
  endfacet
  facet normal 0.162902 -0.986642 0
    outer loop
      vertex -1.9509 9.80785 0
      vertex -1.30526 9.91445 3
      vertex -1.9509 9.80785 3
    endloop
  endfacet
  facet normal 0.162902 -0.986642 0
    outer loop
      vertex -1.30526 9.91445 3
      vertex -1.9509 9.80785 0
      vertex -1.30526 9.91445 0
    endloop
  endfacet
  facet normal -0.849207 -0.528061 0
    outer loop
      vertex 8.66025 5 0
      vertex 8.3147 5.5557 3
      vertex 8.3147 5.5557 0
    endloop
  endfacet
  facet normal -0.849207 -0.528061 0
    outer loop
      vertex 8.3147 5.5557 3
      vertex 8.66025 5 0
      vertex 8.66025 5 3
    endloop
  endfacet
  facet normal -0.935909 0.352242 0
    outer loop
      vertex 9.2388 -3.82683 0
      vertex 9.4693 -3.21439 3
      vertex 9.4693 -3.21439 0
    endloop
  endfacet
  facet normal -0.935909 0.352242 0
    outer loop
      vertex 9.4693 -3.21439 3
      vertex 9.2388 -3.82683 0
      vertex 9.2388 -3.82683 3
    endloop
  endfacet
  facet normal -0.956939 -0.290291 0
    outer loop
      vertex 9.65926 2.58819 0
      vertex 9.4693 3.21439 3
      vertex 9.4693 3.21439 0
    endloop
  endfacet
  facet normal -0.956939 -0.290291 0
    outer loop
      vertex 9.4693 3.21439 3
      vertex 9.65926 2.58819 0
      vertex 9.65926 2.58819 3
    endloop
  endfacet
  facet normal 0.999465 0.0327179 0
    outer loop
      vertex -9.97859 -0.654031 3
      vertex -10 0 0
      vertex -10 0 3
    endloop
  endfacet
  facet normal 0.999465 0.0327179 0
    outer loop
      vertex -10 0 0
      vertex -9.97859 -0.654031 3
      vertex -9.97859 -0.654031 0
    endloop
  endfacet
  facet normal 0.910865 0.412705 0
    outer loop
      vertex -8.96873 -4.42289 3
      vertex -9.2388 -3.82683 0
      vertex -9.2388 -3.82683 3
    endloop
  endfacet
  facet normal 0.910865 0.412705 0
    outer loop
      vertex -9.2388 -3.82683 0
      vertex -8.96873 -4.42289 3
      vertex -8.96873 -4.42289 0
    endloop
  endfacet
  facet normal 0.412705 -0.910865 0
    outer loop
      vertex -4.42289 8.96873 0
      vertex -3.82683 9.2388 3
      vertex -4.42289 8.96873 3
    endloop
  endfacet
  facet normal 0.412705 -0.910865 0
    outer loop
      vertex -3.82683 9.2388 3
      vertex -4.42289 8.96873 0
      vertex -3.82683 9.2388 0
    endloop
  endfacet
  facet normal 0.634384 -0.773018 0
    outer loop
      vertex -6.59346 7.5184 0
      vertex -6.08761 7.93353 3
      vertex -6.59346 7.5184 3
    endloop
  endfacet
  facet normal 0.634384 -0.773018 0
    outer loop
      vertex -6.08761 7.93353 3
      vertex -6.59346 7.5184 0
      vertex -6.08761 7.93353 0
    endloop
  endfacet
  facet normal 0.0327179 0.999465 -0
    outer loop
      vertex 0 -10 0
      vertex -0.654031 -9.97859 3
      vertex 0 -10 3
    endloop
  endfacet
  facet normal 0.0327179 0.999465 0
    outer loop
      vertex -0.654031 -9.97859 3
      vertex 0 -10 0
      vertex -0.654031 -9.97859 0
    endloop
  endfacet
  facet normal -0.412705 0.910865 0
    outer loop
      vertex 4.42289 -8.96873 0
      vertex 3.82683 -9.2388 3
      vertex 4.42289 -8.96873 3
    endloop
  endfacet
  facet normal -0.412705 0.910865 0
    outer loop
      vertex 3.82683 -9.2388 3
      vertex 4.42289 -8.96873 0
      vertex 3.82683 -9.2388 0
    endloop
  endfacet
  facet normal 0.881916 -0.471407 0
    outer loop
      vertex -8.96873 4.42289 3
      vertex -8.66025 5 0
      vertex -8.66025 5 3
    endloop
  endfacet
  facet normal 0.881916 -0.471407 0
    outer loop
      vertex -8.66025 5 0
      vertex -8.96873 4.42289 3
      vertex -8.96873 4.42289 0
    endloop
  endfacet
  facet normal -0.881916 0.471407 0
    outer loop
      vertex 8.66025 -5 0
      vertex 8.96873 -4.42289 3
      vertex 8.96873 -4.42289 0
    endloop
  endfacet
  facet normal -0.881916 0.471407 0
    outer loop
      vertex 8.96873 -4.42289 3
      vertex 8.66025 -5 0
      vertex 8.66025 -5 3
    endloop
  endfacet
  facet normal 0.683592 0.729865 -0
    outer loop
      vertex -6.59346 -7.5184 0
      vertex -7.07107 -7.07107 3
      vertex -6.59346 -7.5184 3
    endloop
  endfacet
  facet normal 0.683592 0.729865 0
    outer loop
      vertex -7.07107 -7.07107 3
      vertex -6.59346 -7.5184 0
      vertex -7.07107 -7.07107 0
    endloop
  endfacet
  facet normal -0.881916 -0.471407 0
    outer loop
      vertex 8.96873 4.42289 0
      vertex 8.66025 5 3
      vertex 8.66025 5 0
    endloop
  endfacet
  facet normal -0.881916 -0.471407 0
    outer loop
      vertex 8.66025 5 3
      vertex 8.96873 4.42289 0
      vertex 8.96873 4.42289 3
    endloop
  endfacet
  facet normal 0.227069 0.973879 -0
    outer loop
      vertex -1.9509 -9.80785 0
      vertex -2.58819 -9.65926 3
      vertex -1.9509 -9.80785 3
    endloop
  endfacet
  facet normal 0.227069 0.973879 0
    outer loop
      vertex -2.58819 -9.65926 3
      vertex -1.9509 -9.80785 0
      vertex -2.58819 -9.65926 0
    endloop
  endfacet
  facet normal 0.986642 -0.162902 0
    outer loop
      vertex -9.91445 1.30526 3
      vertex -9.80785 1.9509 0
      vertex -9.80785 1.9509 3
    endloop
  endfacet
  facet normal 0.986642 -0.162902 0
    outer loop
      vertex -9.80785 1.9509 0
      vertex -9.91445 1.30526 3
      vertex -9.91445 1.30526 0
    endloop
  endfacet
  facet normal -0.683592 0.729865 0
    outer loop
      vertex 7.07107 -7.07107 0
      vertex 6.59346 -7.5184 3
      vertex 7.07107 -7.07107 3
    endloop
  endfacet
  facet normal -0.683592 0.729865 0
    outer loop
      vertex 6.59346 -7.5184 3
      vertex 7.07107 -7.07107 0
      vertex 6.59346 -7.5184 0
    endloop
  endfacet
  facet normal -0.773018 -0.634384 0
    outer loop
      vertex 7.93353 6.08761 0
      vertex 7.5184 6.59346 3
      vertex 7.5184 6.59346 0
    endloop
  endfacet
  facet normal -0.773018 -0.634384 0
    outer loop
      vertex 7.5184 6.59346 3
      vertex 7.93353 6.08761 0
      vertex 7.93353 6.08761 3
    endloop
  endfacet
  facet normal 0.582486 0.81284 -0
    outer loop
      vertex -5.5557 -8.3147 0
      vertex -6.08761 -7.93353 3
      vertex -5.5557 -8.3147 3
    endloop
  endfacet
  facet normal 0.582486 0.81284 0
    outer loop
      vertex -6.08761 -7.93353 3
      vertex -5.5557 -8.3147 0
      vertex -6.08761 -7.93353 0
    endloop
  endfacet
  facet normal -0.528061 0.849207 0
    outer loop
      vertex 5.5557 -8.3147 0
      vertex 5 -8.66025 3
      vertex 5.5557 -8.3147 3
    endloop
  endfacet
  facet normal -0.528061 0.849207 0
    outer loop
      vertex 5 -8.66025 3
      vertex 5.5557 -8.3147 0
      vertex 5 -8.66025 0
    endloop
  endfacet
  facet normal -0.290291 -0.956939 0
    outer loop
      vertex 2.58819 9.65926 0
      vertex 3.21439 9.4693 3
      vertex 2.58819 9.65926 3
    endloop
  endfacet
  facet normal -0.290291 -0.956939 -0
    outer loop
      vertex 3.21439 9.4693 3
      vertex 2.58819 9.65926 0
      vertex 3.21439 9.4693 0
    endloop
  endfacet
  facet normal -0.849207 0.528061 0
    outer loop
      vertex 8.3147 -5.5557 0
      vertex 8.66025 -5 3
      vertex 8.66025 -5 0
    endloop
  endfacet
  facet normal -0.849207 0.528061 0
    outer loop
      vertex 8.66025 -5 3
      vertex 8.3147 -5.5557 0
      vertex 8.3147 -5.5557 3
    endloop
  endfacet
  facet normal -0.471407 -0.881916 0
    outer loop
      vertex 4.42289 8.96873 0
      vertex 5 8.66025 3
      vertex 4.42289 8.96873 3
    endloop
  endfacet
  facet normal -0.471407 -0.881916 -0
    outer loop
      vertex 5 8.66025 3
      vertex 4.42289 8.96873 0
      vertex 5 8.66025 0
    endloop
  endfacet
  facet normal -0.528061 -0.849207 0
    outer loop
      vertex 5 8.66025 0
      vertex 5.5557 8.3147 3
      vertex 5 8.66025 3
    endloop
  endfacet
  facet normal -0.528061 -0.849207 -0
    outer loop
      vertex 5.5557 8.3147 3
      vertex 5 8.66025 0
      vertex 5.5557 8.3147 0
    endloop
  endfacet
  facet normal -0.956939 0.290291 0
    outer loop
      vertex 9.4693 -3.21439 0
      vertex 9.65926 -2.58819 3
      vertex 9.65926 -2.58819 0
    endloop
  endfacet
  facet normal -0.956939 0.290291 0
    outer loop
      vertex 9.65926 -2.58819 3
      vertex 9.4693 -3.21439 0
      vertex 9.4693 -3.21439 3
    endloop
  endfacet
  facet normal -0.973879 0.227069 0
    outer loop
      vertex 9.65926 -2.58819 0
      vertex 9.80785 -1.9509 3
      vertex 9.80785 -1.9509 0
    endloop
  endfacet
  facet normal -0.973879 0.227069 0
    outer loop
      vertex 9.80785 -1.9509 3
      vertex 9.65926 -2.58819 0
      vertex 9.65926 -2.58819 3
    endloop
  endfacet
  facet normal 0.290291 0.956939 -0
    outer loop
      vertex -2.58819 -9.65926 0
      vertex -3.21439 -9.4693 3
      vertex -2.58819 -9.65926 3
    endloop
  endfacet
  facet normal 0.290291 0.956939 0
    outer loop
      vertex -3.21439 -9.4693 3
      vertex -2.58819 -9.65926 0
      vertex -3.21439 -9.4693 0
    endloop
  endfacet
  facet normal -0.352242 -0.935909 0
    outer loop
      vertex 3.21439 9.4693 0
      vertex 3.82683 9.2388 3
      vertex 3.21439 9.4693 3
    endloop
  endfacet
  facet normal -0.352242 -0.935909 -0
    outer loop
      vertex 3.82683 9.2388 3
      vertex 3.21439 9.4693 0
      vertex 3.82683 9.2388 0
    endloop
  endfacet
  facet normal 0.956939 -0.290291 0
    outer loop
      vertex -9.65926 2.58819 3
      vertex -9.4693 3.21439 0
      vertex -9.4693 3.21439 3
    endloop
  endfacet
  facet normal 0.956939 -0.290291 0
    outer loop
      vertex -9.4693 3.21439 0
      vertex -9.65926 2.58819 3
      vertex -9.65926 2.58819 0
    endloop
  endfacet
  facet normal 0.227069 -0.973879 0
    outer loop
      vertex -2.58819 9.65926 0
      vertex -1.9509 9.80785 3
      vertex -2.58819 9.65926 3
    endloop
  endfacet
  facet normal 0.227069 -0.973879 0
    outer loop
      vertex -1.9509 9.80785 3
      vertex -2.58819 9.65926 0
      vertex -1.9509 9.80785 0
    endloop
  endfacet
  facet normal 0.412705 0.910865 -0
    outer loop
      vertex -3.82683 -9.2388 0
      vertex -4.42289 -8.96873 3
      vertex -3.82683 -9.2388 3
    endloop
  endfacet
  facet normal 0.412705 0.910865 0
    outer loop
      vertex -4.42289 -8.96873 3
      vertex -3.82683 -9.2388 0
      vertex -4.42289 -8.96873 0
    endloop
  endfacet
  facet normal 0.634384 0.773018 -0
    outer loop
      vertex -6.08761 -7.93353 0
      vertex -6.59346 -7.5184 3
      vertex -6.08761 -7.93353 3
    endloop
  endfacet
  facet normal 0.634384 0.773018 0
    outer loop
      vertex -6.59346 -7.5184 3
      vertex -6.08761 -7.93353 0
      vertex -6.59346 -7.5184 0
    endloop
  endfacet
  facet normal 0.773018 -0.634384 0
    outer loop
      vertex -7.93353 6.08761 3
      vertex -7.5184 6.59346 0
      vertex -7.5184 6.59346 3
    endloop
  endfacet
  facet normal 0.773018 -0.634384 0
    outer loop
      vertex -7.5184 6.59346 0
      vertex -7.93353 6.08761 3
      vertex -7.93353 6.08761 0
    endloop
  endfacet
  facet normal 0.995185 -0.0980164 0
    outer loop
      vertex -9.97859 0.654031 3
      vertex -9.91445 1.30526 0
      vertex -9.91445 1.30526 3
    endloop
  endfacet
  facet normal 0.995185 -0.0980164 0
    outer loop
      vertex -9.91445 1.30526 0
      vertex -9.97859 0.654031 3
      vertex -9.97859 0.654031 0
    endloop
  endfacet
  facet normal 0.973879 0.227069 0
    outer loop
      vertex -9.65926 -2.58819 3
      vertex -9.80785 -1.9509 0
      vertex -9.80785 -1.9509 3
    endloop
  endfacet
  facet normal 0.973879 0.227069 0
    outer loop
      vertex -9.80785 -1.9509 0
      vertex -9.65926 -2.58819 3
      vertex -9.65926 -2.58819 0
    endloop
  endfacet
  facet normal 0.528061 0.849207 -0
    outer loop
      vertex -5 -8.66025 0
      vertex -5.5557 -8.3147 3
      vertex -5 -8.66025 3
    endloop
  endfacet
  facet normal 0.528061 0.849207 0
    outer loop
      vertex -5.5557 -8.3147 3
      vertex -5 -8.66025 0
      vertex -5.5557 -8.3147 0
    endloop
  endfacet
  facet normal -0.227069 -0.973879 0
    outer loop
      vertex 1.9509 9.80785 0
      vertex 2.58819 9.65926 3
      vertex 1.9509 9.80785 3
    endloop
  endfacet
  facet normal -0.227069 -0.973879 -0
    outer loop
      vertex 2.58819 9.65926 3
      vertex 1.9509 9.80785 0
      vertex 2.58819 9.65926 0
    endloop
  endfacet
  facet normal 0.986642 0.162902 0
    outer loop
      vertex 55.0961 -0.975451 3
      vertex 55.0428 -0.652631 0
      vertex 55.0428 -0.652631 3
    endloop
  endfacet
  facet normal 0.986642 0.162902 0
    outer loop
      vertex 55.0428 -0.652631 0
      vertex 55.0961 -0.975451 3
      vertex 55.0961 -0.975451 0
    endloop
  endfacet
  facet normal -0.995176 -0.0981068 0
    outer loop
      vertex 64.9893 0.327015 0
      vertex 64.9572 0.652631 3
      vertex 64.9572 0.652631 0
    endloop
  endfacet
  facet normal -0.995176 -0.0981068 0
    outer loop
      vertex 64.9572 0.652631 3
      vertex 64.9893 0.327015 0
      vertex 64.9893 0.327015 3
    endloop
  endfacet
  facet normal -0.999465 -0.0327027 0
    outer loop
      vertex 65 0 0
      vertex 64.9893 0.327015 3
      vertex 64.9893 0.327015 0
    endloop
  endfacet
  facet normal -0.999465 -0.0327027 0
    outer loop
      vertex 64.9893 0.327015 3
      vertex 65 0 0
      vertex 65 0 3
    endloop
  endfacet
  facet normal -0.162833 -0.986654 0
    outer loop
      vertex 60.6526 4.95722 0
      vertex 60.9755 4.90393 3
      vertex 60.6526 4.95722 3
    endloop
  endfacet
  facet normal -0.162833 -0.986654 -0
    outer loop
      vertex 60.9755 4.90393 3
      vertex 60.6526 4.95722 0
      vertex 60.9755 4.90393 0
    endloop
  endfacet
  facet normal 0.582556 -0.812791 0
    outer loop
      vertex 56.9562 3.96677 0
      vertex 57.2221 4.15735 3
      vertex 56.9562 3.96677 3
    endloop
  endfacet
  facet normal 0.582556 -0.812791 0
    outer loop
      vertex 57.2221 4.15735 3
      vertex 56.9562 3.96677 0
      vertex 57.2221 4.15735 0
    endloop
  endfacet
  facet normal -0.849172 -0.528116 0
    outer loop
      vertex 64.3301 2.5 0
      vertex 64.1573 2.77785 3
      vertex 64.1573 2.77785 0
    endloop
  endfacet
  facet normal -0.849172 -0.528116 0
    outer loop
      vertex 64.1573 2.77785 3
      vertex 64.3301 2.5 0
      vertex 64.3301 2.5 3
    endloop
  endfacet
  facet normal -0.812969 -0.582308 0
    outer loop
      vertex 64.1573 2.77785 0
      vertex 63.9668 3.04381 3
      vertex 63.9668 3.04381 0
    endloop
  endfacet
  facet normal -0.812969 -0.582308 0
    outer loop
      vertex 63.9668 3.04381 3
      vertex 64.1573 2.77785 0
      vertex 64.1573 2.77785 3
    endloop
  endfacet
  facet normal -0.956922 -0.290347 0
    outer loop
      vertex 64.8296 1.2941 0
      vertex 64.7346 1.6072 3
      vertex 64.7346 1.6072 0
    endloop
  endfacet
  facet normal -0.956922 -0.290347 0
    outer loop
      vertex 64.7346 1.6072 3
      vertex 64.8296 1.2941 0
      vertex 64.8296 1.2941 3
    endloop
  endfacet
  facet normal -0.956922 0.290347 0
    outer loop
      vertex 64.7346 -1.6072 0
      vertex 64.8296 -1.2941 3
      vertex 64.8296 -1.2941 0
    endloop
  endfacet
  facet normal -0.956922 0.290347 0
    outer loop
      vertex 64.8296 -1.2941 3
      vertex 64.7346 -1.6072 0
      vertex 64.7346 -1.6072 3
    endloop
  endfacet
  facet normal -0.77296 0.634455 0
    outer loop
      vertex 63.7592 -3.29673 0
      vertex 63.9668 -3.04381 3
      vertex 63.9668 -3.04381 0
    endloop
  endfacet
  facet normal -0.77296 0.634455 0
    outer loop
      vertex 63.9668 -3.04381 3
      vertex 63.7592 -3.29673 0
      vertex 63.7592 -3.29673 3
    endloop
  endfacet
  facet normal -0.0980208 0.995184 0
    outer loop
      vertex 60.6526 -4.95722 0
      vertex 60.327 -4.98929 3
      vertex 60.6526 -4.95722 3
    endloop
  endfacet
  facet normal -0.0980208 0.995184 0
    outer loop
      vertex 60.327 -4.98929 3
      vertex 60.6526 -4.95722 0
      vertex 60.327 -4.98929 0
    endloop
  endfacet
  facet normal -0.352262 -0.935901 0
    outer loop
      vertex 61.6072 4.73465 0
      vertex 61.9134 4.6194 3
      vertex 61.6072 4.73465 3
    endloop
  endfacet
  facet normal -0.352262 -0.935901 -0
    outer loop
      vertex 61.9134 4.6194 3
      vertex 61.6072 4.73465 0
      vertex 61.9134 4.6194 0
    endloop
  endfacet
  facet normal 0.471326 -0.881959 0
    outer loop
      vertex 57.5 4.33013 0
      vertex 57.7886 4.48436 3
      vertex 57.5 4.33013 3
    endloop
  endfacet
  facet normal 0.471326 -0.881959 0
    outer loop
      vertex 57.7886 4.48436 3
      vertex 57.5 4.33013 0
      vertex 57.7886 4.48436 0
    endloop
  endfacet
  facet normal -0.227114 0.973868 0
    outer loop
      vertex 61.2941 -4.82963 0
      vertex 60.9755 -4.90393 3
      vertex 61.2941 -4.82963 3
    endloop
  endfacet
  facet normal -0.227114 0.973868 0
    outer loop
      vertex 60.9755 -4.90393 3
      vertex 61.2941 -4.82963 0
      vertex 60.9755 -4.90393 0
    endloop
  endfacet
  facet normal -0.412753 -0.910843 0
    outer loop
      vertex 61.9134 4.6194 0
      vertex 62.2114 4.48436 3
      vertex 61.9134 4.6194 3
    endloop
  endfacet
  facet normal -0.412753 -0.910843 -0
    outer loop
      vertex 62.2114 4.48436 3
      vertex 61.9134 4.6194 0
      vertex 62.2114 4.48436 0
    endloop
  endfacet
  facet normal -0.528003 -0.849242 0
    outer loop
      vertex 62.5 4.33013 0
      vertex 62.7779 4.15735 3
      vertex 62.5 4.33013 3
    endloop
  endfacet
  facet normal -0.528003 -0.849242 -0
    outer loop
      vertex 62.7779 4.15735 3
      vertex 62.5 4.33013 0
      vertex 62.7779 4.15735 0
    endloop
  endfacet
  facet normal 0.0980208 0.995184 -0
    outer loop
      vertex 59.673 -4.98929 0
      vertex 59.3474 -4.95722 3
      vertex 59.673 -4.98929 3
    endloop
  endfacet
  facet normal 0.0980208 0.995184 0
    outer loop
      vertex 59.3474 -4.95722 3
      vertex 59.673 -4.98929 0
      vertex 59.3474 -4.95722 0
    endloop
  endfacet
  facet normal 0.77296 -0.634455 0
    outer loop
      vertex 56.0332 3.04381 3
      vertex 56.2408 3.29673 0
      vertex 56.2408 3.29673 3
    endloop
  endfacet
  facet normal 0.77296 -0.634455 0
    outer loop
      vertex 56.2408 3.29673 0
      vertex 56.0332 3.04381 3
      vertex 56.0332 3.04381 0
    endloop
  endfacet
  facet normal 0.162833 -0.986654 0
    outer loop
      vertex 59.0245 4.90393 0
      vertex 59.3474 4.95722 3
      vertex 59.0245 4.90393 3
    endloop
  endfacet
  facet normal 0.162833 -0.986654 0
    outer loop
      vertex 59.3474 4.95722 3
      vertex 59.0245 4.90393 0
      vertex 59.3474 4.95722 0
    endloop
  endfacet
  facet normal 0.0980208 -0.995184 0
    outer loop
      vertex 59.3474 4.95722 0
      vertex 59.673 4.98929 3
      vertex 59.3474 4.95722 3
    endloop
  endfacet
  facet normal 0.0980208 -0.995184 0
    outer loop
      vertex 59.673 4.98929 3
      vertex 59.3474 4.95722 0
      vertex 59.673 4.98929 0
    endloop
  endfacet
  facet normal 0.956922 -0.290347 0
    outer loop
      vertex 55.1704 1.2941 3
      vertex 55.2654 1.6072 0
      vertex 55.2654 1.6072 3
    endloop
  endfacet
  facet normal 0.956922 -0.290347 0
    outer loop
      vertex 55.2654 1.6072 0
      vertex 55.1704 1.2941 3
      vertex 55.1704 1.2941 0
    endloop
  endfacet
  facet normal 0.881843 -0.471543 0
    outer loop
      vertex 55.5156 2.21144 3
      vertex 55.6699 2.5 0
      vertex 55.6699 2.5 3
    endloop
  endfacet
  facet normal 0.881843 -0.471543 0
    outer loop
      vertex 55.6699 2.5 0
      vertex 55.5156 2.21144 3
      vertex 55.5156 2.21144 0
    endloop
  endfacet
  facet normal -0.528003 0.849242 0
    outer loop
      vertex 62.7779 -4.15735 0
      vertex 62.5 -4.33013 3
      vertex 62.7779 -4.15735 3
    endloop
  endfacet
  facet normal -0.528003 0.849242 0
    outer loop
      vertex 62.5 -4.33013 3
      vertex 62.7779 -4.15735 0
      vertex 62.5 -4.33013 0
    endloop
  endfacet
  facet normal 0.986642 -0.162902 0
    outer loop
      vertex 55.0428 0.652631 3
      vertex 55.0961 0.975451 0
      vertex 55.0961 0.975451 3
    endloop
  endfacet
  facet normal 0.986642 -0.162902 0
    outer loop
      vertex 55.0961 0.975451 0
      vertex 55.0428 0.652631 3
      vertex 55.0428 0.652631 0
    endloop
  endfacet
  facet normal 0.227114 -0.973868 0
    outer loop
      vertex 58.7059 4.82963 0
      vertex 59.0245 4.90393 3
      vertex 58.7059 4.82963 3
    endloop
  endfacet
  facet normal 0.227114 -0.973868 0
    outer loop
      vertex 59.0245 4.90393 3
      vertex 58.7059 4.82963 0
      vertex 59.0245 4.90393 0
    endloop
  endfacet
  facet normal 0.582556 0.812791 -0
    outer loop
      vertex 57.2221 -4.15735 0
      vertex 56.9562 -3.96677 3
      vertex 57.2221 -4.15735 3
    endloop
  endfacet
  facet normal 0.582556 0.812791 0
    outer loop
      vertex 56.9562 -3.96677 3
      vertex 57.2221 -4.15735 0
      vertex 56.9562 -3.96677 0
    endloop
  endfacet
  facet normal -0.973876 0.227081 0
    outer loop
      vertex 64.8296 -1.2941 0
      vertex 64.9039 -0.975451 3
      vertex 64.9039 -0.975451 0
    endloop
  endfacet
  facet normal -0.973876 0.227081 0
    outer loop
      vertex 64.9039 -0.975451 3
      vertex 64.8296 -1.2941 0
      vertex 64.8296 -1.2941 3
    endloop
  endfacet
  facet normal 0.729804 0.683656 0
    outer loop
      vertex 56.4645 -3.53553 3
      vertex 56.2408 -3.29673 0
      vertex 56.2408 -3.29673 3
    endloop
  endfacet
  facet normal 0.729804 0.683656 0
    outer loop
      vertex 56.2408 -3.29673 0
      vertex 56.4645 -3.53553 3
      vertex 56.4645 -3.53553 0
    endloop
  endfacet
  facet normal 0.812969 0.582308 0
    outer loop
      vertex 56.0332 -3.04381 3
      vertex 55.8427 -2.77785 0
      vertex 55.8427 -2.77785 3
    endloop
  endfacet
  facet normal 0.812969 0.582308 0
    outer loop
      vertex 55.8427 -2.77785 0
      vertex 56.0332 -3.04381 3
      vertex 56.0332 -3.04381 0
    endloop
  endfacet
  facet normal 0.881843 0.471543 0
    outer loop
      vertex 55.6699 -2.5 3
      vertex 55.5156 -2.21144 0
      vertex 55.5156 -2.21144 3
    endloop
  endfacet
  facet normal 0.881843 0.471543 0
    outer loop
      vertex 55.5156 -2.21144 0
      vertex 55.6699 -2.5 3
      vertex 55.6699 -2.5 0
    endloop
  endfacet
  facet normal -0.582556 -0.812791 0
    outer loop
      vertex 62.7779 4.15735 0
      vertex 63.0438 3.96677 3
      vertex 62.7779 4.15735 3
    endloop
  endfacet
  facet normal -0.582556 -0.812791 -0
    outer loop
      vertex 63.0438 3.96677 3
      vertex 62.7779 4.15735 0
      vertex 63.0438 3.96677 0
    endloop
  endfacet
  facet normal -0.812969 0.582308 0
    outer loop
      vertex 63.9668 -3.04381 0
      vertex 64.1573 -2.77785 3
      vertex 64.1573 -2.77785 0
    endloop
  endfacet
  facet normal -0.812969 0.582308 0
    outer loop
      vertex 64.1573 -2.77785 3
      vertex 63.9668 -3.04381 0
      vertex 63.9668 -3.04381 3
    endloop
  endfacet
  facet normal -0.0327347 -0.999464 0
    outer loop
      vertex 60 5 0
      vertex 60.327 4.98929 3
      vertex 60 5 3
    endloop
  endfacet
  facet normal -0.0327347 -0.999464 -0
    outer loop
      vertex 60.327 4.98929 3
      vertex 60 5 0
      vertex 60.327 4.98929 0
    endloop
  endfacet
  facet normal -0.471326 -0.881959 0
    outer loop
      vertex 62.2114 4.48436 0
      vertex 62.5 4.33013 3
      vertex 62.2114 4.48436 3
    endloop
  endfacet
  facet normal -0.471326 -0.881959 -0
    outer loop
      vertex 62.5 4.33013 3
      vertex 62.2114 4.48436 0
      vertex 62.5 4.33013 0
    endloop
  endfacet
  facet normal -0.290291 -0.956939 0
    outer loop
      vertex 61.2941 4.82963 0
      vertex 61.6072 4.73465 3
      vertex 61.2941 4.82963 3
    endloop
  endfacet
  facet normal -0.290291 -0.956939 -0
    outer loop
      vertex 61.6072 4.73465 3
      vertex 61.2941 4.82963 0
      vertex 61.6072 4.73465 0
    endloop
  endfacet
  facet normal 0.683608 -0.72985 0
    outer loop
      vertex 56.4645 3.53553 0
      vertex 56.7033 3.7592 3
      vertex 56.4645 3.53553 3
    endloop
  endfacet
  facet normal 0.683608 -0.72985 0
    outer loop
      vertex 56.7033 3.7592 3
      vertex 56.4645 3.53553 0
      vertex 56.7033 3.7592 0
    endloop
  endfacet
  facet normal -0.995176 0.0981068 0
    outer loop
      vertex 64.9572 -0.652631 0
      vertex 64.9893 -0.327015 3
      vertex 64.9893 -0.327015 0
    endloop
  endfacet
  facet normal -0.995176 0.0981068 0
    outer loop
      vertex 64.9893 -0.327015 3
      vertex 64.9572 -0.652631 0
      vertex 64.9572 -0.652631 3
    endloop
  endfacet
  facet normal -0.986642 0.162902 0
    outer loop
      vertex 64.9039 -0.975451 0
      vertex 64.9572 -0.652631 3
      vertex 64.9572 -0.652631 0
    endloop
  endfacet
  facet normal -0.986642 0.162902 0
    outer loop
      vertex 64.9572 -0.652631 3
      vertex 64.9039 -0.975451 0
      vertex 64.9039 -0.975451 3
    endloop
  endfacet
  facet normal -0.881843 0.471543 0
    outer loop
      vertex 64.3301 -2.5 0
      vertex 64.4844 -2.21144 3
      vertex 64.4844 -2.21144 0
    endloop
  endfacet
  facet normal -0.881843 0.471543 0
    outer loop
      vertex 64.4844 -2.21144 3
      vertex 64.3301 -2.5 0
      vertex 64.3301 -2.5 3
    endloop
  endfacet
  facet normal 0.935959 0.352108 0
    outer loop
      vertex 55.3806 -1.91342 3
      vertex 55.2654 -1.6072 0
      vertex 55.2654 -1.6072 3
    endloop
  endfacet
  facet normal 0.935959 0.352108 0
    outer loop
      vertex 55.2654 -1.6072 0
      vertex 55.3806 -1.91342 3
      vertex 55.3806 -1.91342 0
    endloop
  endfacet
  facet normal 0.956922 0.290347 0
    outer loop
      vertex 55.2654 -1.6072 3
      vertex 55.1704 -1.2941 0
      vertex 55.1704 -1.2941 3
    endloop
  endfacet
  facet normal 0.956922 0.290347 0
    outer loop
      vertex 55.1704 -1.2941 0
      vertex 55.2654 -1.6072 3
      vertex 55.2654 -1.6072 0
    endloop
  endfacet
  facet normal 0.63443 0.77298 -0
    outer loop
      vertex 56.9562 -3.96677 0
      vertex 56.7033 -3.7592 3
      vertex 56.9562 -3.96677 3
    endloop
  endfacet
  facet normal 0.63443 0.77298 0
    outer loop
      vertex 56.7033 -3.7592 3
      vertex 56.9562 -3.96677 0
      vertex 56.7033 -3.7592 0
    endloop
  endfacet
  facet normal -0.63443 -0.77298 0
    outer loop
      vertex 63.0438 3.96677 0
      vertex 63.2967 3.7592 3
      vertex 63.0438 3.96677 3
    endloop
  endfacet
  facet normal -0.63443 -0.77298 -0
    outer loop
      vertex 63.2967 3.7592 3
      vertex 63.0438 3.96677 0
      vertex 63.2967 3.7592 0
    endloop
  endfacet
  facet normal 0.995176 0.0981068 0
    outer loop
      vertex 55.0428 -0.652631 3
      vertex 55.0107 -0.327015 0
      vertex 55.0107 -0.327015 3
    endloop
  endfacet
  facet normal 0.995176 0.0981068 0
    outer loop
      vertex 55.0107 -0.327015 0
      vertex 55.0428 -0.652631 3
      vertex 55.0428 -0.652631 0
    endloop
  endfacet
  facet normal 0.290291 -0.956939 0
    outer loop
      vertex 58.3928 4.73465 0
      vertex 58.7059 4.82963 3
      vertex 58.3928 4.73465 3
    endloop
  endfacet
  facet normal 0.290291 -0.956939 0
    outer loop
      vertex 58.7059 4.82963 3
      vertex 58.3928 4.73465 0
      vertex 58.7059 4.82963 0
    endloop
  endfacet
  facet normal -0.999465 0.0327027 0
    outer loop
      vertex 64.9893 -0.327015 0
      vertex 65 0 3
      vertex 65 0 0
    endloop
  endfacet
  facet normal -0.999465 0.0327027 0
    outer loop
      vertex 65 0 3
      vertex 64.9893 -0.327015 0
      vertex 64.9893 -0.327015 3
    endloop
  endfacet
  facet normal -0.77296 -0.634455 0
    outer loop
      vertex 63.9668 3.04381 0
      vertex 63.7592 3.29673 3
      vertex 63.7592 3.29673 0
    endloop
  endfacet
  facet normal -0.77296 -0.634455 0
    outer loop
      vertex 63.7592 3.29673 3
      vertex 63.9668 3.04381 0
      vertex 63.9668 3.04381 3
    endloop
  endfacet
  facet normal -0.0327347 0.999464 0
    outer loop
      vertex 60.327 -4.98929 0
      vertex 60 -5 3
      vertex 60.327 -4.98929 3
    endloop
  endfacet
  facet normal -0.0327347 0.999464 0
    outer loop
      vertex 60 -5 3
      vertex 60.327 -4.98929 0
      vertex 60 -5 0
    endloop
  endfacet
  facet normal -0.881843 -0.471543 0
    outer loop
      vertex 64.4844 2.21144 0
      vertex 64.3301 2.5 3
      vertex 64.3301 2.5 0
    endloop
  endfacet
  facet normal -0.881843 -0.471543 0
    outer loop
      vertex 64.3301 2.5 3
      vertex 64.4844 2.21144 0
      vertex 64.4844 2.21144 3
    endloop
  endfacet
  facet normal -0.412753 0.910843 0
    outer loop
      vertex 62.2114 -4.48436 0
      vertex 61.9134 -4.6194 3
      vertex 62.2114 -4.48436 3
    endloop
  endfacet
  facet normal -0.412753 0.910843 0
    outer loop
      vertex 61.9134 -4.6194 3
      vertex 62.2114 -4.48436 0
      vertex 61.9134 -4.6194 0
    endloop
  endfacet
  facet normal 0.973876 0.227081 0
    outer loop
      vertex 55.1704 -1.2941 3
      vertex 55.0961 -0.975451 0
      vertex 55.0961 -0.975451 3
    endloop
  endfacet
  facet normal 0.973876 0.227081 0
    outer loop
      vertex 55.0961 -0.975451 0
      vertex 55.1704 -1.2941 3
      vertex 55.1704 -1.2941 0
    endloop
  endfacet
  facet normal 0.729804 -0.683656 0
    outer loop
      vertex 56.2408 3.29673 3
      vertex 56.4645 3.53553 0
      vertex 56.4645 3.53553 3
    endloop
  endfacet
  facet normal 0.729804 -0.683656 0
    outer loop
      vertex 56.4645 3.53553 0
      vertex 56.2408 3.29673 3
      vertex 56.2408 3.29673 0
    endloop
  endfacet
  facet normal -0.683608 -0.72985 0
    outer loop
      vertex 63.2967 3.7592 0
      vertex 63.5355 3.53553 3
      vertex 63.2967 3.7592 3
    endloop
  endfacet
  facet normal -0.683608 -0.72985 -0
    outer loop
      vertex 63.5355 3.53553 3
      vertex 63.2967 3.7592 0
      vertex 63.5355 3.53553 0
    endloop
  endfacet
  facet normal 0.77296 0.634455 0
    outer loop
      vertex 56.2408 -3.29673 3
      vertex 56.0332 -3.04381 0
      vertex 56.0332 -3.04381 3
    endloop
  endfacet
  facet normal 0.77296 0.634455 0
    outer loop
      vertex 56.0332 -3.04381 0
      vertex 56.2408 -3.29673 3
      vertex 56.2408 -3.29673 0
    endloop
  endfacet
  facet normal 0.9109 0.412628 0
    outer loop
      vertex 55.5156 -2.21144 3
      vertex 55.3806 -1.91342 0
      vertex 55.3806 -1.91342 3
    endloop
  endfacet
  facet normal 0.9109 0.412628 0
    outer loop
      vertex 55.3806 -1.91342 0
      vertex 55.5156 -2.21144 3
      vertex 55.5156 -2.21144 0
    endloop
  endfacet
  facet normal -0.9109 -0.412628 0
    outer loop
      vertex 64.6194 1.91342 0
      vertex 64.4844 2.21144 3
      vertex 64.4844 2.21144 0
    endloop
  endfacet
  facet normal -0.9109 -0.412628 0
    outer loop
      vertex 64.4844 2.21144 3
      vertex 64.6194 1.91342 0
      vertex 64.6194 1.91342 3
    endloop
  endfacet
  facet normal -0.352262 0.935901 0
    outer loop
      vertex 61.9134 -4.6194 0
      vertex 61.6072 -4.73465 3
      vertex 61.9134 -4.6194 3
    endloop
  endfacet
  facet normal -0.352262 0.935901 0
    outer loop
      vertex 61.6072 -4.73465 3
      vertex 61.9134 -4.6194 0
      vertex 61.6072 -4.73465 0
    endloop
  endfacet
  facet normal -0.729804 -0.683656 0
    outer loop
      vertex 63.7592 3.29673 0
      vertex 63.5355 3.53553 3
      vertex 63.5355 3.53553 0
    endloop
  endfacet
  facet normal -0.729804 -0.683656 0
    outer loop
      vertex 63.5355 3.53553 3
      vertex 63.7592 3.29673 0
      vertex 63.7592 3.29673 3
    endloop
  endfacet
  facet normal 0.0327347 0.999464 -0
    outer loop
      vertex 60 -5 0
      vertex 59.673 -4.98929 3
      vertex 60 -5 3
    endloop
  endfacet
  facet normal 0.0327347 0.999464 0
    outer loop
      vertex 59.673 -4.98929 3
      vertex 60 -5 0
      vertex 59.673 -4.98929 0
    endloop
  endfacet
  facet normal 0.849172 0.528116 0
    outer loop
      vertex 55.8427 -2.77785 3
      vertex 55.6699 -2.5 0
      vertex 55.6699 -2.5 3
    endloop
  endfacet
  facet normal 0.849172 0.528116 0
    outer loop
      vertex 55.6699 -2.5 0
      vertex 55.8427 -2.77785 3
      vertex 55.8427 -2.77785 0
    endloop
  endfacet
  facet normal 0.227114 0.973868 -0
    outer loop
      vertex 59.0245 -4.90393 0
      vertex 58.7059 -4.82963 3
      vertex 59.0245 -4.90393 3
    endloop
  endfacet
  facet normal 0.227114 0.973868 0
    outer loop
      vertex 58.7059 -4.82963 3
      vertex 59.0245 -4.90393 0
      vertex 58.7059 -4.82963 0
    endloop
  endfacet
  facet normal -0.162833 0.986654 0
    outer loop
      vertex 60.9755 -4.90393 0
      vertex 60.6526 -4.95722 3
      vertex 60.9755 -4.90393 3
    endloop
  endfacet
  facet normal -0.162833 0.986654 0
    outer loop
      vertex 60.6526 -4.95722 3
      vertex 60.9755 -4.90393 0
      vertex 60.6526 -4.95722 0
    endloop
  endfacet
  facet normal 0.0327347 -0.999464 0
    outer loop
      vertex 59.673 4.98929 0
      vertex 60 5 3
      vertex 59.673 4.98929 3
    endloop
  endfacet
  facet normal 0.0327347 -0.999464 0
    outer loop
      vertex 60 5 3
      vertex 59.673 4.98929 0
      vertex 60 5 0
    endloop
  endfacet
  facet normal 0.290291 0.956939 -0
    outer loop
      vertex 58.7059 -4.82963 0
      vertex 58.3928 -4.73465 3
      vertex 58.7059 -4.82963 3
    endloop
  endfacet
  facet normal 0.290291 0.956939 0
    outer loop
      vertex 58.3928 -4.73465 3
      vertex 58.7059 -4.82963 0
      vertex 58.3928 -4.73465 0
    endloop
  endfacet
  facet normal -0.290291 0.956939 0
    outer loop
      vertex 61.6072 -4.73465 0
      vertex 61.2941 -4.82963 3
      vertex 61.6072 -4.73465 3
    endloop
  endfacet
  facet normal -0.290291 0.956939 0
    outer loop
      vertex 61.2941 -4.82963 3
      vertex 61.6072 -4.73465 0
      vertex 61.2941 -4.82963 0
    endloop
  endfacet
  facet normal -0.935959 -0.352108 0
    outer loop
      vertex 64.7346 1.6072 0
      vertex 64.6194 1.91342 3
      vertex 64.6194 1.91342 0
    endloop
  endfacet
  facet normal -0.935959 -0.352108 0
    outer loop
      vertex 64.6194 1.91342 3
      vertex 64.7346 1.6072 0
      vertex 64.7346 1.6072 3
    endloop
  endfacet
  facet normal -0.471326 0.881959 0
    outer loop
      vertex 62.5 -4.33013 0
      vertex 62.2114 -4.48436 3
      vertex 62.5 -4.33013 3
    endloop
  endfacet
  facet normal -0.471326 0.881959 0
    outer loop
      vertex 62.2114 -4.48436 3
      vertex 62.5 -4.33013 0
      vertex 62.2114 -4.48436 0
    endloop
  endfacet
  facet normal -0.973876 -0.227081 0
    outer loop
      vertex 64.9039 0.975451 0
      vertex 64.8296 1.2941 3
      vertex 64.8296 1.2941 0
    endloop
  endfacet
  facet normal -0.973876 -0.227081 0
    outer loop
      vertex 64.8296 1.2941 3
      vertex 64.9039 0.975451 0
      vertex 64.9039 0.975451 3
    endloop
  endfacet
  facet normal -0.849172 0.528116 0
    outer loop
      vertex 64.1573 -2.77785 0
      vertex 64.3301 -2.5 3
      vertex 64.3301 -2.5 0
    endloop
  endfacet
  facet normal -0.849172 0.528116 0
    outer loop
      vertex 64.3301 -2.5 3
      vertex 64.1573 -2.77785 0
      vertex 64.1573 -2.77785 3
    endloop
  endfacet
  facet normal 0.412753 -0.910843 0
    outer loop
      vertex 57.7886 4.48436 0
      vertex 58.0866 4.6194 3
      vertex 57.7886 4.48436 3
    endloop
  endfacet
  facet normal 0.412753 -0.910843 0
    outer loop
      vertex 58.0866 4.6194 3
      vertex 57.7886 4.48436 0
      vertex 58.0866 4.6194 0
    endloop
  endfacet
  facet normal -0.0980208 -0.995184 0
    outer loop
      vertex 60.327 4.98929 0
      vertex 60.6526 4.95722 3
      vertex 60.327 4.98929 3
    endloop
  endfacet
  facet normal -0.0980208 -0.995184 -0
    outer loop
      vertex 60.6526 4.95722 3
      vertex 60.327 4.98929 0
      vertex 60.6526 4.95722 0
    endloop
  endfacet
  facet normal -0.227114 -0.973868 0
    outer loop
      vertex 60.9755 4.90393 0
      vertex 61.2941 4.82963 3
      vertex 60.9755 4.90393 3
    endloop
  endfacet
  facet normal -0.227114 -0.973868 -0
    outer loop
      vertex 61.2941 4.82963 3
      vertex 60.9755 4.90393 0
      vertex 61.2941 4.82963 0
    endloop
  endfacet
  facet normal -0.935959 0.352108 0
    outer loop
      vertex 64.6194 -1.91342 0
      vertex 64.7346 -1.6072 3
      vertex 64.7346 -1.6072 0
    endloop
  endfacet
  facet normal -0.935959 0.352108 0
    outer loop
      vertex 64.7346 -1.6072 3
      vertex 64.6194 -1.91342 0
      vertex 64.6194 -1.91342 3
    endloop
  endfacet
  facet normal 0.9109 -0.412628 0
    outer loop
      vertex 55.3806 1.91342 3
      vertex 55.5156 2.21144 0
      vertex 55.5156 2.21144 3
    endloop
  endfacet
  facet normal 0.9109 -0.412628 0
    outer loop
      vertex 55.5156 2.21144 0
      vertex 55.3806 1.91342 3
      vertex 55.3806 1.91342 0
    endloop
  endfacet
  facet normal -0.986642 -0.162902 0
    outer loop
      vertex 64.9572 0.652631 0
      vertex 64.9039 0.975451 3
      vertex 64.9039 0.975451 0
    endloop
  endfacet
  facet normal -0.986642 -0.162902 0
    outer loop
      vertex 64.9039 0.975451 3
      vertex 64.9572 0.652631 0
      vertex 64.9572 0.652631 3
    endloop
  endfacet
  facet normal -0.582556 0.812791 0
    outer loop
      vertex 63.0438 -3.96677 0
      vertex 62.7779 -4.15735 3
      vertex 63.0438 -3.96677 3
    endloop
  endfacet
  facet normal -0.582556 0.812791 0
    outer loop
      vertex 62.7779 -4.15735 3
      vertex 63.0438 -3.96677 0
      vertex 62.7779 -4.15735 0
    endloop
  endfacet
  facet normal 0.999465 -0.0327027 0
    outer loop
      vertex 55 0 3
      vertex 55.0107 0.327015 0
      vertex 55.0107 0.327015 3
    endloop
  endfacet
  facet normal 0.999465 -0.0327027 0
    outer loop
      vertex 55.0107 0.327015 0
      vertex 55 0 3
      vertex 55 0 0
    endloop
  endfacet
  facet normal 0.352262 -0.935901 0
    outer loop
      vertex 58.0866 4.6194 0
      vertex 58.3928 4.73465 3
      vertex 58.0866 4.6194 3
    endloop
  endfacet
  facet normal 0.352262 -0.935901 0
    outer loop
      vertex 58.3928 4.73465 3
      vertex 58.0866 4.6194 0
      vertex 58.3928 4.73465 0
    endloop
  endfacet
  facet normal 0.63443 -0.77298 0
    outer loop
      vertex 56.7033 3.7592 0
      vertex 56.9562 3.96677 3
      vertex 56.7033 3.7592 3
    endloop
  endfacet
  facet normal 0.63443 -0.77298 0
    outer loop
      vertex 56.9562 3.96677 3
      vertex 56.7033 3.7592 0
      vertex 56.9562 3.96677 0
    endloop
  endfacet
  facet normal 0.812969 -0.582308 0
    outer loop
      vertex 55.8427 2.77785 3
      vertex 56.0332 3.04381 0
      vertex 56.0332 3.04381 3
    endloop
  endfacet
  facet normal 0.812969 -0.582308 0
    outer loop
      vertex 56.0332 3.04381 0
      vertex 55.8427 2.77785 3
      vertex 55.8427 2.77785 0
    endloop
  endfacet
  facet normal 0.995176 -0.0981068 0
    outer loop
      vertex 55.0107 0.327015 3
      vertex 55.0428 0.652631 0
      vertex 55.0428 0.652631 3
    endloop
  endfacet
  facet normal 0.995176 -0.0981068 0
    outer loop
      vertex 55.0428 0.652631 0
      vertex 55.0107 0.327015 3
      vertex 55.0107 0.327015 0
    endloop
  endfacet
  facet normal -0.729804 0.683656 0
    outer loop
      vertex 63.5355 -3.53553 0
      vertex 63.7592 -3.29673 3
      vertex 63.7592 -3.29673 0
    endloop
  endfacet
  facet normal -0.729804 0.683656 0
    outer loop
      vertex 63.7592 -3.29673 3
      vertex 63.5355 -3.53553 0
      vertex 63.5355 -3.53553 3
    endloop
  endfacet
  facet normal 0.973876 -0.227081 0
    outer loop
      vertex 55.0961 0.975451 3
      vertex 55.1704 1.2941 0
      vertex 55.1704 1.2941 3
    endloop
  endfacet
  facet normal 0.973876 -0.227081 0
    outer loop
      vertex 55.1704 1.2941 0
      vertex 55.0961 0.975451 3
      vertex 55.0961 0.975451 0
    endloop
  endfacet
  facet normal 0.162833 0.986654 -0
    outer loop
      vertex 59.3474 -4.95722 0
      vertex 59.0245 -4.90393 3
      vertex 59.3474 -4.95722 3
    endloop
  endfacet
  facet normal 0.162833 0.986654 0
    outer loop
      vertex 59.0245 -4.90393 3
      vertex 59.3474 -4.95722 0
      vertex 59.0245 -4.90393 0
    endloop
  endfacet
  facet normal 0.683608 0.72985 -0
    outer loop
      vertex 56.7033 -3.7592 0
      vertex 56.4645 -3.53553 3
      vertex 56.7033 -3.7592 3
    endloop
  endfacet
  facet normal 0.683608 0.72985 0
    outer loop
      vertex 56.4645 -3.53553 3
      vertex 56.7033 -3.7592 0
      vertex 56.4645 -3.53553 0
    endloop
  endfacet
  facet normal 0.528003 0.849242 -0
    outer loop
      vertex 57.5 -4.33013 0
      vertex 57.2221 -4.15735 3
      vertex 57.5 -4.33013 3
    endloop
  endfacet
  facet normal 0.528003 0.849242 0
    outer loop
      vertex 57.2221 -4.15735 3
      vertex 57.5 -4.33013 0
      vertex 57.2221 -4.15735 0
    endloop
  endfacet
  facet normal -0.63443 0.77298 0
    outer loop
      vertex 63.2967 -3.7592 0
      vertex 63.0438 -3.96677 3
      vertex 63.2967 -3.7592 3
    endloop
  endfacet
  facet normal -0.63443 0.77298 0
    outer loop
      vertex 63.0438 -3.96677 3
      vertex 63.2967 -3.7592 0
      vertex 63.0438 -3.96677 0
    endloop
  endfacet
  facet normal 0.935959 -0.352108 0
    outer loop
      vertex 55.2654 1.6072 3
      vertex 55.3806 1.91342 0
      vertex 55.3806 1.91342 3
    endloop
  endfacet
  facet normal 0.935959 -0.352108 0
    outer loop
      vertex 55.3806 1.91342 0
      vertex 55.2654 1.6072 3
      vertex 55.2654 1.6072 0
    endloop
  endfacet
  facet normal 0.849172 -0.528116 0
    outer loop
      vertex 55.6699 2.5 3
      vertex 55.8427 2.77785 0
      vertex 55.8427 2.77785 3
    endloop
  endfacet
  facet normal 0.849172 -0.528116 0
    outer loop
      vertex 55.8427 2.77785 0
      vertex 55.6699 2.5 3
      vertex 55.6699 2.5 0
    endloop
  endfacet
  facet normal -0.9109 0.412628 0
    outer loop
      vertex 64.4844 -2.21144 0
      vertex 64.6194 -1.91342 3
      vertex 64.6194 -1.91342 0
    endloop
  endfacet
  facet normal -0.9109 0.412628 0
    outer loop
      vertex 64.6194 -1.91342 3
      vertex 64.4844 -2.21144 0
      vertex 64.4844 -2.21144 3
    endloop
  endfacet
  facet normal -0.683608 0.72985 0
    outer loop
      vertex 63.5355 -3.53553 0
      vertex 63.2967 -3.7592 3
      vertex 63.5355 -3.53553 3
    endloop
  endfacet
  facet normal -0.683608 0.72985 0
    outer loop
      vertex 63.2967 -3.7592 3
      vertex 63.5355 -3.53553 0
      vertex 63.2967 -3.7592 0
    endloop
  endfacet
  facet normal 0.999465 0.0327027 0
    outer loop
      vertex 55.0107 -0.327015 3
      vertex 55 0 0
      vertex 55 0 3
    endloop
  endfacet
  facet normal 0.999465 0.0327027 0
    outer loop
      vertex 55 0 0
      vertex 55.0107 -0.327015 3
      vertex 55.0107 -0.327015 0
    endloop
  endfacet
  facet normal 0.412753 0.910843 -0
    outer loop
      vertex 58.0866 -4.6194 0
      vertex 57.7886 -4.48436 3
      vertex 58.0866 -4.6194 3
    endloop
  endfacet
  facet normal 0.412753 0.910843 0
    outer loop
      vertex 57.7886 -4.48436 3
      vertex 58.0866 -4.6194 0
      vertex 57.7886 -4.48436 0
    endloop
  endfacet
  facet normal 0.352262 0.935901 -0
    outer loop
      vertex 58.3928 -4.73465 0
      vertex 58.0866 -4.6194 3
      vertex 58.3928 -4.73465 3
    endloop
  endfacet
  facet normal 0.352262 0.935901 0
    outer loop
      vertex 58.0866 -4.6194 3
      vertex 58.3928 -4.73465 0
      vertex 58.0866 -4.6194 0
    endloop
  endfacet
  facet normal 0.528003 -0.849242 0
    outer loop
      vertex 57.2221 4.15735 0
      vertex 57.5 4.33013 3
      vertex 57.2221 4.15735 3
    endloop
  endfacet
  facet normal 0.528003 -0.849242 0
    outer loop
      vertex 57.5 4.33013 3
      vertex 57.2221 4.15735 0
      vertex 57.5 4.33013 0
    endloop
  endfacet
  facet normal 0.471326 0.881959 -0
    outer loop
      vertex 57.7886 -4.48436 0
      vertex 57.5 -4.33013 3
      vertex 57.7886 -4.48436 3
    endloop
  endfacet
  facet normal 0.471326 0.881959 0
    outer loop
      vertex 57.5 -4.33013 3
      vertex 57.7886 -4.48436 0
      vertex 57.5 -4.33013 0
    endloop
  endfacet
endsolid OpenSCAD_Model
